datetime,Open,High,Low,Close
2024-03-27 09:15:00,22011.175,22104.7,22011.175,22078.325
2024-03-27 09:30:00,22077.875,22124.95,22077.875,22110.6625
2024-03-27 09:45:00,22107.85,22135.35,22103.0,22121.175
2024-03-27 10:00:00,22123.175,22161.15,22123.175,22143.45
2024-03-27 10:15:00,22139.775,22157.65,22137.7,22145.4875
2024-03-27 10:30:00,22143.3,22163.05,22133.0,22148.65
2024-03-27 10:45:00,22149.275,22159.5,22135.15,22150.55
2024-03-27 11:00:00,22153.775,22172.4,22142.5,22155.0125
2024-03-27 11:15:00,22152.575,22170.4,22152.575,22162.725
2024-03-27 11:30:00,22162.375,22182.1,22154.3,22168.5
2024-03-27 11:45:00,22168.8,22183.35,22167.65,22173.425
2024-03-27 12:00:00,22171.35,22178.15,22154.25,22167.5
2024-03-27 12:15:00,22168.8,22175.2,22157.55,22163.75
2024-03-27 12:30:00,22161.125,22168.6,22152.5,22159.45
2024-03-27 12:45:00,22158.35,22174.15,22156.5,22165.075
2024-03-27 13:00:00,22164.825,22176.45,22148.0,22163.025
2024-03-27 13:15:00,22163.825,22172.3,22159.1,22164.375
2024-03-27 13:30:00,22163.05,22183.4,22163.05,22173.5375
2024-03-27 13:45:00,22173.25,22193.6,22171.9,22181.175
2024-03-27 14:00:00,22179.6,22191.35,22173.7,22182.9125
2024-03-27 14:15:00,22183.3,22191.4,22174.65,22182.475
2024-03-27 14:30:00,22181.925,22181.925,22159.45,22170.475
2024-03-27 14:45:00,22172.225,22172.45,22152.0,22161.8375
2024-03-27 15:00:00,22161.45,22161.45,22093.3,22129.375
2024-03-27 15:15:00,22134.95,22159.35,22109.65,22133.5
2024-03-28 09:15:00,22132.5,22224.6,22132.5,22192.375
2024-03-28 09:30:00,22190.65,22263.55,22190.65,22236.1
2024-03-28 09:45:00,22237.65,22316.8,22237.65,22281.7625
2024-03-28 10:00:00,22279.1,22317.5,22279.1,22304.35
2024-03-28 10:15:00,22303.425,22326.3,22281.85,22299.8875
2024-03-28 10:30:00,22295.7,22368.4,22278.5,22322.2875
2024-03-28 10:45:00,22321.125,22364.95,22321.125,22352.075
2024-03-28 11:00:00,22350.575,22370.85,22345.55,22357.4875
2024-03-28 11:15:00,22356.775,22373.5,22344.4,22363.4875
2024-03-28 11:30:00,22368.025,22370.7,22352.6,22362.9125
2024-03-28 11:45:00,22364.175,22370.35,22321.05,22345.5125
2024-03-28 12:00:00,22345.325,22345.45,22325.65,22334.5375
2024-03-28 12:15:00,22333.525,22364.7,22327.5,22345.05
2024-03-28 12:30:00,22344.0,22424.35,22344.0,22386.2625
2024-03-28 12:45:00,22384.975,22434.85,22384.975,22413.1625
2024-03-28 13:00:00,22408.725,22418.75,22397.85,22407.6
2024-03-28 13:15:00,22406.9,22426.45,22406.45,22413.925
2024-03-28 13:30:00,22411.4,22429.85,22405.95,22416.125
2024-03-28 13:45:00,22414.35,22444.5,22413.55,22426.8375
2024-03-28 14:00:00,22424.65,22474.75,22424.65,22450.7
2024-03-28 14:15:00,22450.925,22496.7,22450.925,22478.0375
2024-03-28 14:30:00,22477.65,22516.0,22472.4,22494.6375
2024-03-28 14:45:00,22495.075,22503.45,22416.05,22459.7375
2024-03-28 15:00:00,22459.725,22459.725,22264.95,22343.6125
2024-03-28 15:15:00,22344.6,22344.6,22264.65,22305.4125
2024-04-01 09:15:00,22306.65,22519.0,22306.65,22477.8
2024-04-01 09:30:00,22474.425,22529.95,22467.3,22493.4
2024-04-01 09:45:00,22488.175,22523.3,22475.9,22500.9125
2024-04-01 10:00:00,22502.225,22524.4,22495.3,22510.7375
2024-04-01 10:15:00,22511.625,22512.75,22488.3,22501.225
2024-04-01 10:30:00,22501.925,22506.5,22488.75,22496.925
2024-04-01 10:45:00,22496.225,22497.1,22467.95,22483.5375
2024-04-01 11:00:00,22484.55,22484.55,22453.3,22472.1375
2024-04-01 11:15:00,22477.45,22491.5,22477.45,22482.6375
2024-04-01 11:30:00,22480.775,22487.2,22459.7,22474.2
2024-04-01 11:45:00,22474.95,22482.3,22463.7,22473.625
2024-04-01 12:00:00,22474.25,22489.05,22462.2,22474.1125
2024-04-01 12:15:00,22472.6,22483.25,22461.0,22469.95
2024-04-01 12:30:00,22467.775,22479.85,22467.775,22474.2875
2024-04-01 12:45:00,22473.625,22475.05,22449.85,22465.175
2024-04-01 13:00:00,22467.9,22467.9,22427.75,22450.0
2024-04-01 13:15:00,22453.975,22461.25,22445.65,22452.6625
2024-04-01 13:30:00,22451.875,22472.3,22451.875,22461.5375
2024-04-01 13:45:00,22458.875,22463.6,22445.05,22456.8875
2024-04-01 14:00:00,22459.45,22473.3,22453.75,22460.425
2024-04-01 14:15:00,22457.325,22467.5,22450.5,22458.825
2024-04-01 14:30:00,22458.65,22466.05,22434.15,22449.6625
2024-04-01 14:45:00,22449.225,22462.55,22433.5,22447.2625
2024-04-01 15:00:00,22446.5,22466.95,22446.5,22459.25
2024-04-01 15:15:00,22461.2,22477.7,22456.5,22467.2125
2024-04-02 09:15:00,22467.325,22468.1,22414.35,22446.4
2024-04-02 09:30:00,22451.575,22497.6,22441.4,22465.65
2024-04-02 09:45:00,22461.8,22483.7,22428.7,22455.6625
2024-04-02 10:00:00,22455.125,22455.4,22428.65,22436.875
2024-04-02 10:15:00,22431.725,22448.35,22421.55,22433.5125
2024-04-02 10:30:00,22432.075,22438.3,22409.35,22425.5125
2024-04-02 10:45:00,22427.2,22434.05,22399.1,22414.675
2024-04-02 11:00:00,22412.775,22436.35,22388.15,22414.4375
2024-04-02 11:15:00,22416.625,22445.15,22416.4,22427.35
2024-04-02 11:30:00,22423.925,22436.8,22413.95,22423.625
2024-04-02 11:45:00,22421.875,22428.25,22416.4,22421.9375
2024-04-02 12:00:00,22421.55,22427.55,22414.4,22420.9875
2024-04-02 12:15:00,22421.0,22429.95,22416.55,22422.775
2024-04-02 12:30:00,22422.3,22432.05,22420.5,22425.275
2024-04-02 12:45:00,22424.275,22432.15,22418.65,22425.1375
2024-04-02 13:00:00,22424.875,22424.875,22408.2,22415.7625
2024-04-02 13:15:00,22415.05,22417.2,22393.05,22408.8125
2024-04-02 13:30:00,22412.5,22423.15,22412.5,22416.6125
2024-04-02 13:45:00,22414.95,22421.85,22404.2,22411.225
2024-04-02 14:00:00,22409.425,22420.6,22400.6,22410.0375
2024-04-02 14:15:00,22409.475,22427.15,22409.475,22418.5125
2024-04-02 14:30:00,22418.4,22432.95,22412.85,22421.9625
2024-04-02 14:45:00,22421.025,22436.95,22420.45,22427.775
2024-04-02 15:00:00,22426.85,22461.55,22426.85,22444.5375
2024-04-02 15:15:00,22442.325,22470.3,22442.325,22459.25
2024-04-03 09:15:00,22457.875,22457.875,22346.5,22376.05
2024-04-03 09:30:00,22374.825,22383.75,22358.9,22368.225
2024-04-03 09:45:00,22365.125,22398.05,22362.2,22380.5
2024-04-03 10:00:00,22380.875,22457.65,22380.875,22420.8625
2024-04-03 10:15:00,22420.7,22466.65,22420.7,22452.425
2024-04-03 10:30:00,22450.85,22463.45,22445.2,22454.35
2024-04-03 10:45:00,22454.375,22457.1,22419.1,22444.1125
2024-04-03 11:00:00,22450.125,22453.2,22440.1,22446.475
2024-04-03 11:15:00,22446.3,22470.55,22445.3,22455.4625
2024-04-03 11:30:00,22453.0,22464.95,22448.75,22456.3125
2024-04-03 11:45:00,22455.775,22461.25,22445.1,22453.0
2024-04-03 12:00:00,22452.825,22480.7,22451.15,22466.3125
2024-04-03 12:15:00,22466.7,22494.6,22466.7,22482.475
2024-04-03 12:30:00,22481.775,22504.85,22481.775,22493.6375
2024-04-03 12:45:00,22493.675,22521.1,22493.675,22506.25
2024-04-03 13:00:00,22502.325,22504.95,22485.3,22494.55
2024-04-03 13:15:00,22493.975,22503.95,22484.5,22491.0
2024-04-03 13:30:00,22487.775,22508.75,22484.45,22494.775
2024-04-03 13:45:00,22492.95,22501.15,22472.45,22485.8875
2024-04-03 14:00:00,22484.975,22497.35,22459.1,22481.35
2024-04-03 14:15:00,22484.475,22500.75,22468.2,22484.7625
2024-04-03 14:30:00,22485.05,22485.05,22441.4,22460.9125
2024-04-03 14:45:00,22462.25,22462.25,22434.45,22445.9125
2024-04-03 15:00:00,22447.325,22459.0,22423.45,22439.9125
2024-04-03 15:15:00,22438.6,22447.1,22423.5,22436.725
2024-04-04 09:15:00,22438.15,22619.0,22438.15,22564.2625
2024-04-04 09:30:00,22558.15,22558.15,22451.6,22487.7625
2024-04-04 09:45:00,22487.275,22487.275,22382.9,22430.625
2024-04-04 10:00:00,22427.175,22446.95,22373.75,22399.0625
2024-04-04 10:15:00,22387.775,22450.3,22372.55,22404.125
2024-04-04 10:30:00,22396.825,22437.1,22396.825,22420.5375
2024-04-04 10:45:00,22417.9,22427.25,22303.8,22376.8375
2024-04-04 11:00:00,22388.15,22421.8,22338.25,22385.075
2024-04-04 11:15:00,22390.125,22427.85,22390.125,22414.25
2024-04-04 11:30:00,22413.45,22417.1,22350.85,22391.35
2024-04-04 11:45:00,22398.725,22418.55,22378.75,22394.1
2024-04-04 12:00:00,22389.55,22405.65,22376.5,22389.025
2024-04-04 12:15:00,22386.975,22399.85,22377.0,22388.925
2024-04-04 12:30:00,22389.425,22472.5,22389.425,22431.9125
2024-04-04 12:45:00,22431.025,22491.35,22431.025,22472.1375
2024-04-04 13:00:00,22469.175,22484.9,22456.1,22472.8875
2024-04-04 13:15:00,22475.275,22551.95,22470.4,22512.15
2024-04-04 13:30:00,22513.125,22580.2,22513.125,22551.375
2024-04-04 13:45:00,22544.0,22544.0,22493.3,22522.9125
2024-04-04 14:00:00,22528.325,22552.75,22515.85,22528.6875
2024-04-04 14:15:00,22523.075,22559.35,22523.075,22542.8
2024-04-04 14:30:00,22543.425,22564.95,22533.7,22554.6
2024-04-04 14:45:00,22559.875,22568.1,22513.75,22540.3375
2024-04-04 15:00:00,22539.75,22539.75,22486.7,22508.4875
2024-04-04 15:15:00,22513.4,22553.95,22506.65,22527.1125
2024-04-05 09:15:00,22523.925,22523.925,22427.6,22469.9625
2024-04-05 09:30:00,22477.95,22489.65,22441.95,22467.6875
2024-04-05 09:45:00,22469.575,22502.65,22468.05,22482.425
2024-04-05 10:00:00,22479.5,22491.9,22451.6,22476.4375
2024-04-05 10:15:00,22481.125,22507.3,22458.95,22483.35
2024-04-05 10:30:00,22483.575,22504.05,22479.8,22492.1625
2024-04-05 10:45:00,22492.4,22507.45,22486.8,22498.2875
2024-04-05 11:00:00,22499.45,22515.35,22493.7,22507.45
2024-04-05 11:15:00,22510.375,22517.1,22473.05,22498.05
2024-04-05 11:30:00,22501.025,22504.8,22485.45,22492.775
2024-04-05 11:45:00,22490.425,22505.4,22485.55,22496.125
2024-04-05 12:00:00,22496.775,22505.55,22489.95,22498.675
2024-04-05 12:15:00,22499.6,22511.85,22491.65,22501.6625
2024-04-05 12:30:00,22501.575,22509.5,22490.9,22499.525
2024-04-05 12:45:00,22498.85,22508.3,22486.75,22495.975
2024-04-05 13:00:00,22494.425,22496.35,22475.7,22487.9625
2024-04-05 13:15:00,22489.9,22500.65,22479.1,22491.025
2024-04-05 13:30:00,22492.175,22504.45,22486.55,22496.2
2024-04-05 13:45:00,22496.9,22510.95,22489.95,22500.975
2024-04-05 14:00:00,22501.5,22528.9,22501.5,22511.1625
2024-04-05 14:15:00,22506.5,22513.9,22498.8,22504.8875
2024-04-05 14:30:00,22503.425,22512.15,22487.25,22499.425
2024-04-05 14:45:00,22499.15,22507.4,22490.75,22499.4625
2024-04-05 15:00:00,22499.85,22521.1,22489.45,22508.125
2024-04-05 15:15:00,22510.975,22537.6,22501.5,22519.225
2024-04-08 09:15:00,22518.9,22594.95,22518.9,22576.4
2024-04-08 09:30:00,22580.15,22623.9,22580.15,22599.4875
2024-04-08 09:45:00,22595.5,22615.4,22588.25,22600.3125
2024-04-08 10:00:00,22598.8,22630.85,22586.6,22608.8125
2024-04-08 10:15:00,22608.9,22630.9,22605.9,22619.675
2024-04-08 10:30:00,22620.95,22630.35,22612.75,22619.4375
2024-04-08 10:45:00,22617.325,22634.3,22610.4,22623.425
2024-04-08 11:00:00,22624.5,22632.35,22618.0,22625.9875
2024-04-08 11:15:00,22626.8,22641.0,22622.3,22628.9375
2024-04-08 11:30:00,22626.225,22651.95,22625.55,22639.175
2024-04-08 11:45:00,22639.6,22652.05,22638.15,22646.8
2024-04-08 12:00:00,22648.5,22656.25,22641.6,22649.5
2024-04-08 12:15:00,22650.075,22663.15,22650.075,22657.05
2024-04-08 12:30:00,22656.95,22678.3,22656.95,22667.9875
2024-04-08 12:45:00,22667.35,22684.0,22667.35,22676.8
2024-04-08 13:00:00,22677.175,22696.5,22677.175,22687.9
2024-04-08 13:15:00,22688.125,22697.3,22634.15,22666.65
2024-04-08 13:30:00,22667.575,22675.3,22638.15,22655.9625
2024-04-08 13:45:00,22655.2,22671.7,22644.1,22660.5
2024-04-08 14:00:00,22663.1,22666.9,22642.15,22656.4625
2024-04-08 14:15:00,22658.4,22679.2,22658.4,22667.35
2024-04-08 14:30:00,22664.85,22688.25,22664.35,22671.7125
2024-04-08 14:45:00,22667.125,22676.35,22665.5,22670.6
2024-04-08 15:00:00,22670.275,22678.8,22655.45,22670.325
2024-04-08 15:15:00,22673.525,22674.35,22657.85,22666.075
2024-04-09 09:15:00,22666.05,22765.3,22666.05,22727.75
2024-04-09 09:30:00,22735.225,22735.225,22702.45,22717.6
2024-04-09 09:45:00,22717.425,22755.7,22717.425,22738.85
2024-04-09 10:00:00,22735.025,22759.35,22735.025,22746.525
2024-04-09 10:15:00,22743.95,22755.9,22733.5,22747.65
2024-04-09 10:30:00,22750.6,22768.4,22745.4,22756.3375
2024-04-09 10:45:00,22755.775,22760.75,22743.75,22752.9125
2024-04-09 11:00:00,22753.575,22753.575,22727.2,22739.075
2024-04-09 11:15:00,22738.05,22747.05,22727.1,22735.725
2024-04-09 11:30:00,22734.375,22757.5,22734.375,22743.3375
2024-04-09 11:45:00,22740.425,22748.8,22736.9,22743.8
2024-04-09 12:00:00,22744.75,22750.0,22708.85,22731.275
2024-04-09 12:15:00,22733.125,22733.125,22701.65,22715.625
2024-04-09 12:30:00,22716.675,22716.675,22668.95,22696.15
2024-04-09 12:45:00,22700.5,22706.55,22686.8,22694.6625
2024-04-09 13:00:00,22692.65,22700.0,22682.15,22691.0375
2024-04-09 13:15:00,22691.0,22691.0,22654.25,22675.1
2024-04-09 13:30:00,22680.15,22680.15,22651.35,22664.45
2024-04-09 13:45:00,22664.575,22664.575,22640.95,22652.55
2024-04-09 14:00:00,22652.475,22659.05,22616.1,22636.2375
2024-04-09 14:15:00,22634.9,22671.9,22612.25,22638.5875
2024-04-09 14:30:00,22635.1,22652.65,22619.4,22639.4875
2024-04-09 14:45:00,22642.95,22655.65,22633.35,22643.65
2024-04-09 15:00:00,22642.8,22652.3,22633.9,22644.7625
2024-04-09 15:15:00,22646.425,22652.35,22639.15,22643.9
2024-04-10 09:15:00,22642.05,22726.6,22642.05,22710.6125
2024-04-10 09:30:00,22718.575,22727.25,22702.3,22716.3375
2024-04-10 09:45:00,22717.9,22722.7,22683.7,22706.5625
2024-04-10 10:00:00,22709.925,22709.925,22680.35,22699.4125
2024-04-10 10:15:00,22704.575,22715.25,22690.35,22701.6375
2024-04-10 10:30:00,22700.475,22713.0,22692.8,22700.9
2024-04-10 10:45:00,22698.9,22706.1,22695.7,22702.225
2024-04-10 11:00:00,22703.55,22720.05,22702.3,22707.75
2024-04-10 11:15:00,22704.325,22707.45,22673.7,22691.9125
2024-04-10 11:30:00,22693.25,22698.25,22679.9,22686.025
2024-04-10 11:45:00,22682.975,22700.2,22678.8,22688.9
2024-04-10 12:00:00,22688.3,22708.45,22688.3,22699.5
2024-04-10 12:15:00,22699.175,22705.75,22691.4,22701.025
2024-04-10 12:30:00,22703.475,22707.6,22697.05,22702.1625
2024-04-10 12:45:00,22702.0,22704.85,22691.45,22699.3
2024-04-10 13:00:00,22700.45,22721.15,22694.55,22707.1375
2024-04-10 13:15:00,22706.425,22737.85,22706.425,22722.575
2024-04-10 13:30:00,22721.325,22744.45,22721.325,22735.0
2024-04-10 13:45:00,22735.3,22745.3,22711.15,22734.3
2024-04-10 14:00:00,22740.375,22741.2,22720.15,22730.1
2024-04-10 14:15:00,22729.525,22744.5,22718.3,22731.8375
2024-04-10 14:30:00,22732.275,22751.95,22732.2,22742.5375
2024-04-10 14:45:00,22743.0,22752.05,22729.85,22742.5375
2024-04-10 15:00:00,22744.125,22775.7,22741.15,22752.9125
2024-04-10 15:15:00,22747.4,22755.65,22730.6,22743.7625
2024-04-12 09:15:00,22744.4,22744.4,22657.2,22692.775
2024-04-12 09:30:00,22697.825,22726.45,22624.85,22676.625
2024-04-12 09:45:00,22677.6,22677.6,22632.5,22646.1375
2024-04-12 10:00:00,22644.2,22660.95,22626.5,22644.9875
2024-04-12 10:15:00,22646.25,22648.2,22627.65,22641.5625
2024-04-12 10:30:00,22645.2,22665.95,22641.4,22655.1875
2024-04-12 10:45:00,22656.7,22666.75,22650.0,22659.5625
2024-04-12 11:00:00,22660.75,22666.2,22651.1,22658.6375
2024-04-12 11:15:00,22658.625,22688.6,22656.1,22668.475
2024-04-12 11:30:00,22664.6,22682.7,22664.6,22676.275
2024-04-12 11:45:00,22676.725,22698.2,22676.725,22687.3875
2024-04-12 12:00:00,22685.975,22697.15,22682.3,22689.5375
2024-04-12 12:15:00,22689.35,22690.3,22581.9,22646.8625
2024-04-12 12:30:00,22657.625,22657.625,22553.55,22598.45
2024-04-12 12:45:00,22604.65,22604.65,22563.2,22579.9
2024-04-12 13:00:00,22584.2,22596.2,22544.2,22574.325
2024-04-12 13:15:00,22578.45,22591.5,22562.65,22576.6125
2024-04-12 13:30:00,22576.15,22590.35,22558.5,22574.5
2024-04-12 13:45:00,22574.575,22584.35,22559.8,22572.225
2024-04-12 14:00:00,22572.375,22582.4,22538.7,22561.425
2024-04-12 14:15:00,22562.3,22563.75,22537.95,22548.7
2024-04-12 14:30:00,22546.55,22562.5,22532.05,22544.0625
2024-04-12 14:45:00,22540.85,22549.0,22519.0,22536.8125
2024-04-12 15:00:00,22539.625,22549.05,22510.8,22530.3875
2024-04-12 15:15:00,22530.85,22530.85,22503.75,22515.75
2024-04-15 09:15:00,22517.6,22517.6,22302.5,22335.7875
2024-04-15 09:30:00,22333.55,22333.55,22263.55,22301.1375
2024-04-15 09:45:00,22304.325,22352.45,22279.25,22314.05
2024-04-15 10:00:00,22312.25,22377.5,22312.25,22353.8375
2024-04-15 10:15:00,22351.925,22385.4,22344.85,22364.7625
2024-04-15 10:30:00,22364.4,22384.0,22352.6,22370.8
2024-04-15 10:45:00,22373.3,22427.45,22373.3,22401.3625
2024-04-15 11:00:00,22401.9,22426.45,22361.2,22393.7375
2024-04-15 11:15:00,22393.65,22393.65,22357.75,22369.825
2024-04-15 11:30:00,22370.1,22387.85,22368.95,22376.95
2024-04-15 11:45:00,22375.5,22384.1,22355.9,22374.1375
2024-04-15 12:00:00,22378.275,22399.45,22373.85,22388.825
2024-04-15 12:15:00,22391.0,22404.05,22389.05,22395.35
2024-04-15 12:30:00,22394.15,22398.25,22364.4,22382.825
2024-04-15 12:45:00,22384.325,22385.65,22350.55,22366.775
2024-04-15 13:00:00,22365.45,22365.45,22321.6,22342.3625
2024-04-15 13:15:00,22345.625,22354.3,22333.2,22343.05
2024-04-15 13:30:00,22342.35,22351.55,22320.9,22338.3625
2024-04-15 13:45:00,22340.5,22353.9,22334.8,22341.9375
2024-04-15 14:00:00,22339.525,22353.8,22332.6,22341.0625
2024-04-15 14:15:00,22338.925,22343.25,22300.8,22321.2875
2024-04-15 14:30:00,22320.55,22328.85,22295.9,22310.55
2024-04-15 14:45:00,22308.725,22314.95,22289.25,22305.1125
2024-04-15 15:00:00,22308.125,22308.35,22259.55,22285.6625
2024-04-15 15:15:00,22287.375,22291.3,22262.55,22275.7
2024-04-16 09:15:00,22274.475,22274.475,22103.85,22151.6625
2024-04-16 09:30:00,22156.05,22209.75,22156.05,22190.2875
2024-04-16 09:45:00,22192.8,22202.9,22167.5,22191.6625
2024-04-16 10:00:00,22198.125,22213.75,22188.0,22197.8125
2024-04-16 10:15:00,22194.75,22194.75,22156.7,22182.65
2024-04-16 10:30:00,22190.725,22209.4,22184.6,22193.15
2024-04-16 10:45:00,22189.3,22201.9,22185.75,22193.6125
2024-04-16 11:00:00,22193.4,22201.05,22183.8,22196.15
2024-04-16 11:15:00,22199.875,22209.05,22182.9,22195.7
2024-04-16 11:30:00,22195.425,22198.3,22184.6,22190.1875
2024-04-16 11:45:00,22188.925,22189.35,22165.9,22177.575
2024-04-16 12:00:00,22177.525,22177.525,22149.95,22164.2375
2024-04-16 12:15:00,22167.8,22173.2,22139.35,22155.425
2024-04-16 12:30:00,22154.575,22154.575,22118.8,22132.875
2024-04-16 12:45:00,22130.425,22136.05,22113.75,22125.7
2024-04-16 13:00:00,22126.5,22131.45,22099.2,22115.325
2024-04-16 13:15:00,22115.325,22115.325,22079.45,22095.6375
2024-04-16 13:30:00,22099.7,22128.4,22090.7,22109.6625
2024-04-16 13:45:00,22109.775,22134.55,22109.775,22124.5125
2024-04-16 14:00:00,22124.625,22154.3,22123.85,22137.6625
2024-04-16 14:15:00,22136.25,22153.05,22119.9,22137.05
2024-04-16 14:30:00,22137.625,22146.05,22129.3,22136.2625
2024-04-16 14:45:00,22134.85,22138.4,22108.7,22126.575
2024-04-16 15:00:00,22129.6,22169.75,22116.6,22144.4875
2024-04-16 15:15:00,22145.8,22180.05,22145.8,22169.9
2024-04-18 09:15:00,22172.875,22270.65,22172.875,22239.8125
2024-04-18 09:30:00,22239.7,22267.75,22181.45,22229.025
2024-04-18 09:45:00,22233.45,22233.45,22172.2,22197.7875
2024-04-18 10:00:00,22203.525,22223.1,22163.45,22193.0875
2024-04-18 10:15:00,22192.9,22192.9,22153.8,22173.1125
2024-04-18 10:30:00,22176.6,22207.6,22159.7,22183.8
2024-04-18 10:45:00,22183.95,22194.35,22165.75,22186.2
2024-04-18 11:00:00,22192.35,22295.55,22190.75,22240.775
2024-04-18 11:15:00,22238.4,22293.4,22238.4,22281.6125
2024-04-18 11:30:00,22279.875,22296.35,22264.3,22280.05
2024-04-18 11:45:00,22279.775,22304.25,22271.8,22290.375
2024-04-18 12:00:00,22292.725,22308.5,22283.75,22297.25
2024-04-18 12:15:00,22298.375,22326.5,22291.5,22305.85
2024-04-18 12:30:00,22302.7,22318.2,22296.8,22309.6125
2024-04-18 12:45:00,22311.725,22313.25,22287.95,22302.4375
2024-04-18 13:00:00,22304.275,22304.275,22282.2,22293.9875
2024-04-18 13:15:00,22295.15,22305.4,22080.95,22202.7625
2024-04-18 13:30:00,22212.35,22243.45,22084.45,22139.775
2024-04-18 13:45:00,22115.6,22160.5,22091.75,22121.725
2024-04-18 14:00:00,22117.325,22163.8,22113.3,22138.6
2024-04-18 14:15:00,22138.65,22171.3,22129.25,22144.325
2024-04-18 14:30:00,22138.375,22144.9,22055.35,22098.175
2024-04-18 14:45:00,22096.225,22096.225,22007.6,22042.2125
2024-04-18 15:00:00,22039.725,22039.725,21961.8,21993.7625
2024-04-18 15:15:00,21994.725,22047.85,21961.7,22005.3375
2024-04-19 09:15:00,22005.9,22005.9,21777.65,21839.2
2024-04-19 09:30:00,21856.35,21870.95,21825.3,21848.3125
2024-04-19 09:45:00,21848.5,21882.65,21836.7,21859.0375
2024-04-19 10:00:00,21858.4,21902.8,21858.4,21881.4875
2024-04-19 10:15:00,21878.7,21889.85,21853.95,21871.6875
2024-04-19 10:30:00,21871.475,21886.05,21853.6,21865.05
2024-04-19 10:45:00,21860.275,21888.0,21850.2,21865.0625
2024-04-19 11:00:00,21861.025,21883.55,21851.15,21866.275
2024-04-19 11:15:00,21865.2,21920.4,21865.2,21892.1
2024-04-19 11:30:00,21890.65,21937.15,21890.65,21917.6375
2024-04-19 11:45:00,21918.85,21934.15,21898.25,21918.525
2024-04-19 12:00:00,21920.85,21935.3,21898.25,21920.6625
2024-04-19 12:15:00,21924.55,21994.75,21924.55,21955.9875
2024-04-19 12:30:00,21951.125,22029.0,21951.125,21996.975
2024-04-19 12:45:00,21996.525,22052.1,21996.525,22031.9375
2024-04-19 13:00:00,22033.95,22052.9,22026.25,22041.9
2024-04-19 13:15:00,22044.225,22060.75,22012.75,22040.7
2024-04-19 13:30:00,22044.65,22053.35,22010.25,22034.05
2024-04-19 13:45:00,22036.3,22142.7,22019.9,22083.0375
2024-04-19 14:00:00,22084.775,22178.5,22084.775,22150.1
2024-04-19 14:15:00,22145.525,22159.9,22114.65,22139.0875
2024-04-19 14:30:00,22140.9,22161.6,22100.6,22126.175
2024-04-19 14:45:00,22121.25,22155.45,22101.8,22126.8875
2024-04-19 15:00:00,22125.15,22179.55,22125.15,22153.1375
2024-04-19 15:15:00,22153.675,22166.0,22129.05,22151.9625
2024-04-22 09:15:00,22156.4,22337.1,22156.4,22290.025
2024-04-22 09:30:00,22291.7,22291.7,22212.65,22237.625
2024-04-22 09:45:00,22232.575,22240.95,22198.15,22221.15
2024-04-22 10:00:00,22222.75,22251.5,22219.7,22235.9625
2024-04-22 10:15:00,22236.325,22266.2,22229.55,22245.0875
2024-04-22 10:30:00,22242.3,22252.2,22230.55,22243.4375
2024-04-22 10:45:00,22245.5,22280.8,22240.35,22262.95
2024-04-22 11:00:00,22265.325,22297.4,22265.325,22282.425
2024-04-22 11:15:00,22281.225,22291.35,22273.6,22282.875
2024-04-22 11:30:00,22283.275,22301.2,22277.7,22286.9875
2024-04-22 11:45:00,22284.525,22312.1,22284.525,22298.225
2024-04-22 12:00:00,22297.2,22308.65,22282.65,22296.0875
2024-04-22 12:15:00,22296.525,22298.7,22275.05,22286.0875
2024-04-22 12:30:00,22285.3,22299.65,22283.2,22290.125
2024-04-22 12:45:00,22288.825,22295.65,22271.85,22283.5625
2024-04-22 13:00:00,22283.375,22283.375,22257.5,22272.0625
2024-04-22 13:15:00,22273.95,22279.35,22258.25,22272.05
2024-04-22 13:30:00,22275.3,22287.0,22271.6,22280.075
2024-04-22 13:45:00,22280.85,22300.25,22280.85,22289.45
2024-04-22 14:00:00,22288.0,22302.05,22285.4,22292.525
2024-04-22 14:15:00,22291.325,22298.85,22280.15,22287.925
2024-04-22 14:30:00,22286.35,22316.1,22272.9,22296.675
2024-04-22 14:45:00,22298.85,22326.95,22298.85,22314.3375
2024-04-22 15:00:00,22311.625,22349.7,22308.8,22328.8
2024-04-22 15:15:00,22328.35,22375.65,22328.35,22356.425
2024-04-23 09:15:00,22357.575,22447.55,22357.575,22420.6125
2024-04-23 09:30:00,22423.075,22423.075,22382.4,22397.25
2024-04-23 09:45:00,22398.825,22400.15,22368.45,22390.0375
2024-04-23 10:00:00,22395.775,22418.85,22390.95,22404.925
2024-04-23 10:15:00,22404.95,22419.4,22395.05,22408.15
2024-04-23 10:30:00,22409.075,22409.075,22376.2,22389.95
2024-04-23 10:45:00,22388.65,22388.65,22355.85,22374.725
2024-04-23 11:00:00,22378.85,22385.75,22362.85,22377.875
2024-04-23 11:15:00,22381.45,22402.05,22378.7,22390.6875
2024-04-23 11:30:00,22391.0,22403.15,22383.15,22394.2125
2024-04-23 11:45:00,22395.275,22402.9,22383.45,22394.7625
2024-04-23 12:00:00,22396.35,22423.25,22396.35,22411.9375
2024-04-23 12:15:00,22411.5,22423.6,22407.25,22415.55
2024-04-23 12:30:00,22415.675,22415.675,22400.35,22407.075
2024-04-23 12:45:00,22406.325,22411.8,22393.1,22403.0625
2024-04-23 13:00:00,22403.675,22407.35,22369.15,22391.35
2024-04-23 13:15:00,22394.45,22394.45,22358.4,22379.6625
2024-04-23 13:30:00,22385.0,22397.6,22380.55,22388.225
2024-04-23 13:45:00,22387.375,22394.75,22383.5,22388.5875
2024-04-23 14:00:00,22388.05,22405.3,22377.6,22392.0625
2024-04-23 14:15:00,22392.675,22412.6,22391.15,22399.175
2024-04-23 14:30:00,22396.475,22404.45,22387.1,22395.375
2024-04-23 14:45:00,22394.975,22411.55,22386.75,22401.0
2024-04-23 15:00:00,22402.85,22411.85,22359.2,22390.1
2024-04-23 15:15:00,22394.675,22394.675,22349.45,22367.0875
2024-04-24 09:15:00,22369.975,22431.0,22369.975,22415.4625
2024-04-24 09:30:00,22415.5,22420.6,22403.65,22412.4375
2024-04-24 09:45:00,22412.75,22444.6,22410.6,22426.625
2024-04-24 10:00:00,22425.65,22449.9,22425.65,22438.625
2024-04-24 10:15:00,22435.15,22461.3,22435.15,22447.9
2024-04-24 10:30:00,22447.2,22476.45,22447.2,22465.5375
2024-04-24 10:45:00,22465.5,22474.3,22457.85,22467.95
2024-04-24 11:00:00,22469.825,22469.825,22457.4,22462.975
2024-04-24 11:15:00,22462.9,22468.1,22450.15,22459.6875
2024-04-24 11:30:00,22460.25,22464.75,22450.75,22457.4
2024-04-24 11:45:00,22457.05,22457.9,22438.3,22451.1
2024-04-24 12:00:00,22454.1,22464.9,22451.75,22458.1125
2024-04-24 12:15:00,22457.9,22461.2,22452.15,22457.9125
2024-04-24 12:30:00,22459.15,22463.3,22452.1,22457.4375
2024-04-24 12:45:00,22457.175,22458.0,22443.8,22450.675
2024-04-24 13:00:00,22450.45,22453.75,22432.95,22445.15
2024-04-24 13:15:00,22446.95,22458.95,22446.15,22450.3875
2024-04-24 13:30:00,22448.225,22451.1,22437.85,22446.3
2024-04-24 13:45:00,22448.125,22456.45,22443.3,22448.3875
2024-04-24 14:00:00,22446.9,22452.9,22437.85,22446.5625
2024-04-24 14:15:00,22447.75,22453.15,22430.35,22441.3125
2024-04-24 14:30:00,22440.875,22440.875,22385.9,22413.75
2024-04-24 14:45:00,22416.625,22419.85,22401.6,22409.05
2024-04-24 15:00:00,22407.375,22413.1,22384.0,22402.85
2024-04-24 15:15:00,22407.15,22414.95,22397.1,22406.475
2024-04-25 09:15:00,22406.925,22406.925,22305.25,22331.075
2024-04-25 09:30:00,22328.25,22399.05,22328.25,22367.6875
2024-04-25 09:45:00,22366.975,22412.3,22366.975,22394.5625
2024-04-25 10:00:00,22396.925,22458.4,22396.925,22428.9625
2024-04-25 10:15:00,22429.625,22475.55,22429.625,22453.8375
2024-04-25 10:30:00,22450.15,22456.3,22422.15,22438.5375
2024-04-25 10:45:00,22437.85,22437.85,22339.75,22392.375
2024-04-25 11:00:00,22396.75,22444.4,22359.4,22399.775
2024-04-25 11:15:00,22397.65,22435.35,22381.65,22414.9
2024-04-25 11:30:00,22421.3,22421.35,22399.25,22410.925
2024-04-25 11:45:00,22411.55,22417.65,22399.85,22407.675
2024-04-25 12:00:00,22406.6,22406.85,22387.3,22398.1375
2024-04-25 12:15:00,22399.2,22410.45,22380.4,22398.0125
2024-04-25 12:30:00,22400.6,22412.5,22394.95,22401.7875
2024-04-25 12:45:00,22399.85,22439.5,22386.15,22411.2875
2024-04-25 13:00:00,22409.75,22462.9,22409.75,22437.875
2024-04-25 13:15:00,22437.2,22470.45,22437.2,22455.25
2024-04-25 13:30:00,22452.625,22486.15,22428.9,22463.3125
2024-04-25 13:45:00,22469.1,22528.25,22469.1,22498.975
2024-04-25 14:00:00,22491.65,22600.0,22491.65,22541.5125
2024-04-25 14:15:00,22536.625,22602.2,22536.625,22584.275
2024-04-25 14:30:00,22584.175,22625.95,22573.6,22598.275
2024-04-25 14:45:00,22596.775,22606.55,22578.15,22596.0875
2024-04-25 15:00:00,22599.825,22599.825,22567.9,22583.1125
2024-04-25 15:15:00,22583.7,22583.7,22549.4,22563.95
2024-04-26 09:15:00,22565.15,22620.4,22565.15,22605.1625
2024-04-26 09:30:00,22612.45,22612.45,22577.1,22596.1625
2024-04-26 09:45:00,22598.95,22600.45,22564.3,22585.5875
2024-04-26 10:00:00,22588.8,22588.8,22516.35,22555.8125
2024-04-26 10:15:00,22560.75,22560.75,22507.5,22531.9375
2024-04-26 10:30:00,22532.375,22537.4,22513.05,22528.2
2024-04-26 10:45:00,22531.175,22551.65,22529.55,22541.55
2024-04-26 11:00:00,22542.5,22554.45,22513.5,22533.6625
2024-04-26 11:15:00,22533.35,22538.0,22511.05,22525.25
2024-04-26 11:30:00,22525.975,22547.6,22525.975,22539.0375
2024-04-26 11:45:00,22539.125,22550.45,22518.15,22534.0625
2024-04-26 12:00:00,22533.825,22536.6,22511.75,22524.2125
2024-04-26 12:15:00,22524.25,22530.45,22514.85,22521.4875
2024-04-26 12:30:00,22520.325,22522.45,22494.75,22509.5
2024-04-26 12:45:00,22510.4,22517.9,22490.75,22503.2125
2024-04-26 13:00:00,22502.1,22516.1,22497.15,22505.9
2024-04-26 13:15:00,22505.175,22512.75,22436.85,22477.8875
2024-04-26 13:30:00,22480.975,22480.975,22424.75,22444.525
2024-04-26 13:45:00,22448.95,22448.95,22419.9,22435.4375
2024-04-26 14:00:00,22438.1,22450.0,22421.35,22437.2875
2024-04-26 14:15:00,22438.9,22464.3,22423.25,22440.55
2024-04-26 14:30:00,22437.325,22447.4,22421.5,22435.7875
2024-04-26 14:45:00,22437.125,22461.45,22435.4,22446.0875
2024-04-26 15:00:00,22443.75,22444.05,22385.55,22419.7375
2024-04-26 15:15:00,22424.675,22461.6,22408.25,22432.075
2024-04-29 09:15:00,22429.225,22518.2,22429.225,22493.4875
2024-04-29 09:30:00,22493.475,22532.5,22482.5,22503.325
2024-04-29 09:45:00,22499.15,22499.15,22441.9,22467.75
2024-04-29 10:00:00,22470.675,22492.2,22443.15,22467.6
2024-04-29 10:15:00,22467.525,22535.6,22467.525,22506.4125
2024-04-29 10:30:00,22505.675,22546.95,22505.675,22532.1875
2024-04-29 10:45:00,22528.625,22532.75,22512.9,22525.625
2024-04-29 11:00:00,22528.425,22540.4,22519.7,22531.3625
2024-04-29 11:15:00,22532.675,22546.35,22531.2,22537.9375
2024-04-29 11:30:00,22537.1,22545.6,22525.6,22536.9875
2024-04-29 11:45:00,22538.375,22557.3,22537.55,22547.275
2024-04-29 12:00:00,22547.125,22571.55,22547.125,22558.6875
2024-04-29 12:15:00,22556.2,22573.85,22546.7,22561.6125
2024-04-29 12:30:00,22562.95,22572.1,22556.65,22567.5375
2024-04-29 12:45:00,22570.7,22575.25,22560.7,22569.9125
2024-04-29 13:00:00,22571.85,22580.65,22562.1,22573.0125
2024-04-29 13:15:00,22574.65,22603.3,22566.05,22586.075
2024-04-29 13:30:00,22587.475,22620.7,22587.475,22606.95
2024-04-29 13:45:00,22609.2,22622.25,22599.8,22615.3125
2024-04-29 14:00:00,22619.6,22623.8,22605.05,22615.0
2024-04-29 14:15:00,22615.575,22628.4,22605.85,22614.875
2024-04-29 14:30:00,22612.625,22629.6,22607.3,22614.65
2024-04-29 14:45:00,22610.85,22640.65,22599.55,22619.0375
2024-04-29 15:00:00,22617.975,22655.8,22617.975,22641.225
2024-04-29 15:15:00,22640.825,22653.75,22626.45,22641.6625
2024-04-30 09:15:00,22643.225,22696.3,22643.225,22679.2
2024-04-30 09:30:00,22679.35,22713.2,22677.5,22693.7625
2024-04-30 09:45:00,22692.175,22747.3,22692.175,22724.3125
2024-04-30 10:00:00,22726.55,22754.85,22700.45,22731.925
2024-04-30 10:15:00,22736.2,22742.8,22722.3,22732.0625
2024-04-30 10:30:00,22731.575,22746.15,22724.0,22736.95
2024-04-30 10:45:00,22738.825,22769.1,22736.4,22748.3375
2024-04-30 11:00:00,22743.925,22749.25,22709.75,22734.3875
2024-04-30 11:15:00,22739.275,22742.3,22721.15,22732.0
2024-04-30 11:30:00,22732.275,22741.6,22724.95,22732.5375
2024-04-30 11:45:00,22731.8,22745.5,22723.5,22737.175
2024-04-30 12:00:00,22739.85,22750.75,22737.7,22744.5375
2024-04-30 12:15:00,22744.85,22751.9,22738.0,22745.5125
2024-04-30 12:30:00,22746.075,22756.1,22726.3,22742.825
2024-04-30 12:45:00,22744.45,22749.35,22735.7,22740.9625
2024-04-30 13:00:00,22739.4,22744.6,22706.55,22725.875
2024-04-30 13:15:00,22726.175,22735.7,22707.8,22722.9
2024-04-30 13:30:00,22724.05,22743.0,22724.05,22735.7
2024-04-30 13:45:00,22736.4,22747.25,22726.8,22737.9
2024-04-30 14:00:00,22738.775,22779.75,22738.35,22756.125
2024-04-30 14:15:00,22753.2,22783.35,22753.2,22772.0
2024-04-30 14:30:00,22770.4,22777.9,22742.1,22759.075
2024-04-30 14:45:00,22758.15,22758.15,22689.45,22718.1
2024-04-30 15:00:00,22718.05,22718.05,22600.6,22647.45
2024-04-30 15:15:00,22647.8,22647.8,22568.4,22590.6
2024-05-02 09:15:00,22595.1,22662.2,22567.85,22609.4625
2024-05-02 09:30:00,22603.9,22668.4,22603.9,22646.0625
2024-05-02 09:45:00,22648.7,22674.35,22617.7,22647.9625
2024-05-02 10:00:00,22649.9,22680.35,22639.55,22658.575
2024-05-02 10:15:00,22657.2,22679.65,22655.95,22670.65
2024-05-02 10:30:00,22673.5,22693.75,22669.6,22682.0
2024-05-02 10:45:00,22682.325,22692.85,22664.55,22681.2375
2024-05-02 11:00:00,22683.775,22685.1,22655.2,22670.025
2024-05-02 11:15:00,22669.9,22682.25,22631.05,22663.3625
2024-05-02 11:30:00,22670.075,22706.9,22670.075,22684.7625
2024-05-02 11:45:00,22679.55,22688.6,22667.85,22679.2625
2024-05-02 12:00:00,22680.3,22697.0,22679.7,22687.7375
2024-05-02 12:15:00,22687.125,22698.05,22674.3,22690.1125
2024-05-02 12:30:00,22694.05,22704.7,22676.5,22689.9
2024-05-02 12:45:00,22689.2,22690.55,22662.6,22679.1875
2024-05-02 13:00:00,22681.8,22693.3,22676.3,22683.3625
2024-05-02 13:15:00,22681.925,22707.6,22677.05,22692.3125
2024-05-02 13:30:00,22692.3,22709.05,22681.7,22695.925
2024-05-02 13:45:00,22696.475,22710.5,22680.4,22694.05
2024-05-02 14:00:00,22692.65,22700.9,22668.55,22685.8875
2024-05-02 14:15:00,22687.05,22687.05,22642.5,22663.7625
2024-05-02 14:30:00,22664.6,22676.7,22640.95,22656.8125
2024-05-02 14:45:00,22654.8,22691.9,22650.55,22667.225
2024-05-02 15:00:00,22663.225,22681.55,22633.45,22655.2375
2024-05-02 15:15:00,22652.975,22661.95,22633.65,22647.925
2024-05-03 09:15:00,22648.05,22792.6,22648.05,22776.9125
2024-05-03 09:30:00,22778.825,22794.7,22754.0,22777.5875
2024-05-03 09:45:00,22780.825,22780.825,22755.35,22768.0125
2024-05-03 10:00:00,22769.225,22772.3,22675.75,22724.35
2024-05-03 10:15:00,22724.675,22724.675,22611.05,22658.0875
2024-05-03 10:30:00,22662.3,22674.1,22593.1,22631.6
2024-05-03 10:45:00,22629.6,22640.1,22598.25,22614.825
2024-05-03 11:00:00,22610.475,22618.55,22583.45,22603.1625
2024-05-03 11:15:00,22605.325,22607.05,22532.4,22571.0
2024-05-03 11:30:00,22572.275,22572.275,22474.6,22515.4875
2024-05-03 11:45:00,22523.6,22523.6,22454.8,22488.4375
2024-05-03 12:00:00,22493.925,22503.5,22468.2,22481.3875
2024-05-03 12:15:00,22476.925,22511.9,22471.85,22489.2
2024-05-03 12:30:00,22486.525,22548.35,22486.525,22518.375
2024-05-03 12:45:00,22518.8,22547.4,22405.5,22476.8
2024-05-03 13:00:00,22477.15,22477.15,22396.6,22412.8
2024-05-03 13:15:00,22413.4,22443.7,22395.6,22421.7625
2024-05-03 13:30:00,22423.875,22441.65,22358.65,22402.55
2024-05-03 13:45:00,22404.95,22404.95,22348.05,22376.9375
2024-05-03 14:00:00,22379.875,22416.0,22373.2,22395.65
2024-05-03 14:15:00,22396.7,22430.9,22380.5,22405.975
2024-05-03 14:30:00,22406.25,22452.1,22404.6,22426.7125
2024-05-03 14:45:00,22425.075,22458.7,22425.075,22446.2125
2024-05-03 15:00:00,22449.9,22492.95,22444.65,22470.7
2024-05-03 15:15:00,22472.6,22503.85,22450.45,22475.6625
2024-05-06 09:15:00,22474.175,22577.15,22474.175,22553.275
2024-05-06 09:30:00,22569.375,22588.8,22433.95,22525.8375
2024-05-06 09:45:00,22540.3,22540.3,22445.1,22476.8875
2024-05-06 10:00:00,22479.275,22479.275,22433.3,22457.2625
2024-05-06 10:15:00,22461.05,22502.6,22439.8,22476.575
2024-05-06 10:30:00,22481.95,22517.85,22481.95,22502.5
2024-05-06 10:45:00,22503.575,22530.3,22496.0,22514.3375
2024-05-06 11:00:00,22515.525,22542.7,22494.1,22513.3875
2024-05-06 11:15:00,22508.375,22510.8,22462.0,22488.275
2024-05-06 11:30:00,22490.15,22495.9,22465.65,22485.35
2024-05-06 11:45:00,22489.925,22525.4,22475.1,22503.1625
2024-05-06 12:00:00,22506.075,22525.0,22502.4,22516.925
2024-05-06 12:15:00,22520.15,22526.45,22484.65,22505.4875
2024-05-06 12:30:00,22505.425,22505.425,22471.35,22484.1625
2024-05-06 12:45:00,22486.525,22487.85,22448.3,22472.0875
2024-05-06 13:00:00,22476.1,22476.85,22438.45,22455.65
2024-05-06 13:15:00,22453.65,22453.65,22419.35,22432.625
2024-05-06 13:30:00,22429.95,22473.85,22412.3,22445.4375
2024-05-06 13:45:00,22447.8,22474.25,22443.05,22458.2125
2024-05-06 14:00:00,22457.775,22457.775,22436.0,22443.825
2024-05-06 14:15:00,22441.475,22463.7,22435.7,22444.725
2024-05-06 14:30:00,22439.75,22447.5,22409.45,22436.3
2024-05-06 14:45:00,22444.125,22487.3,22427.05,22447.0125
2024-05-06 15:00:00,22436.85,22460.55,22417.25,22436.7625
2024-05-06 15:15:00,22434.625,22463.2,22434.3,22449.0875
2024-05-07 09:15:00,22449.425,22499.05,22441.4,22480.2125
2024-05-07 09:30:00,22490.2,22493.35,22443.7,22473.8875
2024-05-07 09:45:00,22479.25,22482.8,22411.5,22443.5125
2024-05-07 10:00:00,22439.875,22439.875,22376.0,22399.8875
2024-05-07 10:15:00,22405.0,22405.0,22347.25,22376.175
2024-05-07 10:30:00,22379.55,22379.55,22317.6,22347.2125
2024-05-07 10:45:00,22347.3,22347.3,22298.9,22329.85
2024-05-07 11:00:00,22337.875,22344.3,22304.0,22324.025
2024-05-07 11:15:00,22323.9,22323.9,22254.75,22282.7625
2024-05-07 11:30:00,22285.475,22285.475,22232.05,22263.075
2024-05-07 11:45:00,22269.7,22299.7,22266.2,22277.8625
2024-05-07 12:00:00,22272.775,22287.5,22258.75,22274.675
2024-05-07 12:15:00,22276.225,22306.2,22275.75,22289.0125
2024-05-07 12:30:00,22287.05,22299.75,22252.3,22274.9375
2024-05-07 12:45:00,22273.85,22275.8,22237.05,22256.725
2024-05-07 13:00:00,22257.025,22261.7,22237.7,22249.9625
2024-05-07 13:15:00,22250.225,22284.65,22237.3,22261.45
2024-05-07 13:30:00,22261.925,22326.5,22261.925,22302.3375
2024-05-07 13:45:00,22304.1,22330.4,22292.75,22314.825
2024-05-07 14:00:00,22318.075,22328.8,22304.35,22316.2
2024-05-07 14:15:00,22315.825,22321.6,22260.4,22290.9
2024-05-07 14:30:00,22290.8,22320.5,22256.2,22284.8125
2024-05-07 14:45:00,22281.275,22323.3,22281.275,22301.8375
2024-05-07 15:00:00,22296.75,22319.6,22281.35,22300.8875
2024-05-07 15:15:00,22301.3,22314.7,22295.3,22305.6375
2024-05-08 09:15:00,22306.275,22306.275,22185.6,22233.0875
2024-05-08 09:30:00,22232.05,22263.05,22216.85,22242.375
2024-05-08 09:45:00,22244.8,22272.3,22220.5,22248.525
2024-05-08 10:00:00,22250.65,22291.8,22244.9,22265.35
2024-05-08 10:15:00,22262.35,22281.3,22205.0,22244.55
2024-05-08 10:30:00,22245.95,22245.95,22185.2,22205.45
2024-05-08 10:45:00,22206.85,22240.0,22194.75,22214.7375
2024-05-08 11:00:00,22212.1,22239.85,22212.1,22228.35
2024-05-08 11:15:00,22228.375,22289.1,22228.375,22256.3125
2024-05-08 11:30:00,22250.575,22282.05,22250.575,22271.6
2024-05-08 11:45:00,22271.85,22326.3,22271.85,22297.55
2024-05-08 12:00:00,22293.15,22340.05,22292.95,22318.25
2024-05-08 12:15:00,22320.0,22359.05,22309.6,22331.7
2024-05-08 12:30:00,22329.075,22335.5,22303.35,22320.6625
2024-05-08 12:45:00,22321.9,22354.35,22318.1,22332.125
2024-05-08 13:00:00,22328.025,22351.75,22323.45,22337.3
2024-05-08 13:15:00,22337.0,22368.65,22335.9,22348.95
2024-05-08 13:30:00,22345.625,22364.25,22285.8,22329.825
2024-05-08 13:45:00,22334.625,22334.625,22259.7,22299.0
2024-05-08 14:00:00,22306.975,22318.25,22273.7,22291.5
2024-05-08 14:15:00,22287.025,22287.025,22244.35,22266.45
2024-05-08 14:30:00,22269.9,22293.1,22252.9,22275.1625
2024-05-08 14:45:00,22277.325,22307.1,22272.7,22290.95
2024-05-08 15:00:00,22292.0,22315.6,22285.7,22299.4125
2024-05-08 15:15:00,22298.175,22317.55,22293.0,22304.7875
2024-05-09 09:15:00,22304.3,22307.75,22224.8,22247.75
2024-05-09 09:30:00,22229.225,22272.9,22221.0,22243.875
2024-05-09 09:45:00,22240.8,22260.25,22213.15,22235.175
2024-05-09 10:00:00,22233.65,22237.15,22188.35,22209.925
2024-05-09 10:15:00,22207.1,22210.25,22130.15,22169.4
2024-05-09 10:30:00,22168.6,22168.6,22130.1,22143.2
2024-05-09 10:45:00,22139.95,22159.6,22126.65,22145.1875
2024-05-09 11:00:00,22147.25,22157.8,22125.45,22144.6
2024-05-09 11:15:00,22147.575,22147.575,22122.05,22134.925
2024-05-09 11:30:00,22136.15,22171.55,22125.45,22148.325
2024-05-09 11:45:00,22148.15,22177.45,22148.15,22163.1625
2024-05-09 12:00:00,22163.4,22170.75,22150.6,22163.15
2024-05-09 12:15:00,22165.625,22186.15,22152.0,22164.3875
2024-05-09 12:30:00,22159.7,22162.8,22125.05,22142.025
2024-05-09 12:45:00,22140.125,22140.125,22030.95,22084.4375
2024-05-09 13:00:00,22086.825,22086.825,22045.25,22056.4
2024-05-09 13:15:00,22052.125,22064.9,22021.05,22048.325
2024-05-09 13:30:00,22053.675,22066.0,22037.15,22049.4625
2024-05-09 13:45:00,22047.35,22081.95,22031.05,22050.525
2024-05-09 14:00:00,22044.55,22069.95,22025.75,22050.175
2024-05-09 14:15:00,22052.5,22076.9,22038.1,22054.7375
2024-05-09 14:30:00,22051.975,22051.975,21968.05,22007.5875
2024-05-09 14:45:00,22007.675,22022.85,21970.5,21989.5
2024-05-09 15:00:00,21982.325,21994.35,21942.5,21967.9375
2024-05-09 15:15:00,21967.45,21968.15,21932.4,21952.975
2024-05-10 09:15:00,21955.675,22050.55,21950.3,22010.5875
2024-05-10 09:30:00,22020.75,22071.45,22009.15,22049.6375
2024-05-10 09:45:00,22058.975,22114.25,22053.55,22086.5375
2024-05-10 10:00:00,22089.175,22120.25,22089.175,22108.3375
2024-05-10 10:15:00,22109.175,22131.3,22078.65,22101.9375
2024-05-10 10:30:00,22098.9,22110.65,22078.65,22092.0875
2024-05-10 10:45:00,22089.525,22091.1,22012.95,22055.3125
2024-05-10 11:00:00,22058.6,22063.5,22018.0,22041.225
2024-05-10 11:15:00,22041.7,22093.75,22041.7,22068.8
2024-05-10 11:30:00,22065.75,22075.8,22041.25,22062.4
2024-05-10 11:45:00,22066.275,22066.275,22015.45,22040.45
2024-05-10 12:00:00,22043.35,22052.2,22027.1,22035.05
2024-05-10 12:15:00,22030.45,22038.9,22000.3,22022.475
2024-05-10 12:30:00,22025.35,22042.2,22017.95,22025.7125
2024-05-10 12:45:00,22021.35,22027.3,21991.7,22009.55
2024-05-10 13:00:00,22009.6,22018.85,21985.15,21997.9625
2024-05-10 13:15:00,21993.925,22017.95,21985.2,22003.0
2024-05-10 13:30:00,22004.425,22038.45,22004.425,22025.2
2024-05-10 13:45:00,22025.425,22062.4,22025.425,22045.975
2024-05-10 14:00:00,22047.65,22061.9,22018.5,22041.7875
2024-05-10 14:15:00,22043.375,22043.375,22015.6,22024.4
2024-05-10 14:30:00,22022.6,22035.5,22009.15,22023.2375
2024-05-10 14:45:00,22024.15,22043.8,22020.6,22032.8625
2024-05-10 15:00:00,22033.525,22072.4,22033.525,22050.3625
2024-05-10 15:15:00,22046.15,22067.45,22041.4,22054.2625
2024-05-13 09:15:00,22054.1,22067.3,21929.4,21994.1125
2024-05-13 09:30:00,21989.875,21989.875,21851.6,21906.55
2024-05-13 09:45:00,21904.8,21904.8,21855.45,21867.575
2024-05-13 10:00:00,21858.575,21886.6,21828.4,21865.6625
2024-05-13 10:15:00,21873.825,21889.75,21845.0,21873.4375
2024-05-13 10:30:00,21879.5,21879.5,21824.85,21851.95
2024-05-13 10:45:00,21853.425,21879.6,21821.05,21851.6625
2024-05-13 11:00:00,21853.0,21921.55,21853.0,21891.85
2024-05-13 11:15:00,21892.325,21949.4,21892.325,21926.825
2024-05-13 11:30:00,21923.6,21989.75,21923.6,21955.5875
2024-05-13 11:45:00,21949.825,21977.95,21947.2,21964.8625
2024-05-13 12:00:00,21967.15,21990.55,21967.15,21979.05
2024-05-13 12:15:00,21978.275,22024.3,21967.0,22000.4375
2024-05-13 12:30:00,22005.225,22041.0,22005.225,22025.95
2024-05-13 12:45:00,22022.775,22024.25,21989.5,22014.0
2024-05-13 13:00:00,22021.125,22034.9,22010.95,22023.55
2024-05-13 13:15:00,22024.175,22038.05,21966.1,22001.7125
2024-05-13 13:30:00,22001.35,22001.35,21934.0,21966.3125
2024-05-13 13:45:00,21976.025,22104.1,21967.6,22037.8625
2024-05-13 14:00:00,22039.875,22111.65,22039.875,22098.95
2024-05-13 14:15:00,22102.825,22123.45,22080.05,22101.75
2024-05-13 14:30:00,22101.75,22127.15,22099.5,22111.9625
2024-05-13 14:45:00,22110.6,22130.7,22106.6,22119.4
2024-05-13 15:00:00,22120.15,22129.75,22070.55,22104.6875
2024-05-13 15:15:00,22109.225,22131.65,22092.15,22110.4125
2024-05-14 09:15:00,22108.925,22182.7,22095.15,22133.5625
2024-05-14 09:30:00,22128.2,22150.5,22102.15,22131.6
2024-05-14 09:45:00,22136.875,22167.55,22116.4,22142.2625
2024-05-14 10:00:00,22142.55,22143.35,22081.25,22116.5375
2024-05-14 10:15:00,22120.775,22139.95,22098.8,22118.7875
2024-05-14 10:30:00,22118.2,22155.35,22118.2,22142.95
2024-05-14 10:45:00,22146.175,22157.25,22128.75,22146.3125
2024-05-14 11:00:00,22149.625,22180.65,22140.7,22161.0125
2024-05-14 11:15:00,22161.35,22189.8,22159.25,22172.5875
2024-05-14 11:30:00,22170.65,22183.65,22155.75,22169.4625
2024-05-14 11:45:00,22169.225,22189.65,22169.225,22180.025
2024-05-14 12:00:00,22179.125,22202.15,22179.05,22187.1
2024-05-14 12:15:00,22183.6,22186.25,22167.0,22180.9
2024-05-14 12:30:00,22185.175,22200.6,22183.2,22190.8375
2024-05-14 12:45:00,22189.775,22231.8,22189.775,22210.5375
2024-05-14 13:00:00,22209.1,22236.85,22209.1,22223.9375
2024-05-14 13:15:00,22221.975,22233.0,22202.2,22221.5875
2024-05-14 13:30:00,22225.575,22241.45,22222.8,22234.1125
2024-05-14 13:45:00,22236.1,22260.85,22233.85,22248.65
2024-05-14 14:00:00,22249.95,22270.05,22246.0,22256.3875
2024-05-14 14:15:00,22254.75,22266.4,22217.7,22247.85
2024-05-14 14:30:00,22253.65,22259.75,22226.15,22244.775
2024-05-14 14:45:00,22246.6,22248.55,22228.2,22237.4375
2024-05-14 15:00:00,22236.5,22238.1,22195.4,22222.8375
2024-05-14 15:15:00,22228.925,22228.925,22214.3,22221.5375
2024-05-15 09:15:00,22222.45,22278.55,22222.45,22262.9125
2024-05-15 09:30:00,22265.75,22286.05,22248.45,22273.625
2024-05-15 09:45:00,22280.0,22297.55,22244.25,22268.7875
2024-05-15 10:00:00,22266.675,22266.675,22168.9,22215.3125
2024-05-15 10:15:00,22219.7,22219.7,22161.45,22180.725
2024-05-15 10:30:00,22179.625,22179.625,22151.75,22165.5375
2024-05-15 10:45:00,22167.875,22197.8,22158.65,22178.6875
2024-05-15 11:00:00,22179.15,22254.9,22179.15,22217.875
2024-05-15 11:15:00,22211.9,22239.25,22174.6,22205.5
2024-05-15 11:30:00,22204.075,22204.075,22164.5,22179.1375
2024-05-15 11:45:00,22180.5,22228.75,22179.75,22204.1875
2024-05-15 12:00:00,22204.125,22226.25,22202.4,22214.125
2024-05-15 12:15:00,22213.925,22213.925,22175.55,22199.475
2024-05-15 12:30:00,22204.675,22214.75,22196.3,22205.0125
2024-05-15 12:45:00,22204.5,22208.2,22185.1,22196.8375
2024-05-15 13:00:00,22197.025,22217.3,22187.35,22196.775
2024-05-15 13:15:00,22191.225,22207.85,22176.25,22191.975
2024-05-15 13:30:00,22191.9,22193.65,22164.3,22185.1625
2024-05-15 13:45:00,22191.35,22197.05,22168.45,22186.1375
2024-05-15 14:00:00,22189.525,22225.8,22185.5,22202.9375
2024-05-15 14:15:00,22200.225,22215.45,22182.15,22199.6625
2024-05-15 14:30:00,22200.525,22217.95,22184.55,22199.475
2024-05-15 14:45:00,22197.7,22227.95,22197.7,22213.8
2024-05-15 15:00:00,22213.1,22233.55,22183.45,22211.0
2024-05-15 15:15:00,22213.5,22214.95,22188.9,22204.425
2024-05-16 09:15:00,22206.925,22330.0,22206.925,22310.8875
2024-05-16 09:30:00,22316.175,22316.65,22236.35,22275.825
2024-05-16 09:45:00,22275.15,22275.15,22226.8,22243.325
2024-05-16 10:00:00,22240.375,22260.25,22216.35,22240.1375
2024-05-16 10:15:00,22241.975,22250.75,22165.15,22211.675
2024-05-16 10:30:00,22215.4,22217.9,22182.75,22200.7
2024-05-16 10:45:00,22201.075,22215.1,22131.05,22180.7
2024-05-16 11:00:00,22188.325,22188.325,22127.35,22155.9625
2024-05-16 11:15:00,22155.45,22155.45,22105.95,22136.45
2024-05-16 11:30:00,22143.225,22182.4,22129.8,22158.5875
2024-05-16 11:45:00,22161.075,22182.7,22149.55,22169.9
2024-05-16 12:00:00,22173.675,22290.35,22155.35,22225.625
2024-05-16 12:15:00,22228.4,22303.55,22175.0,22237.475
2024-05-16 12:30:00,22235.675,22235.675,22143.1,22170.9125
2024-05-16 12:45:00,22176.175,22186.85,22130.45,22158.25
2024-05-16 13:00:00,22157.85,22157.85,22103.8,22131.3125
2024-05-16 13:15:00,22134.8,22134.8,22070.5,22100.6875
2024-05-16 13:30:00,22101.8,22101.8,22058.8,22074.5
2024-05-16 13:45:00,22072.0,22121.8,22054.55,22090.2375
2024-05-16 14:00:00,22092.3,22137.2,22062.6,22094.4125
2024-05-16 14:15:00,22088.925,22141.45,22060.45,22098.3
2024-05-16 14:30:00,22095.65,22245.5,22095.65,22186.125
2024-05-16 14:45:00,22185.925,22360.65,22185.925,22301.225
2024-05-16 15:00:00,22302.025,22408.75,22302.025,22383.625
2024-05-16 15:15:00,22382.25,22432.25,22382.25,22404.2125
2024-05-17 09:15:00,22397.9,22431.25,22353.05,22394.05
2024-05-17 09:30:00,22395.95,22400.35,22345.65,22370.3875
2024-05-17 09:45:00,22367.775,22420.2,22351.65,22384.45
2024-05-17 10:00:00,22382.975,22417.9,22370.1,22396.75
2024-05-17 10:15:00,22399.5,22439.1,22382.75,22410.575
2024-05-17 10:30:00,22410.225,22471.65,22410.225,22445.95
2024-05-17 10:45:00,22443.575,22464.65,22425.35,22451.675
2024-05-17 11:00:00,22458.35,22473.7,22450.3,22462.8
2024-05-17 11:15:00,22463.6,22479.15,22441.5,22462.2625
2024-05-17 11:30:00,22464.2,22485.0,22454.85,22470.6625
2024-05-17 11:45:00,22471.4,22490.8,22471.4,22482.45
2024-05-17 12:00:00,22482.475,22482.475,22453.7,22468.6625
2024-05-17 12:15:00,22469.425,22485.2,22456.75,22469.475
2024-05-17 12:30:00,22467.975,22486.45,22467.975,22477.4
2024-05-17 12:45:00,22475.9,22477.55,22450.85,22466.7
2024-05-17 13:00:00,22469.2,22479.0,22441.45,22464.5875
2024-05-17 13:15:00,22468.95,22487.1,22467.85,22478.1375
2024-05-17 13:30:00,22478.8,22502.15,22455.8,22479.5
2024-05-17 13:45:00,22480.025,22487.9,22469.7,22476.3875
2024-05-17 14:00:00,22473.975,22493.3,22472.65,22480.3125
2024-05-17 14:15:00,22477.65,22488.45,22466.1,22476.825
2024-05-17 14:30:00,22476.375,22491.55,22466.8,22476.3875
2024-05-17 14:45:00,22473.6,22480.65,22460.15,22470.375
2024-05-17 15:00:00,22470.35,22474.8,22443.5,22464.35
2024-05-17 15:15:00,22469.55,22485.75,22461.0,22471.425
2024-05-21 09:15:00,22506.9,22509.05,22404.55,22447.05
2024-05-21 09:30:00,22437.3,22484.3,22437.3,22470.4375
2024-05-21 09:45:00,22471.45,22483.2,22449.0,22466.525
2024-05-21 10:00:00,22466.95,22485.75,22457.4,22467.575
2024-05-21 10:15:00,22463.575,22482.75,22460.45,22472.1125
2024-05-21 10:30:00,22472.625,22480.45,22457.8,22468.725
2024-05-21 10:45:00,22468.325,22482.75,22454.1,22468.1125
2024-05-21 11:00:00,22467.8,22507.75,22467.8,22491.6125
2024-05-21 11:15:00,22490.95,22515.25,22490.95,22507.6375
2024-05-21 11:30:00,22507.925,22522.7,22498.35,22512.275
2024-05-21 11:45:00,22514.025,22543.7,22513.5,22527.75
2024-05-21 12:00:00,22526.9,22547.8,22526.9,22540.05
2024-05-21 12:15:00,22542.1,22549.8,22524.75,22537.975
2024-05-21 12:30:00,22538.675,22556.8,22530.85,22543.0125
2024-05-21 12:45:00,22542.2,22583.7,22542.2,22567.5125
2024-05-21 13:00:00,22567.8,22591.1,22564.05,22577.75
2024-05-21 13:15:00,22577.925,22578.5,22541.85,22561.875
2024-05-21 13:30:00,22563.575,22569.15,22532.2,22549.2875
2024-05-21 13:45:00,22547.9,22555.9,22539.55,22545.15
2024-05-21 14:00:00,22542.575,22561.4,22531.75,22543.125
2024-05-21 14:15:00,22539.675,22546.95,22525.75,22537.3625
2024-05-21 14:30:00,22538.375,22551.45,22536.5,22543.825
2024-05-21 14:45:00,22543.675,22551.85,22514.3,22532.225
2024-05-21 15:00:00,22531.375,22551.0,22506.15,22524.6375
2024-05-21 15:15:00,22520.7,22530.15,22498.25,22515.525
2024-05-22 09:15:00,22516.85,22577.4,22516.85,22560.1875
2024-05-22 09:30:00,22567.15,22573.95,22496.75,22533.675
2024-05-22 09:45:00,22532.0,22562.45,22483.15,22526.5
2024-05-22 10:00:00,22530.2,22566.6,22519.3,22549.725
2024-05-22 10:15:00,22556.5,22563.25,22536.15,22550.625
2024-05-22 10:30:00,22551.55,22561.2,22535.05,22546.9875
2024-05-22 10:45:00,22545.85,22575.55,22541.85,22554.775
2024-05-22 11:00:00,22550.85,22559.4,22527.45,22547.35
2024-05-22 11:15:00,22551.275,22551.3,22532.2,22545.3
2024-05-22 11:30:00,22548.85,22556.6,22530.4,22544.3875
2024-05-22 11:45:00,22545.275,22565.15,22536.15,22548.1875
2024-05-22 12:00:00,22545.725,22568.2,22545.725,22559.175
2024-05-22 12:15:00,22558.275,22586.4,22552.5,22567.475
2024-05-22 12:30:00,22565.5,22575.05,22553.25,22564.0
2024-05-22 12:45:00,22563.85,22568.45,22549.55,22559.375
2024-05-22 13:00:00,22559.75,22577.25,22550.8,22563.3125
2024-05-22 13:15:00,22562.6,22577.35,22559.05,22568.0375
2024-05-22 13:30:00,22567.875,22585.85,22562.7,22574.2875
2024-05-22 13:45:00,22574.3,22589.3,22572.4,22580.225
2024-05-22 14:00:00,22579.6,22608.15,22562.7,22582.3125
2024-05-22 14:15:00,22579.2,22588.85,22570.85,22577.0375
2024-05-22 14:30:00,22574.225,22593.0,22572.35,22581.8875
2024-05-22 14:45:00,22581.1,22595.45,22536.55,22568.525
2024-05-22 15:00:00,22571.05,22616.3,22551.35,22579.225
2024-05-22 15:15:00,22574.625,22629.5,22574.625,22610.5625
2024-05-23 09:15:00,22964.775,22964.775,22577.45,22598.7125
2024-05-23 09:30:00,22599.75,22686.7,22578.85,22632.825
2024-05-23 09:45:00,22632.875,22689.35,22632.875,22678.9
2024-05-23 10:00:00,22681.375,22685.0,22657.3,22675.1875
2024-05-23 10:15:00,22679.225,22719.35,22667.55,22689.85
2024-05-23 10:30:00,22686.25,22704.25,22642.45,22676.3875
2024-05-23 10:45:00,22679.425,22707.95,22656.1,22679.8875
2024-05-23 11:00:00,22677.75,22722.15,22677.75,22701.2875
2024-05-23 11:15:00,22695.725,22723.2,22695.725,22706.575
2024-05-23 11:30:00,22703.325,22733.7,22703.325,22719.0625
2024-05-23 11:45:00,22716.375,22768.65,22712.25,22740.9375
2024-05-23 12:00:00,22741.425,22767.05,22741.425,22757.8125
2024-05-23 12:15:00,22759.675,22796.4,22756.5,22776.825
2024-05-23 12:30:00,22777.2,22837.65,22777.2,22812.2
2024-05-23 12:45:00,22813.35,22845.65,22813.35,22832.95
2024-05-23 13:00:00,22836.275,22852.0,22822.7,22836.7
2024-05-23 13:15:00,22836.05,22860.65,22795.85,22834.1625
2024-05-23 13:30:00,22840.075,22855.55,22818.5,22838.95
2024-05-23 13:45:00,22840.875,22869.5,22818.8,22845.225
2024-05-23 14:00:00,22846.3,22915.1,22846.3,22885.3125
2024-05-23 14:15:00,22885.975,22959.7,22885.975,22928.225
2024-05-23 14:30:00,22920.575,22935.3,22891.85,22920.6
2024-05-23 14:45:00,22927.625,22940.0,22898.75,22922.05
2024-05-23 15:00:00,22924.725,22989.0,22917.5,22950.6625
2024-05-23 15:15:00,22948.075,22993.6,22947.55,22967.675
2024-05-24 09:15:00,22964.775,22995.2,22908.0,22955.0
2024-05-24 09:30:00,22958.4,23004.05,22934.0,22973.9625
2024-05-24 09:45:00,22978.9,22984.2,22937.75,22959.65
2024-05-24 10:00:00,22958.325,22958.325,22917.9,22932.6375
2024-05-24 10:15:00,22932.275,22967.25,22916.8,22934.7375
2024-05-24 10:30:00,22927.45,22953.05,22926.2,22941.05
2024-05-24 10:45:00,22942.475,22978.55,22942.475,22962.475
2024-05-24 11:00:00,22963.45,22984.2,22955.45,22969.2375
2024-05-24 11:15:00,22968.65,22983.6,22958.85,22969.3125
2024-05-24 11:30:00,22967.4,22981.9,22959.65,22973.35
2024-05-24 11:45:00,22975.925,22980.25,22963.0,22972.9625
2024-05-24 12:00:00,22974.3,22978.15,22954.3,22968.7875
2024-05-24 12:15:00,22971.35,22975.05,22957.5,22967.7
2024-05-24 12:30:00,22969.125,22988.85,22967.55,22977.1875
2024-05-24 12:45:00,22976.175,23011.05,22976.175,22993.7
2024-05-24 13:00:00,22993.15,23019.65,22982.9,22998.8625
2024-05-24 13:15:00,22996.45,23013.8,22984.9,23000.8375
2024-05-24 13:30:00,23002.325,23016.35,23000.75,23009.6
2024-05-24 13:45:00,23010.65,23019.05,22986.6,23003.275
2024-05-24 14:00:00,23003.725,23010.85,22996.0,23003.0375
2024-05-24 14:15:00,23002.65,23026.4,22982.9,22999.75
2024-05-24 14:30:00,22994.85,22995.85,22964.05,22983.8
2024-05-24 14:45:00,22987.65,22991.45,22956.45,22977.7
2024-05-24 15:00:00,22981.45,22991.5,22927.8,22962.7875
2024-05-24 15:15:00,22965.925,22970.15,22943.25,22956.225
2024-05-27 09:15:00,22955.75,23043.2,22955.75,23011.1375
2024-05-27 09:30:00,23013.4,23013.4,22964.1,22989.7625
2024-05-27 09:45:00,22992.2,23001.55,22947.35,22974.775
2024-05-27 10:00:00,22975.1,22977.4,22932.0,22953.3125
2024-05-27 10:15:00,22951.925,22987.8,22941.8,22966.0875
2024-05-27 10:30:00,22967.375,23001.2,22967.375,22990.475
2024-05-27 10:45:00,22990.625,23005.5,22985.75,22998.25
2024-05-27 11:00:00,23000.875,23006.65,22979.6,22994.575
2024-05-27 11:15:00,22996.025,23001.6,22985.8,22994.2
2024-05-27 11:30:00,22994.7,23023.35,22991.35,23008.5875
2024-05-27 11:45:00,23009.825,23075.65,23009.825,23044.55
2024-05-27 12:00:00,23044.275,23072.3,23044.275,23063.4375
2024-05-27 12:15:00,23068.1,23092.7,23064.1,23078.0125
2024-05-27 12:30:00,23077.625,23108.35,23077.625,23096.1125
2024-05-27 12:45:00,23094.475,23110.8,23064.35,23085.375
2024-05-27 13:00:00,23083.175,23083.175,23063.4,23071.2625
2024-05-27 13:15:00,23070.425,23090.95,23070.425,23080.0625
2024-05-27 13:30:00,23078.9,23091.85,23064.45,23077.925
2024-05-27 13:45:00,23077.7,23077.7,23047.5,23067.1125
2024-05-27 14:00:00,23071.95,23085.55,23060.6,23071.575
2024-05-27 14:15:00,23070.075,23071.95,23050.7,23062.15
2024-05-27 14:30:00,23062.975,23062.975,23017.45,23037.65
2024-05-27 14:45:00,23037.35,23037.35,22922.75,22972.7
2024-05-27 15:00:00,22970.925,22981.85,22871.2,22928.9625
2024-05-27 15:15:00,22931.4,22960.15,22924.15,22938.6125
2024-05-28 09:15:00,22935.075,22992.4,22935.075,22977.575
2024-05-28 09:30:00,22980.2,22988.8,22936.55,22967.95
2024-05-28 09:45:00,22973.225,22975.65,22940.2,22957.0
2024-05-28 10:00:00,22956.075,22969.7,22926.35,22950.85
2024-05-28 10:15:00,22953.675,22998.55,22953.675,22974.7375
2024-05-28 10:30:00,22971.875,22990.0,22971.875,22984.15
2024-05-28 10:45:00,22984.95,22987.85,22966.0,22979.2625
2024-05-28 11:00:00,22981.6,22984.35,22955.6,22972.2
2024-05-28 11:15:00,22974.425,22975.1,22949.85,22961.625
2024-05-28 11:30:00,22960.775,22964.3,22937.65,22952.9125
2024-05-28 11:45:00,22954.85,22966.4,22932.65,22947.65
2024-05-28 12:00:00,22945.775,22959.95,22934.15,22941.875
2024-05-28 12:15:00,22936.7,22945.75,22924.1,22934.4
2024-05-28 12:30:00,22933.875,22933.875,22889.1,22914.9875
2024-05-28 12:45:00,22921.05,22958.75,22900.1,22927.725
2024-05-28 13:00:00,22926.025,22959.3,22926.025,22943.65
2024-05-28 13:15:00,22941.975,22973.4,22941.975,22952.4375
2024-05-28 13:30:00,22946.5,22953.65,22914.1,22941.8625
2024-05-28 13:45:00,22949.85,22953.35,22926.0,22940.125
2024-05-28 14:00:00,22940.575,22940.575,22910.65,22925.975
2024-05-28 14:15:00,22927.875,22937.8,22915.15,22925.3125
2024-05-28 14:30:00,22924.15,22924.15,22894.25,22912.95
2024-05-28 14:45:00,22917.075,22924.8,22894.95,22906.7
2024-05-28 15:00:00,22903.525,22914.4,22887.25,22897.85
2024-05-28 15:15:00,22894.875,22895.9,22858.5,22879.125
2024-05-29 09:15:00,22881.05,22881.05,22762.25,22786.575
2024-05-29 09:30:00,22780.425,22825.5,22780.425,22807.5
2024-05-29 09:45:00,22804.175,22815.3,22779.0,22803.075
2024-05-29 10:00:00,22809.0,22809.85,22749.9,22781.5375
2024-05-29 10:15:00,22783.2,22783.2,22719.45,22744.8875
2024-05-29 10:30:00,22745.675,22754.8,22719.8,22740.0125
2024-05-29 10:45:00,22742.725,22759.45,22734.05,22746.75
2024-05-29 11:00:00,22746.75,22746.75,22719.95,22733.4875
2024-05-29 11:15:00,22733.975,22747.3,22705.6,22728.3875
2024-05-29 11:30:00,22730.325,22735.55,22714.85,22727.0375
2024-05-29 11:45:00,22728.875,22738.8,22714.05,22727.6625
2024-05-29 12:00:00,22728.9,22747.7,22725.25,22738.2
2024-05-29 12:15:00,22739.925,22753.35,22725.9,22739.725
2024-05-29 12:30:00,22739.825,22753.75,22732.45,22743.5
2024-05-29 12:45:00,22743.9,22802.4,22735.55,22759.725
2024-05-29 13:00:00,22750.475,22768.25,22736.4,22754.375
2024-05-29 13:15:00,22756.425,22789.45,22756.425,22773.4
2024-05-29 13:30:00,22772.95,22792.5,22762.8,22778.9625
2024-05-29 13:45:00,22780.275,22787.15,22752.6,22769.3125
2024-05-29 14:00:00,22768.75,22768.75,22724.3,22747.8
2024-05-29 14:15:00,22754.0,22760.9,22736.55,22747.0875
2024-05-29 14:30:00,22745.45,22749.6,22716.35,22730.7
2024-05-29 14:45:00,22728.425,22738.1,22705.45,22720.25
2024-05-29 15:00:00,22718.725,22727.95,22685.45,22711.4125
2024-05-29 15:15:00,22716.125,22716.125,22693.35,22705.9375
2024-05-30 09:15:00,22708.3,22708.3,22617.25,22645.55
2024-05-30 09:30:00,22629.6,22648.55,22590.3,22622.4375
2024-05-30 09:45:00,22625.45,22625.45,22580.45,22599.25
2024-05-30 10:00:00,22598.975,22598.975,22554.0,22574.9875
2024-05-30 10:15:00,22574.65,22602.35,22555.3,22572.925
2024-05-30 10:30:00,22567.025,22617.85,22567.025,22588.525
2024-05-30 10:45:00,22583.1,22604.1,22578.8,22588.6875
2024-05-30 11:00:00,22585.925,22593.5,22562.75,22575.2625
2024-05-30 11:15:00,22572.4,22572.4,22545.6,22557.7
2024-05-30 11:30:00,22557.825,22560.65,22540.9,22550.0375
2024-05-30 11:45:00,22549.3,22566.6,22544.5,22552.775
2024-05-30 12:00:00,22550.0,22586.9,22550.0,22565.4625
2024-05-30 12:15:00,22560.6,22572.6,22551.25,22562.025
2024-05-30 12:30:00,22562.125,22576.85,22553.95,22564.4125
2024-05-30 12:45:00,22563.425,22602.25,22563.425,22583.525
2024-05-30 13:00:00,22582.45,22601.9,22568.4,22585.3875
2024-05-30 13:15:00,22585.625,22585.625,22536.85,22557.775
2024-05-30 13:30:00,22557.625,22557.625,22518.55,22536.0
2024-05-30 13:45:00,22538.95,22565.55,22528.45,22543.425
2024-05-30 14:00:00,22539.85,22547.0,22521.0,22532.3625
2024-05-30 14:15:00,22530.725,22538.45,22501.75,22516.8375
2024-05-30 14:30:00,22513.575,22513.575,22459.15,22484.0125
2024-05-30 14:45:00,22484.225,22489.65,22417.0,22447.6875
2024-05-30 15:00:00,22442.05,22521.95,22421.3,22460.65
2024-05-30 15:15:00,22449.675,22560.9,22449.675,22518.225
2024-05-31 09:15:00,22517.5,22647.25,22517.5,22601.8625
2024-05-31 09:30:00,22601.25,22653.75,22601.25,22635.9375
2024-05-31 09:45:00,22635.475,22636.65,22574.45,22605.925
2024-05-31 10:00:00,22606.3,22606.3,22533.7,22555.9125
2024-05-31 10:15:00,22555.8,22587.3,22518.1,22544.5125
2024-05-31 10:30:00,22536.325,22543.7,22516.25,22533.3125
2024-05-31 10:45:00,22536.65,22554.0,22503.6,22524.7125
2024-05-31 11:00:00,22520.625,22531.4,22495.85,22516.4
2024-05-31 11:15:00,22519.175,22537.45,22509.55,22521.8375
2024-05-31 11:30:00,22520.175,22560.55,22506.25,22532.8125
2024-05-31 11:45:00,22532.225,22556.15,22514.15,22537.6625
2024-05-31 12:00:00,22540.175,22540.175,22500.55,22518.0625
2024-05-31 12:15:00,22520.2,22525.4,22504.1,22514.6375
2024-05-31 12:30:00,22514.525,22531.9,22506.9,22518.525
2024-05-31 12:45:00,22517.65,22550.5,22509.4,22532.025
2024-05-31 13:00:00,22534.1,22548.2,22525.8,22539.3875
2024-05-31 13:15:00,22541.775,22565.0,22531.65,22545.7875
2024-05-31 13:30:00,22543.25,22575.5,22539.95,22559.575
2024-05-31 13:45:00,22561.425,22607.0,22561.425,22587.925
2024-05-31 14:00:00,22587.75,22631.4,22587.15,22606.4125
2024-05-31 14:15:00,22603.55,22609.2,22518.45,22564.7
2024-05-31 14:30:00,22565.575,22565.575,22472.5,22508.875
2024-05-31 14:45:00,22515.05,22533.25,22465.1,22505.5625
2024-05-31 15:00:00,22511.95,22544.35,22480.4,22516.3625
2024-05-31 15:15:00,22520.35,22579.45,22513.85,22541.8375
2024-06-03 09:15:00,22537.025,23338.7,22537.025,23223.0625
2024-06-03 09:30:00,23235.425,23235.425,23105.65,23127.65
2024-06-03 09:45:00,23120.65,23169.2,23062.3,23125.1125
2024-06-03 10:00:00,23134.475,23203.5,23134.475,23178.2
2024-06-03 10:15:00,23179.65,23203.0,23160.75,23190.9625
2024-06-03 10:30:00,23200.05,23207.5,23135.85,23173.425
2024-06-03 10:45:00,23175.175,23175.175,23134.45,23147.825
2024-06-03 11:00:00,23145.325,23175.6,23138.5,23158.25
2024-06-03 11:15:00,23159.45,23190.25,23159.45,23180.8875
2024-06-03 11:30:00,23181.925,23205.75,23176.05,23193.6875
2024-06-03 11:45:00,23196.475,23232.35,23195.7,23215.2625
2024-06-03 12:00:00,23216.5,23248.45,23213.8,23227.8125
2024-06-03 12:15:00,23224.5,23232.55,23204.6,23221.2625
2024-06-03 12:30:00,23223.95,23244.0,23198.6,23220.7625
2024-06-03 12:45:00,23220.225,23229.55,23200.9,23218.0375
2024-06-03 13:00:00,23220.85,23234.85,23210.85,23225.475
2024-06-03 13:15:00,23228.1,23237.35,23209.8,23226.975
2024-06-03 13:30:00,23230.375,23240.6,23161.0,23209.9125
2024-06-03 13:45:00,23219.025,23238.95,23203.1,23221.0875
2024-06-03 14:00:00,23221.15,23260.55,23221.15,23243.0375
2024-06-03 14:15:00,23239.7,23244.75,23221.45,23232.025
2024-06-03 14:30:00,23230.95,23265.7,23212.3,23240.9125
2024-06-03 14:45:00,23242.825,23262.35,23236.8,23251.2375
2024-06-03 15:00:00,23252.9,23267.05,23224.15,23250.025
2024-06-03 15:15:00,23254.45,23308.25,23254.45,23286.05
2024-06-04 09:15:00,23285.525,23285.525,22479.4,22829.45
2024-06-04 09:30:00,22829.45,22829.45,22389.85,22529.125
2024-06-04 09:45:00,22531.925,22880.8,22531.925,22703.6625
2024-06-04 10:00:00,22684.1,22833.9,22684.1,22787.775
2024-06-04 10:15:00,22809.45,22832.5,22642.45,22760.6625
2024-06-04 10:30:00,22783.85,22783.85,22534.3,22642.85
2024-06-04 10:45:00,22645.1,22645.1,22277.75,22443.3875
2024-06-04 11:00:00,22444.025,22444.025,22000.6,22198.0125
2024-06-04 11:15:00,22215.85,22270.55,22052.35,22166.25
2024-06-04 11:30:00,22171.05,22293.25,22119.8,22194.95
2024-06-04 11:45:00,22183.375,22195.8,21886.8,22024.5
2024-06-04 12:00:00,22007.7,22007.7,21481.8,21727.2125
2024-06-04 12:15:00,21738.125,21738.125,21281.45,21468.15
2024-06-04 12:30:00,21442.675,21838.3,21296.3,21556.3125
2024-06-04 12:45:00,21545.325,22005.55,21545.325,21844.8
2024-06-04 13:00:00,21840.825,21946.7,21759.95,21884.525
2024-06-04 13:15:00,21915.725,22127.5,21881.5,21989.675
2024-06-04 13:30:00,21974.85,22096.05,21927.85,22024.4625
2024-06-04 13:45:00,22036.975,22271.7,22036.975,22159.125
2024-06-04 14:00:00,22155.325,22243.75,21948.3,22123.6625
2024-06-04 14:15:00,22151.3,22151.3,21883.45,21979.25
2024-06-04 14:30:00,21985.775,22090.05,21909.85,21974.875
2024-06-04 14:45:00,21949.8,22048.65,21798.7,21909.675
2024-06-04 15:00:00,21895.675,21969.65,21725.3,21861.8125
2024-06-04 15:15:00,21876.15,22068.55,21871.45,21971.2625
2024-06-05 09:15:00,21972.525,22131.6,21791.95,22014.8875
2024-06-05 09:30:00,22068.0,22068.0,21914.4,21977.5
2024-06-05 09:45:00,21970.325,21970.325,21820.9,21893.1
2024-06-05 10:00:00,21895.5,22077.3,21860.25,21965.4125
2024-06-05 10:15:00,21962.05,22076.6,21943.95,22011.0
2024-06-05 10:30:00,22011.725,22065.5,21960.75,22010.0625
2024-06-05 10:45:00,22007.0,22230.55,22007.0,22134.825
2024-06-05 11:00:00,22134.175,22355.4,22134.175,22277.1375
2024-06-05 11:15:00,22283.6,22426.3,22275.0,22369.6125
2024-06-05 11:30:00,22388.575,22445.0,22331.3,22389.5625
2024-06-05 11:45:00,22390.975,22390.975,22213.15,22297.025
2024-06-05 12:00:00,22310.825,22324.55,22263.5,22292.3875
2024-06-05 12:15:00,22290.75,22373.0,22290.75,22329.375
2024-06-05 12:30:00,22321.425,22363.45,22285.15,22320.5625
2024-06-05 12:45:00,22316.825,22366.4,22241.25,22317.65
2024-06-05 13:00:00,22331.475,22420.55,22328.8,22371.5125
2024-06-05 13:15:00,22368.35,22420.55,22354.0,22387.275
2024-06-05 13:30:00,22387.275,22439.3,22381.65,22411.6
2024-06-05 13:45:00,22412.725,22499.65,22399.6,22453.2625
2024-06-05 14:00:00,22456.9,22560.65,22456.9,22496.3125
2024-06-05 14:15:00,22481.25,22543.85,22430.05,22497.025
2024-06-05 14:30:00,22507.1,22603.8,22507.1,22557.725
2024-06-05 14:45:00,22557.25,22638.35,22557.25,22599.275
2024-06-05 15:00:00,22596.65,22670.4,22596.65,22633.3875
2024-06-05 15:15:00,22626.2,22639.55,22554.65,22600.7125
2024-06-06 09:15:00,22604.325,22799.5,22604.325,22739.425
2024-06-06 09:30:00,22757.8,22776.8,22700.65,22731.2375
2024-06-06 09:45:00,22723.75,22769.7,22680.0,22732.8625
2024-06-06 10:00:00,22740.875,22797.35,22736.8,22767.3125
2024-06-06 10:15:00,22767.55,22863.15,22767.55,22821.95
2024-06-06 10:30:00,22819.7,22880.1,22819.7,22855.3375
2024-06-06 10:45:00,22856.475,22885.55,22841.75,22869.35
2024-06-06 11:00:00,22875.05,22910.15,22875.05,22892.2375
2024-06-06 11:15:00,22890.65,22904.85,22868.3,22887.6375
2024-06-06 11:30:00,22888.7,22888.7,22780.25,22835.3125
2024-06-06 11:45:00,22838.525,22838.525,22675.8,22770.4625
2024-06-06 12:00:00,22787.1,22787.1,22710.35,22748.675
2024-06-06 12:15:00,22749.15,22786.35,22707.9,22745.625
2024-06-06 12:30:00,22744.125,22805.45,22715.75,22751.975
2024-06-06 12:45:00,22743.35,22774.6,22700.25,22734.7625
2024-06-06 13:00:00,22732.1,22750.2,22645.15,22709.8
2024-06-06 13:15:00,22721.925,22767.7,22694.95,22731.5
2024-06-06 13:30:00,22731.675,22847.2,22731.675,22799.1625
2024-06-06 13:45:00,22802.775,22848.35,22725.05,22799.4875
2024-06-06 14:00:00,22812.275,22812.275,22737.9,22775.6875
2024-06-06 14:15:00,22780.25,22797.0,22719.4,22755.375
2024-06-06 14:30:00,22752.55,22752.55,22669.5,22714.1625
2024-06-06 14:45:00,22726.3,22781.5,22712.8,22748.4875
2024-06-06 15:00:00,22749.825,22826.3,22749.825,22800.2875
2024-06-06 15:15:00,22800.0,22865.45,22800.0,22835.9125
2024-06-07 09:15:00,22836.925,22943.35,22789.05,22868.9375
2024-06-07 09:30:00,22871.675,22953.8,22871.675,22930.9125
2024-06-07 09:45:00,22930.875,22983.15,22904.35,22952.4125
2024-06-07 10:00:00,22961.075,23004.85,22951.5,22978.725
2024-06-07 10:15:00,22979.275,22995.7,22916.6,22970.5375
2024-06-07 10:30:00,22984.925,23059.45,22978.2,23015.4625
2024-06-07 10:45:00,23012.1,23060.4,23012.1,23041.9125
2024-06-07 11:00:00,23042.4,23082.9,23042.4,23062.9875
2024-06-07 11:15:00,23063.3,23077.75,23037.9,23058.4875
2024-06-07 11:30:00,23059.15,23141.35,23043.95,23090.35
2024-06-07 11:45:00,23088.05,23230.15,23088.05,23167.375
2024-06-07 12:00:00,23157.625,23219.45,23157.625,23191.025
2024-06-07 12:15:00,23185.85,23213.85,23135.85,23187.2625
2024-06-07 12:30:00,23199.675,23222.2,23179.8,23207.65
2024-06-07 12:45:00,23214.3,23250.0,23189.9,23218.5375
2024-06-07 13:00:00,23217.125,23217.95,23171.8,23203.3375
2024-06-07 13:15:00,23211.8,23211.8,23151.85,23186.6625
2024-06-07 13:30:00,23192.975,23226.15,23170.35,23200.125
2024-06-07 13:45:00,23202.0,23253.55,23191.8,23217.625
2024-06-07 14:00:00,23212.575,23254.55,23192.1,23222.8125
2024-06-07 14:15:00,23222.3,23281.85,23222.3,23253.25
2024-06-07 14:30:00,23252.1,23273.35,23225.1,23249.2625
2024-06-07 14:45:00,23249.3,23319.1,23236.25,23276.1875
2024-06-07 15:00:00,23274.7,23320.2,23274.7,23298.625
2024-06-07 15:15:00,23298.7,23301.65,23262.8,23280.5375
2024-06-10 09:15:00,23278.85,23411.9,23278.85,23361.1125
2024-06-10 09:30:00,23359.4,23404.15,23241.35,23342.5875
2024-06-10 09:45:00,23362.425,23362.425,23256.7,23293.5625
2024-06-10 10:00:00,23295.75,23327.65,23233.05,23284.5125
2024-06-10 10:15:00,23288.675,23362.85,23288.675,23333.45
2024-06-10 10:30:00,23332.825,23355.9,23308.85,23335.85
2024-06-10 10:45:00,23339.325,23356.15,23303.0,23333.7875
2024-06-10 11:00:00,23338.0,23360.75,23318.7,23341.7625
2024-06-10 11:15:00,23343.8,23369.1,23334.55,23351.9625
2024-06-10 11:30:00,23352.1,23370.85,23333.75,23353.45
2024-06-10 11:45:00,23354.6,23358.65,23329.65,23340.65
2024-06-10 12:00:00,23337.15,23347.1,23297.5,23320.95
2024-06-10 12:15:00,23319.6,23326.95,23304.9,23312.6875
2024-06-10 12:30:00,23309.45,23339.1,23309.45,23323.575
2024-06-10 12:45:00,23322.425,23345.85,23320.9,23334.9875
2024-06-10 13:00:00,23336.6,23348.05,23326.85,23336.1875
2024-06-10 13:15:00,23334.925,23344.4,23324.15,23332.8375
2024-06-10 13:30:00,23331.4,23361.75,23328.25,23344.6875
2024-06-10 13:45:00,23344.375,23368.5,23341.7,23359.2625
2024-06-10 14:00:00,23363.425,23377.35,23355.85,23365.6625
2024-06-10 14:15:00,23364.725,23365.0,23256.4,23311.5875
2024-06-10 14:30:00,23312.475,23312.475,23228.45,23272.0375
2024-06-10 14:45:00,23279.575,23300.1,23264.15,23286.525
2024-06-10 15:00:00,23290.925,23300.4,23259.75,23276.6375
2024-06-10 15:15:00,23273.2,23273.2,23227.15,23246.8625
2024-06-11 09:15:00,23248.025,23289.8,23229.6,23271.6
2024-06-11 09:30:00,23283.5,23285.7,23206.65,23256.9625
2024-06-11 09:45:00,23267.75,23288.9,23250.35,23265.5
2024-06-11 10:00:00,23261.375,23325.15,23261.375,23293.1
2024-06-11 10:15:00,23290.75,23326.25,23290.75,23312.95
2024-06-11 10:30:00,23309.65,23348.0,23300.3,23319.0625
2024-06-11 10:45:00,23313.975,23328.85,23310.35,23319.55
2024-06-11 11:00:00,23319.5,23334.5,23297.9,23319.7
2024-06-11 11:15:00,23323.2,23335.05,23303.7,23318.75
2024-06-11 11:30:00,23318.125,23325.35,23306.75,23315.875
2024-06-11 11:45:00,23315.7,23336.15,23315.25,23324.1
2024-06-11 12:00:00,23322.5,23336.8,23315.0,23325.6
2024-06-11 12:15:00,23325.3,23342.3,23322.05,23332.4625
2024-06-11 12:30:00,23332.75,23339.4,23311.05,23330.7875
2024-06-11 12:45:00,23336.35,23361.5,23325.65,23339.425
2024-06-11 13:00:00,23335.275,23347.45,23328.65,23335.2875
2024-06-11 13:15:00,23332.525,23358.35,23327.55,23343.2375
2024-06-11 13:30:00,23343.525,23383.85,23343.525,23365.375
2024-06-11 13:45:00,23365.925,23389.45,23363.7,23376.7375
2024-06-11 14:00:00,23376.9,23376.9,23317.75,23349.3875
2024-06-11 14:15:00,23352.25,23352.25,23300.95,23330.925
2024-06-11 14:30:00,23337.575,23351.85,23325.85,23339.025
2024-06-11 14:45:00,23339.2,23339.2,23315.65,23328.05
2024-06-11 15:00:00,23330.175,23330.175,23260.35,23294.325
2024-06-11 15:15:00,23294.925,23294.925,23232.0,23256.775
2024-06-12 09:15:00,23263.325,23357.8,23263.325,23338.6625
2024-06-12 09:30:00,23350.45,23378.5,23339.75,23361.6125
2024-06-12 09:45:00,23364.1,23404.6,23364.1,23387.0875
2024-06-12 10:00:00,23388.45,23420.35,23388.45,23405.6625
2024-06-12 10:15:00,23406.125,23414.05,23383.75,23403.2875
2024-06-12 10:30:00,23407.675,23438.15,23393.75,23417.9375
2024-06-12 10:45:00,23419.925,23441.95,23416.5,23429.6
2024-06-12 11:00:00,23429.975,23429.975,23403.05,23417.2
2024-06-12 11:15:00,23418.925,23421.35,23377.4,23397.575
2024-06-12 11:30:00,23395.775,23409.75,23365.0,23389.1375
2024-06-12 11:45:00,23390.9,23436.85,23390.9,23418.55
2024-06-12 12:00:00,23418.1,23436.15,23401.7,23421.45
2024-06-12 12:15:00,23423.975,23423.975,23408.1,23414.9
2024-06-12 12:30:00,23413.85,23423.8,23402.9,23413.4625
2024-06-12 12:45:00,23413.575,23413.575,23384.05,23403.4
2024-06-12 13:00:00,23408.0,23419.6,23398.4,23408.2875
2024-06-12 13:15:00,23407.575,23414.35,23392.5,23403.425
2024-06-12 13:30:00,23403.425,23420.8,23394.0,23402.5625
2024-06-12 13:45:00,23397.725,23406.55,23350.2,23380.75
2024-06-12 14:00:00,23383.125,23383.125,23336.95,23358.4625
2024-06-12 14:15:00,23359.3,23368.5,23340.6,23353.9625
2024-06-12 14:30:00,23353.375,23379.9,23340.5,23363.2625
2024-06-12 14:45:00,23366.325,23394.15,23366.325,23378.8875
2024-06-12 15:00:00,23376.95,23376.95,23315.6,23346.0375
2024-06-12 15:15:00,23348.45,23348.45,23297.75,23315.4875
2024-06-13 09:15:00,23317.2,23481.05,23317.2,23447.55
2024-06-13 09:30:00,23450.025,23450.025,23382.3,23402.775
2024-06-13 09:45:00,23400.75,23408.05,23364.05,23389.4125
2024-06-13 10:00:00,23392.775,23414.1,23371.2,23399.0625
2024-06-13 10:15:00,23405.475,23411.55,23375.0,23393.025
2024-06-13 10:30:00,23392.775,23397.6,23372.15,23382.7125
2024-06-13 10:45:00,23380.55,23391.15,23372.6,23380.8
2024-06-13 11:00:00,23379.725,23394.05,23366.05,23376.175
2024-06-13 11:15:00,23372.3,23374.85,23353.9,23367.475
2024-06-13 11:30:00,23370.575,23390.6,23368.8,23377.7625
2024-06-13 11:45:00,23375.825,23414.25,23375.825,23391.6375
2024-06-13 12:00:00,23387.25,23400.1,23387.0,23393.8375
2024-06-13 12:15:00,23394.125,23406.5,23386.4,23397.55
2024-06-13 12:30:00,23398.65,23412.25,23388.5,23399.85
2024-06-13 12:45:00,23399.325,23409.55,23380.9,23395.725
2024-06-13 13:00:00,23396.225,23421.1,23394.5,23406.55
2024-06-13 13:15:00,23405.3,23416.8,23402.9,23410.5125
2024-06-13 13:30:00,23411.175,23417.85,23403.7,23410.3125
2024-06-13 13:45:00,23409.85,23409.85,23384.1,23400.625
2024-06-13 14:00:00,23405.075,23408.05,23385.8,23398.0
2024-06-13 14:15:00,23399.075,23399.075,23366.25,23386.8375
2024-06-13 14:30:00,23392.65,23400.65,23380.65,23392.825
2024-06-13 14:45:00,23395.0,23407.8,23386.0,23398.325
2024-06-13 15:00:00,23399.75,23404.1,23384.6,23396.775
2024-06-13 15:15:00,23399.2,23411.2,23396.75,23401.3625
2024-06-14 09:15:00,23398.75,23469.45,23337.4,23405.8
2024-06-14 09:30:00,23408.175,23408.175,23334.25,23349.2125
2024-06-14 09:45:00,23347.075,23408.0,23338.75,23373.85
2024-06-14 10:00:00,23374.325,23447.6,23374.325,23424.8375
2024-06-14 10:15:00,23422.4,23455.05,23422.4,23439.175
2024-06-14 10:30:00,23438.375,23459.45,23432.95,23445.375
2024-06-14 10:45:00,23444.55,23453.65,23437.7,23445.15
2024-06-14 11:00:00,23444.625,23451.3,23433.9,23443.175
2024-06-14 11:15:00,23443.75,23452.5,23431.85,23441.6625
2024-06-14 11:30:00,23441.15,23448.55,23429.7,23439.375
2024-06-14 11:45:00,23439.625,23450.15,23438.75,23445.1875
2024-06-14 12:00:00,23445.925,23449.75,23428.0,23440.8625
2024-06-14 12:15:00,23442.85,23442.85,23431.0,23436.925
2024-06-14 12:30:00,23437.225,23442.45,23429.55,23436.05
2024-06-14 12:45:00,23436.1,23451.8,23434.0,23442.075
2024-06-14 13:00:00,23441.25,23462.7,23441.0,23451.925
2024-06-14 13:15:00,23452.0,23463.55,23452.0,23457.625
2024-06-14 13:30:00,23457.35,23457.35,23435.35,23447.4625
2024-06-14 13:45:00,23448.85,23451.9,23424.15,23437.825
2024-06-14 14:00:00,23437.625,23451.15,23429.45,23439.8625
2024-06-14 14:15:00,23439.425,23452.9,23439.425,23447.325
2024-06-14 14:30:00,23447.15,23465.2,23442.6,23452.8375
2024-06-14 14:45:00,23451.775,23468.1,23451.775,23460.7125
2024-06-14 15:00:00,23460.65,23490.4,23460.65,23472.7625
2024-06-14 15:15:00,23468.95,23473.35,23444.6,23461.125
2024-06-18 09:15:00,23463.275,23573.85,23463.275,23540.15
2024-06-18 09:30:00,23543.525,23558.85,23515.0,23535.6375
2024-06-18 09:45:00,23534.35,23572.75,23534.35,23559.6125
2024-06-18 10:00:00,23558.225,23579.05,23542.35,23556.625
2024-06-18 10:15:00,23552.55,23556.2,23512.85,23536.6
2024-06-18 10:30:00,23538.675,23550.5,23534.35,23538.9875
2024-06-18 10:45:00,23535.55,23546.7,23530.75,23537.9
2024-06-18 11:00:00,23537.075,23551.25,23526.95,23539.0625
2024-06-18 11:15:00,23539.025,23557.35,23539.025,23546.125
2024-06-18 11:30:00,23542.925,23548.65,23537.3,23543.0625
2024-06-18 11:45:00,23543.15,23546.25,23535.6,23541.0875
2024-06-18 12:00:00,23541.25,23546.7,23532.05,23538.2875
2024-06-18 12:15:00,23537.2,23541.4,23525.25,23531.45
2024-06-18 12:30:00,23529.575,23535.3,23513.7,23525.6
2024-06-18 12:45:00,23526.7,23536.6,23520.2,23527.9125
2024-06-18 13:00:00,23527.425,23535.75,23521.6,23529.925
2024-06-18 13:15:00,23531.175,23542.8,23523.85,23533.9125
2024-06-18 13:30:00,23534.5,23541.0,23531.55,23536.8375
2024-06-18 13:45:00,23537.4,23542.7,23530.7,23537.7875
2024-06-18 14:00:00,23538.875,23550.1,23535.3,23541.0875
2024-06-18 14:15:00,23539.475,23547.3,23530.7,23539.3
2024-06-18 14:30:00,23539.6,23544.15,23527.95,23536.5
2024-06-18 14:45:00,23536.95,23541.05,23531.85,23536.2375
2024-06-18 15:00:00,23536.025,23556.95,23536.025,23546.7625
2024-06-18 15:15:00,23546.65,23572.1,23546.65,23561.2875
2024-06-19 09:15:00,23559.25,23630.85,23554.3,23592.825
2024-06-19 09:30:00,23593.075,23604.65,23532.1,23568.5875
2024-06-19 09:45:00,23568.8,23595.7,23560.55,23577.6875
2024-06-19 10:00:00,23577.25,23588.85,23523.0,23552.5625
2024-06-19 10:15:00,23549.2,23549.2,23447.35,23487.5875
2024-06-19 10:30:00,23485.2,23485.2,23412.9,23447.9375
2024-06-19 10:45:00,23454.575,23518.25,23435.5,23480.325
2024-06-19 11:00:00,23483.775,23520.7,23481.0,23503.3875
2024-06-19 11:15:00,23505.925,23514.1,23478.55,23499.3125
2024-06-19 11:30:00,23502.3,23546.25,23489.3,23519.5125
2024-06-19 11:45:00,23521.25,23553.4,23521.25,23540.025
2024-06-19 12:00:00,23538.775,23556.65,23526.35,23543.8375
2024-06-19 12:15:00,23546.175,23574.2,23543.05,23556.85
2024-06-19 12:30:00,23555.075,23570.45,23550.7,23558.2125
2024-06-19 12:45:00,23555.85,23563.0,23539.05,23550.675
2024-06-19 13:00:00,23550.325,23556.05,23527.0,23543.9125
2024-06-19 13:15:00,23546.3,23555.75,23513.5,23540.3625
2024-06-19 13:30:00,23546.1,23550.65,23522.85,23538.05
2024-06-19 13:45:00,23539.35,23557.1,23515.8,23540.9
2024-06-19 14:00:00,23545.35,23571.5,23540.05,23556.125
2024-06-19 14:15:00,23556.475,23600.15,23545.85,23572.7
2024-06-19 14:30:00,23572.4,23664.0,23572.4,23610.4
2024-06-19 14:45:00,23598.275,23635.75,23548.75,23588.4125
2024-06-19 15:00:00,23584.575,23584.575,23484.15,23528.875
2024-06-19 15:15:00,23534.15,23534.15,23504.6,23516.0625
2024-06-20 09:15:00,23515.6,23587.7,23461.75,23533.85
2024-06-20 09:30:00,23542.975,23544.4,23467.5,23504.375
2024-06-20 09:45:00,23502.8,23518.3,23442.6,23491.8875
2024-06-20 10:00:00,23503.325,23515.25,23472.75,23493.425
2024-06-20 10:15:00,23492.85,23534.9,23478.05,23506.4
2024-06-20 10:30:00,23506.325,23539.0,23500.45,23523.975
2024-06-20 10:45:00,23528.225,23542.5,23517.3,23532.1
2024-06-20 11:00:00,23534.3,23563.4,23530.4,23541.375
2024-06-20 11:15:00,23535.85,23548.4,23524.05,23534.4625
2024-06-20 11:30:00,23532.7,23555.95,23529.5,23542.6125
2024-06-20 11:45:00,23542.5,23569.3,23542.5,23557.7125
2024-06-20 12:00:00,23556.675,23566.0,23545.15,23557.0125
2024-06-20 12:15:00,23558.45,23561.95,23549.55,23554.6125
2024-06-20 12:30:00,23553.475,23559.2,23535.0,23545.9125
2024-06-20 12:45:00,23544.725,23557.4,23532.5,23544.8125
2024-06-20 13:00:00,23544.675,23572.4,23544.675,23555.25
2024-06-20 13:15:00,23551.75,23624.0,23551.0,23583.625
2024-06-20 13:30:00,23579.75,23622.35,23579.75,23609.1625
2024-06-20 13:45:00,23610.225,23612.2,23535.25,23573.875
2024-06-20 14:00:00,23574.025,23574.025,23532.5,23550.2125
2024-06-20 14:15:00,23549.35,23600.5,23549.35,23576.375
2024-06-20 14:30:00,23573.45,23590.9,23556.35,23577.5875
2024-06-20 14:45:00,23581.55,23581.55,23536.35,23564.1875
2024-06-20 15:00:00,23569.525,23575.55,23549.4,23562.425
2024-06-20 15:15:00,23562.375,23587.8,23559.85,23573.25
2024-06-21 09:15:00,23572.675,23667.1,23572.675,23633.0125
2024-06-21 09:30:00,23635.425,23649.05,23576.1,23605.6375
2024-06-21 09:45:00,23598.7,23611.3,23567.05,23594.1
2024-06-21 10:00:00,23599.025,23622.45,23575.05,23598.2
2024-06-21 10:15:00,23597.65,23609.75,23578.95,23595.6875
2024-06-21 10:30:00,23597.025,23610.95,23541.1,23576.8375
2024-06-21 10:45:00,23577.65,23577.65,23491.5,23529.35
2024-06-21 11:00:00,23539.375,23541.7,23503.45,23527.1375
2024-06-21 11:15:00,23531.7,23532.7,23510.25,23523.8625
2024-06-21 11:30:00,23526.25,23561.9,23507.0,23535.025
2024-06-21 11:45:00,23535.6,23551.5,23524.6,23540.1875
2024-06-21 12:00:00,23542.325,23547.85,23527.15,23538.1125
2024-06-21 12:15:00,23538.725,23546.35,23526.7,23536.0875
2024-06-21 12:30:00,23535.65,23535.65,23455.45,23495.6125
2024-06-21 12:45:00,23496.025,23496.025,23442.85,23460.7125
2024-06-21 13:00:00,23463.1,23469.3,23422.4,23452.625
2024-06-21 13:15:00,23459.4,23489.6,23442.25,23462.7625
2024-06-21 13:30:00,23459.6,23481.35,23454.2,23467.35
2024-06-21 13:45:00,23466.925,23545.5,23462.5,23499.4625
2024-06-21 14:00:00,23494.925,23585.7,23494.925,23547.25
2024-06-21 14:15:00,23545.575,23577.3,23431.4,23505.85
2024-06-21 14:30:00,23507.35,23507.35,23398.2,23444.075
2024-06-21 14:45:00,23451.975,23533.9,23451.975,23491.0
2024-06-21 15:00:00,23485.225,23566.15,23472.7,23506.55
2024-06-21 15:15:00,23493.675,23493.675,23445.65,23466.2875
2024-06-24 09:15:00,23464.8,23464.8,23351.5,23396.0
2024-06-24 09:30:00,23396.65,23411.6,23350.0,23389.9875
2024-06-24 09:45:00,23399.175,23446.95,23382.95,23409.5125
2024-06-24 10:00:00,23404.075,23454.6,23400.75,23430.625
2024-06-24 10:15:00,23433.575,23461.4,23430.75,23445.85
2024-06-24 10:30:00,23445.625,23481.35,23441.8,23462.275
2024-06-24 10:45:00,23462.975,23494.0,23462.975,23477.2375
2024-06-24 11:00:00,23474.625,23525.2,23469.5,23490.4625
2024-06-24 11:15:00,23483.575,23544.9,23483.575,23515.175
2024-06-24 11:30:00,23509.925,23536.55,23500.75,23515.825
2024-06-24 11:45:00,23513.0,23539.0,23491.5,23516.75
2024-06-24 12:00:00,23518.25,23543.55,23518.25,23535.3625
2024-06-24 12:15:00,23535.0,23554.25,23523.6,23539.4125
2024-06-24 12:30:00,23539.9,23558.1,23520.2,23536.1625
2024-06-24 12:45:00,23533.175,23538.25,23513.65,23524.6875
2024-06-24 13:00:00,23523.425,23547.6,23513.7,23533.0
2024-06-24 13:15:00,23535.35,23555.25,23529.75,23540.725
2024-06-24 13:30:00,23538.95,23552.05,23527.6,23536.775
2024-06-24 13:45:00,23533.725,23548.4,23522.35,23535.75
2024-06-24 14:00:00,23536.125,23537.7,23511.0,23525.8625
2024-06-24 14:15:00,23527.375,23531.75,23504.75,23521.225
2024-06-24 14:30:00,23524.2,23530.1,23504.5,23520.7125
2024-06-24 14:45:00,23524.125,23524.125,23492.25,23511.2125
2024-06-24 15:00:00,23516.5,23550.25,23504.0,23528.4875
2024-06-24 15:15:00,23529.85,23553.1,23529.85,23545.4125
2024-06-25 09:15:00,23547.825,23603.65,23547.825,23582.6
2024-06-25 09:30:00,23577.85,23605.75,23574.25,23590.0125
2024-06-25 09:45:00,23590.025,23618.1,23574.75,23591.675
2024-06-25 10:00:00,23586.925,23599.7,23564.95,23583.475
2024-06-25 10:15:00,23584.625,23604.4,23584.625,23595.0125
2024-06-25 10:30:00,23595.2,23598.65,23587.25,23592.5
2024-06-25 10:45:00,23592.05,23610.9,23588.9,23598.4625
2024-06-25 11:00:00,23597.025,23605.45,23579.75,23592.55
2024-06-25 11:15:00,23592.5,23592.5,23562.05,23575.8
2024-06-25 11:30:00,23576.875,23583.05,23566.35,23575.9125
2024-06-25 11:45:00,23577.125,23593.35,23576.3,23584.8625
2024-06-25 12:00:00,23584.9,23599.05,23579.55,23588.875
2024-06-25 12:15:00,23588.45,23632.85,23580.65,23605.7
2024-06-25 12:30:00,23604.65,23666.15,23604.65,23638.55
2024-06-25 12:45:00,23633.275,23668.65,23633.275,23652.425
2024-06-25 13:00:00,23650.15,23684.1,23646.4,23664.4125
2024-06-25 13:15:00,23663.575,23692.25,23663.575,23678.8
2024-06-25 13:30:00,23675.675,23682.2,23661.5,23673.975
2024-06-25 13:45:00,23676.1,23691.15,23671.6,23678.95
2024-06-25 14:00:00,23676.525,23710.45,23675.2,23689.9125
2024-06-25 14:15:00,23687.0,23697.4,23671.45,23689.35
2024-06-25 14:30:00,23694.275,23704.55,23686.1,23693.625
2024-06-25 14:45:00,23691.925,23700.45,23673.65,23687.3
2024-06-25 15:00:00,23687.55,23733.05,23685.05,23708.85
2024-06-25 15:15:00,23708.65,23754.15,23708.65,23730.8875
2024-06-26 09:15:00,23727.05,23749.5,23689.3,23714.45
2024-06-26 09:30:00,23709.5,23725.25,23670.45,23698.3625
2024-06-26 09:45:00,23698.875,23718.95,23681.05,23700.5875
2024-06-26 10:00:00,23701.175,23706.7,23686.15,23697.0125
2024-06-26 10:15:00,23697.6,23751.0,23693.15,23717.2875
2024-06-26 10:30:00,23712.5,23742.2,23712.5,23728.9
2024-06-26 10:45:00,23728.65,23769.75,23722.35,23745.2125
2024-06-26 11:00:00,23744.375,23790.5,23744.375,23773.375
2024-06-26 11:15:00,23769.375,23813.25,23769.375,23791.55
2024-06-26 11:30:00,23790.175,23825.75,23790.175,23807.35
2024-06-26 11:45:00,23806.25,23827.5,23803.35,23815.8375
2024-06-26 12:00:00,23816.25,23842.9,23816.25,23829.1625
2024-06-26 12:15:00,23827.95,23859.5,23827.2,23838.05
2024-06-26 12:30:00,23832.75,23849.9,23829.75,23839.625
2024-06-26 12:45:00,23839.425,23850.55,23816.8,23835.3375
2024-06-26 13:00:00,23837.0,23844.65,23803.8,23827.025
2024-06-26 13:15:00,23829.825,23858.55,23825.1,23839.8375
2024-06-26 13:30:00,23837.85,23858.7,23837.85,23846.975
2024-06-26 13:45:00,23845.175,23863.8,23843.45,23850.925
2024-06-26 14:00:00,23848.225,23874.55,23848.225,23862.3
2024-06-26 14:15:00,23862.025,23880.5,23849.95,23867.2125
2024-06-26 14:30:00,23869.2,23882.45,23857.85,23869.875
2024-06-26 14:45:00,23869.6,23885.5,23857.0,23872.025
2024-06-26 15:00:00,23872.8,23889.9,23843.2,23870.4125
2024-06-26 15:15:00,23874.275,23887.05,23839.6,23860.1
2024-06-27 09:15:00,23856.875,23887.45,23813.45,23850.5375
2024-06-27 09:30:00,23850.625,23865.0,23805.4,23836.8625
2024-06-27 09:45:00,23838.525,23915.9,23838.525,23886.0125
2024-06-27 10:00:00,23886.6,23966.4,23886.6,23933.8875
2024-06-27 10:15:00,23930.675,23974.7,23930.675,23957.3
2024-06-27 10:30:00,23958.45,23973.9,23844.15,23909.175
2024-06-27 10:45:00,23909.325,23909.325,23834.3,23866.1
2024-06-27 11:00:00,23869.575,23925.35,23869.575,23902.75
2024-06-27 11:15:00,23905.05,23931.8,23894.15,23916.4
2024-06-27 11:30:00,23919.825,23952.8,23906.1,23931.1125
2024-06-27 11:45:00,23932.775,23954.75,23931.25,23946.8625
2024-06-27 12:00:00,23950.725,24006.15,23944.15,23977.4625
2024-06-27 12:15:00,23979.775,24015.25,23976.9,23994.8875
2024-06-27 12:30:00,23993.7,23997.4,23975.2,23986.5375
2024-06-27 12:45:00,23986.775,24036.6,23946.15,23981.0125
2024-06-27 13:00:00,23970.65,23972.5,23941.5,23956.625
2024-06-27 13:15:00,23956.25,23992.15,23946.3,23963.8375
2024-06-27 13:30:00,23958.45,23964.3,23931.2,23951.3
2024-06-27 13:45:00,23954.85,23976.9,23939.5,23960.675
2024-06-27 14:00:00,23963.15,23995.35,23929.95,23963.45
2024-06-27 14:15:00,23964.25,23966.75,23927.15,23948.1875
2024-06-27 14:30:00,23949.425,23983.0,23913.65,23955.7375
2024-06-27 14:45:00,23963.15,24034.9,23963.15,24004.225
2024-06-27 15:00:00,24005.4,24048.95,24005.4,24032.7625
2024-06-27 15:15:00,24037.45,24087.45,24036.1,24051.2625
2024-06-28 09:15:00,24040.75,24137.5,24040.75,24105.7125
2024-06-28 09:30:00,24111.25,24174.0,24109.35,24142.6875
2024-06-28 09:45:00,24143.7,24171.9,24126.3,24147.2125
2024-06-28 10:00:00,24145.325,24151.85,24124.0,24135.8625
2024-06-28 10:15:00,24133.8,24143.35,24105.15,24130.8625
2024-06-28 10:30:00,24137.475,24150.9,24133.7,24141.0375
2024-06-28 10:45:00,24139.775,24146.75,24124.05,24136.025
2024-06-28 11:00:00,24136.65,24151.25,24129.55,24140.6125
2024-06-28 11:15:00,24140.825,24150.5,24111.5,24130.75
2024-06-28 11:30:00,24130.5,24149.3,24103.7,24126.3625
2024-06-28 11:45:00,24126.225,24144.0,24106.45,24124.875
2024-06-28 12:00:00,24124.525,24124.525,24105.1,24111.875
2024-06-28 12:15:00,24109.675,24115.0,24032.1,24077.9
2024-06-28 12:30:00,24082.25,24082.25,24032.05,24049.6
2024-06-28 12:45:00,24049.775,24059.4,24009.15,24037.55
2024-06-28 13:00:00,24040.825,24062.8,24024.45,24045.9
2024-06-28 13:15:00,24048.175,24079.0,24046.1,24062.0625
2024-06-28 13:30:00,24061.575,24091.45,24044.8,24069.55
2024-06-28 13:45:00,24070.975,24093.1,24070.975,24084.45
2024-06-28 14:00:00,24085.375,24135.45,24084.2,24106.575
2024-06-28 14:15:00,24103.325,24132.9,24093.5,24109.9875
2024-06-28 14:30:00,24106.775,24109.8,24041.05,24079.625
2024-06-28 14:45:00,24083.825,24108.1,24063.1,24076.1625
2024-06-28 15:00:00,24066.725,24074.7,23988.9,24029.2625
2024-06-28 15:15:00,24026.725,24026.725,23985.8,23999.175
2024-07-01 09:15:00,23998.975,24049.6,23992.7,24019.4875
2024-07-01 09:30:00,24017.825,24081.75,24017.825,24059.4375
2024-07-01 09:45:00,24061.5,24084.85,24061.5,24077.625
2024-07-01 10:00:00,24080.95,24096.6,24054.15,24071.7375
2024-07-01 10:15:00,24068.1,24086.4,24056.05,24068.8875
2024-07-01 10:30:00,24066.55,24092.7,24066.55,24081.25
2024-07-01 10:45:00,24079.625,24092.7,24066.0,24080.2125
2024-07-01 11:00:00,24081.075,24089.6,24067.2,24079.1375
2024-07-01 11:15:00,24079.875,24116.45,24072.0,24095.125
2024-07-01 11:30:00,24096.025,24118.8,24096.025,24111.5375
2024-07-01 11:45:00,24115.475,24120.2,24102.05,24111.35
2024-07-01 12:00:00,24111.575,24124.4,24105.8,24111.4875
2024-07-01 12:15:00,24107.875,24128.0,24106.35,24116.2625
2024-07-01 12:30:00,24115.35,24121.95,24099.0,24114.85
2024-07-01 12:45:00,24119.225,24126.65,24114.7,24119.75
2024-07-01 13:00:00,24118.825,24125.5,24113.0,24119.175
2024-07-01 13:15:00,24119.1,24130.25,24108.25,24119.5
2024-07-01 13:30:00,24119.75,24143.4,24119.75,24130.3125
2024-07-01 13:45:00,24129.0,24146.8,24127.7,24138.9125
2024-07-01 14:00:00,24140.575,24152.35,24127.2,24141.15
2024-07-01 14:15:00,24142.525,24152.4,24120.35,24136.15
2024-07-01 14:30:00,24135.925,24147.8,24129.3,24138.7625
2024-07-01 14:45:00,24138.975,24149.6,24133.7,24142.2375
2024-07-01 15:00:00,24142.825,24164.0,24124.0,24144.0125
2024-07-01 15:15:00,24144.025,24153.95,24120.0,24135.9875
2024-07-02 09:15:00,24135.0,24236.35,24135.0,24187.475
2024-07-02 09:30:00,24186.8,24186.8,24091.55,24123.1875
2024-07-02 09:45:00,24118.025,24127.3,24073.65,24105.0375
2024-07-02 10:00:00,24109.6,24149.1,24109.6,24131.425
2024-07-02 10:15:00,24127.9,24159.6,24121.0,24137.075
2024-07-02 10:30:00,24133.85,24154.8,24132.9,24142.45
2024-07-02 10:45:00,24141.05,24162.95,24135.35,24151.0375
2024-07-02 11:00:00,24152.925,24185.05,24152.925,24171.1625
2024-07-02 11:15:00,24172.9,24190.25,24171.25,24181.15
2024-07-02 11:30:00,24181.55,24187.2,24122.75,24155.5
2024-07-02 11:45:00,24156.025,24168.05,24128.65,24146.875
2024-07-02 12:00:00,24145.4,24169.15,24137.5,24151.025
2024-07-02 12:15:00,24148.725,24158.6,24135.75,24145.6
2024-07-02 12:30:00,24144.025,24156.85,24094.35,24127.9
2024-07-02 12:45:00,24130.2,24130.2,24059.65,24088.7625
2024-07-02 13:00:00,24089.925,24114.0,24056.4,24086.25
2024-07-02 13:15:00,24087.3,24136.9,24087.3,24111.7
2024-07-02 13:30:00,24108.525,24136.45,24098.4,24117.525
2024-07-02 13:45:00,24117.625,24132.15,24095.25,24117.0125
2024-07-02 14:00:00,24120.325,24124.15,24100.7,24112.9375
2024-07-02 14:15:00,24113.45,24124.6,24108.1,24116.1125
2024-07-02 14:30:00,24115.875,24150.25,24115.875,24134.725
2024-07-02 14:45:00,24134.075,24147.6,24129.35,24138.2625
2024-07-02 15:00:00,24138.05,24139.5,24118.15,24128.7375
2024-07-02 15:15:00,24128.65,24130.5,24110.6,24121.0
2024-07-03 09:15:00,24121.45,24292.15,24121.45,24255.425
2024-07-03 09:30:00,24261.225,24283.35,24229.35,24256.8
2024-07-03 09:45:00,24257.25,24307.25,24257.25,24283.3125
2024-07-03 10:00:00,24278.675,24290.8,24264.5,24274.15
2024-07-03 10:15:00,24270.65,24293.75,24259.6,24275.4125
2024-07-03 10:30:00,24274.15,24284.5,24264.2,24278.0125
2024-07-03 10:45:00,24281.675,24286.3,24270.4,24278.8875
2024-07-03 11:00:00,24279.425,24282.15,24261.7,24272.5875
2024-07-03 11:15:00,24273.25,24275.75,24236.25,24258.8625
2024-07-03 11:30:00,24261.725,24274.55,24250.6,24260.375
2024-07-03 11:45:00,24258.175,24268.45,24253.95,24260.3125
2024-07-03 12:00:00,24259.425,24263.6,24246.85,24255.2875
2024-07-03 12:15:00,24255.35,24272.35,24251.35,24261.25
2024-07-03 12:30:00,24260.65,24290.4,24260.65,24275.6625
2024-07-03 12:45:00,24271.975,24292.15,24271.975,24280.8625
2024-07-03 13:00:00,24278.85,24285.6,24265.7,24277.4125
2024-07-03 13:15:00,24279.175,24287.85,24274.1,24280.1375
2024-07-03 13:30:00,24279.3,24290.9,24276.55,24283.9375
2024-07-03 13:45:00,24284.15,24293.55,24270.0,24280.725
2024-07-03 14:00:00,24279.675,24279.675,24255.95,24267.075
2024-07-03 14:15:00,24268.325,24268.325,24246.5,24257.6625
2024-07-03 14:30:00,24259.175,24267.4,24249.65,24256.6625
2024-07-03 14:45:00,24254.8,24258.35,24238.75,24250.6625
2024-07-03 15:00:00,24252.775,24297.05,24247.8,24272.1875
2024-07-03 15:15:00,24271.95,24309.15,24271.95,24294.75
2024-07-04 09:15:00,24293.3,24372.15,24293.3,24356.475
2024-07-04 09:30:00,24367.3,24392.55,24346.15,24373.425
2024-07-04 09:45:00,24377.5,24400.95,24377.05,24392.275
2024-07-04 10:00:00,24395.55,24401.0,24372.3,24386.625
2024-07-04 10:15:00,24386.6,24386.6,24328.5,24358.2875
2024-07-04 10:30:00,24359.325,24359.325,24312.7,24335.3
2024-07-04 10:45:00,24339.1,24339.1,24300.35,24323.625
2024-07-04 11:00:00,24329.65,24344.8,24315.35,24330.075
2024-07-04 11:15:00,24330.075,24349.3,24330.075,24341.3375
2024-07-04 11:30:00,24341.375,24350.5,24326.95,24338.3875
2024-07-04 11:45:00,24338.05,24338.05,24323.65,24330.1875
2024-07-04 12:00:00,24329.525,24340.1,24325.7,24331.7625
2024-07-04 12:15:00,24330.625,24346.75,24329.25,24338.5625
2024-07-04 12:30:00,24339.125,24352.2,24339.125,24347.675
2024-07-04 12:45:00,24348.75,24357.55,24347.85,24351.4125
2024-07-04 13:00:00,24350.125,24354.3,24338.0,24345.8
2024-07-04 13:15:00,24345.45,24348.75,24336.6,24342.7625
2024-07-04 13:30:00,24342.85,24345.8,24330.35,24339.025
2024-07-04 13:45:00,24339.975,24339.975,24314.2,24329.1375
2024-07-04 14:00:00,24331.75,24345.75,24319.55,24332.9375
2024-07-04 14:15:00,24333.225,24351.3,24316.65,24336.1625
2024-07-04 14:30:00,24338.35,24350.3,24317.65,24335.95
2024-07-04 14:45:00,24337.925,24345.35,24297.3,24320.6125
2024-07-04 15:00:00,24319.9,24319.9,24281.0,24298.9125
2024-07-04 15:15:00,24302.675,24310.8,24293.45,24302.3125
2024-07-05 09:15:00,24302.5,24302.5,24183.85,24211.05
2024-07-05 09:30:00,24199.7,24227.5,24170.35,24201.0
2024-07-05 09:45:00,24203.075,24224.2,24168.85,24200.1
2024-07-05 10:00:00,24203.675,24231.1,24184.05,24207.2375
2024-07-05 10:15:00,24206.9,24243.75,24206.9,24231.8875
2024-07-05 10:30:00,24234.425,24258.8,24234.425,24247.25
2024-07-05 10:45:00,24247.025,24262.05,24240.8,24250.9875
2024-07-05 11:00:00,24250.55,24257.55,24228.5,24242.275
2024-07-05 11:15:00,24241.525,24254.6,24229.1,24242.8625
2024-07-05 11:30:00,24243.875,24283.45,24243.875,24266.3875
2024-07-05 11:45:00,24264.95,24281.8,24263.2,24274.475
2024-07-05 12:00:00,24276.45,24284.55,24265.2,24274.8125
2024-07-05 12:15:00,24274.75,24287.9,24271.35,24277.75
2024-07-05 12:30:00,24275.875,24288.85,24273.75,24280.25
2024-07-05 12:45:00,24279.2,24283.95,24264.35,24276.2
2024-07-05 13:00:00,24278.25,24283.05,24243.9,24263.925
2024-07-05 13:15:00,24264.375,24264.375,24246.25,24253.825
2024-07-05 13:30:00,24253.8,24269.7,24251.05,24257.9125
2024-07-05 13:45:00,24255.45,24256.7,24241.8,24250.4375
2024-07-05 14:00:00,24251.625,24258.85,24235.1,24247.7375
2024-07-05 14:15:00,24248.5,24258.3,24214.65,24236.0
2024-07-05 14:30:00,24235.525,24243.45,24218.2,24229.2875
2024-07-05 14:45:00,24227.75,24234.05,24204.2,24221.6
2024-07-05 15:00:00,24224.075,24354.1,24219.2,24283.8125
2024-07-05 15:15:00,24280.975,24363.0,24280.975,24334.4375
2024-07-08 09:15:00,24329.5,24338.85,24283.1,24318.6625
2024-07-08 09:30:00,24326.35,24334.9,24262.55,24298.725
2024-07-08 09:45:00,24298.725,24298.725,24265.7,24278.2625
2024-07-08 10:00:00,24274.325,24312.3,24270.2,24290.2125
2024-07-08 10:15:00,24289.175,24329.15,24289.175,24313.0
2024-07-08 10:30:00,24313.475,24326.5,24273.55,24307.1
2024-07-08 10:45:00,24314.175,24314.175,24279.25,24296.9375
2024-07-08 11:00:00,24300.25,24300.25,24247.8,24278.3875
2024-07-08 11:15:00,24283.1,24291.35,24264.95,24278.975
2024-07-08 11:30:00,24279.8,24299.8,24263.15,24280.875
2024-07-08 11:45:00,24280.275,24299.8,24269.95,24281.375
2024-07-08 12:00:00,24277.875,24295.65,24240.55,24268.3375
2024-07-08 12:15:00,24268.575,24278.55,24244.5,24261.75
2024-07-08 12:30:00,24261.975,24292.15,24261.975,24280.9375
2024-07-08 12:45:00,24280.65,24297.9,24280.65,24291.5625
2024-07-08 13:00:00,24293.225,24303.95,24281.15,24295.1125
2024-07-08 13:15:00,24297.675,24311.85,24281.5,24293.7625
2024-07-08 13:30:00,24290.85,24290.85,24268.0,24280.9375
2024-07-08 13:45:00,24283.975,24311.5,24280.4,24292.9375
2024-07-08 14:00:00,24289.925,24307.9,24287.2,24295.0375
2024-07-08 14:15:00,24292.525,24311.9,24286.65,24298.5125
2024-07-08 14:30:00,24297.75,24316.15,24295.5,24304.325
2024-07-08 14:45:00,24302.825,24306.55,24289.95,24297.1625
2024-07-08 15:00:00,24296.075,24338.3,24294.5,24309.7
2024-07-08 15:15:00,24303.0,24344.6,24301.5,24322.1875
2024-07-09 09:15:00,24321.325,24373.55,24321.325,24354.4
2024-07-09 09:30:00,24356.075,24384.0,24351.5,24367.55
2024-07-09 09:45:00,24367.35,24381.5,24350.15,24369.0
2024-07-09 10:00:00,24372.175,24385.55,24344.25,24365.75
2024-07-09 10:15:00,24366.6,24370.6,24339.95,24357.3875
2024-07-09 10:30:00,24359.5,24380.55,24342.6,24363.925
2024-07-09 10:45:00,24366.275,24386.55,24366.275,24378.05
2024-07-09 11:00:00,24376.85,24387.75,24368.9,24378.775
2024-07-09 11:15:00,24379.225,24395.35,24375.5,24383.7875
2024-07-09 11:30:00,24382.15,24401.2,24381.85,24391.275
2024-07-09 11:45:00,24391.025,24400.2,24386.35,24393.45
2024-07-09 12:00:00,24393.625,24397.55,24381.2,24388.45
2024-07-09 12:15:00,24387.525,24400.3,24384.0,24392.7875
2024-07-09 12:30:00,24393.425,24404.0,24383.15,24392.475
2024-07-09 12:45:00,24391.375,24408.6,24382.45,24395.3625
2024-07-09 13:00:00,24395.2,24429.15,24395.2,24414.9875
2024-07-09 13:15:00,24414.075,24427.65,24414.075,24420.5375
2024-07-09 13:30:00,24419.775,24424.3,24412.4,24418.0375
2024-07-09 13:45:00,24417.725,24428.2,24408.4,24420.95
2024-07-09 14:00:00,24423.6,24437.9,24416.4,24428.2125
2024-07-09 14:15:00,24429.275,24432.5,24411.8,24422.1
2024-07-09 14:30:00,24422.05,24428.4,24407.8,24418.6875
2024-07-09 14:45:00,24419.275,24427.5,24412.85,24420.4625
2024-07-09 15:00:00,24420.75,24441.45,24417.3,24427.8125
2024-07-09 15:15:00,24426.25,24443.6,24411.05,24426.5
2024-07-10 09:15:00,24425.675,24461.05,24383.6,24428.1
2024-07-10 09:30:00,24433.875,24433.875,24398.8,24406.5625
2024-07-10 09:45:00,24404.15,24404.15,24367.0,24384.2125
2024-07-10 10:00:00,24384.75,24384.75,24312.05,24347.1875
2024-07-10 10:15:00,24349.425,24349.425,24226.75,24285.275
2024-07-10 10:30:00,24283.75,24283.75,24141.8,24208.35
2024-07-10 10:45:00,24216.7,24228.3,24173.55,24202.2125
2024-07-10 11:00:00,24203.5,24229.75,24196.7,24212.8625
2024-07-10 11:15:00,24212.5,24224.05,24193.9,24211.3
2024-07-10 11:30:00,24213.625,24252.65,24213.625,24232.4
2024-07-10 11:45:00,24231.05,24287.55,24231.05,24257.15
2024-07-10 12:00:00,24253.725,24283.95,24249.6,24265.4625
2024-07-10 12:15:00,24264.15,24274.05,24248.45,24260.7875
2024-07-10 12:30:00,24260.325,24287.1,24252.0,24267.75
2024-07-10 12:45:00,24265.95,24298.35,24265.95,24282.225
2024-07-10 13:00:00,24281.25,24292.35,24272.45,24282.7875
2024-07-10 13:15:00,24283.175,24289.05,24266.15,24278.15
2024-07-10 13:30:00,24278.7,24286.45,24263.75,24274.225
2024-07-10 13:45:00,24273.35,24274.0,24241.9,24260.9875
2024-07-10 14:00:00,24264.025,24264.025,24212.1,24243.525
2024-07-10 14:15:00,24249.7,24264.95,24226.65,24247.9875
2024-07-10 14:30:00,24250.175,24321.9,24250.175,24287.775
2024-07-10 14:45:00,24283.5,24319.25,24279.5,24298.95
2024-07-10 15:00:00,24298.525,24336.75,24294.6,24314.2
2024-07-10 15:15:00,24312.725,24337.15,24310.9,24322.925
2024-07-11 09:15:00,24321.825,24402.65,24321.825,24370.4
2024-07-11 09:30:00,24371.7,24371.7,24310.15,24338.0625
2024-07-11 09:45:00,24342.9,24360.15,24329.45,24342.8375
2024-07-11 10:00:00,24340.875,24363.15,24272.45,24316.0875
2024-07-11 10:15:00,24314.375,24314.375,24245.5,24266.825
2024-07-11 10:30:00,24266.425,24266.8,24242.2,24252.4375
2024-07-11 10:45:00,24250.375,24259.45,24235.6,24247.75
2024-07-11 11:00:00,24247.975,24268.6,24234.5,24249.5125
2024-07-11 11:15:00,24247.475,24269.35,24247.475,24259.475
2024-07-11 11:30:00,24257.8,24283.4,24251.95,24265.975
2024-07-11 11:45:00,24264.275,24276.15,24261.15,24269.7375
2024-07-11 12:00:00,24270.825,24273.65,24193.75,24250.475
2024-07-11 12:15:00,24267.25,24281.0,24259.85,24269.4125
2024-07-11 12:30:00,24268.4,24288.0,24263.7,24278.0
2024-07-11 12:45:00,24280.15,24305.3,24280.15,24292.0
2024-07-11 13:00:00,24290.275,24307.8,24289.9,24297.275
2024-07-11 13:15:00,24295.7,24309.75,24279.3,24294.8375
2024-07-11 13:30:00,24295.15,24295.85,24278.3,24287.3625
2024-07-11 13:45:00,24287.65,24324.25,24279.75,24300.0625
2024-07-11 14:00:00,24298.125,24327.3,24293.05,24310.3125
2024-07-11 14:15:00,24310.45,24316.3,24299.8,24308.65
2024-07-11 14:30:00,24309.25,24317.0,24299.1,24308.45
2024-07-11 14:45:00,24308.85,24332.0,24295.15,24316.3625
2024-07-11 15:00:00,24319.15,24332.45,24291.45,24321.075
2024-07-11 15:15:00,24330.2,24357.0,24318.55,24335.7625
2024-07-12 09:15:00,24333.75,24434.4,24333.75,24399.8
2024-07-12 09:30:00,24411.175,24440.75,24405.9,24425.1375
2024-07-12 09:45:00,24426.95,24426.95,24331.15,24389.2875
2024-07-12 10:00:00,24401.05,24404.4,24361.25,24377.45
2024-07-12 10:15:00,24372.075,24394.45,24357.15,24373.5125
2024-07-12 10:30:00,24371.225,24383.3,24366.85,24377.95
2024-07-12 10:45:00,24380.825,24533.75,24380.45,24456.025
2024-07-12 11:00:00,24454.95,24592.2,24454.95,24544.475
2024-07-12 11:15:00,24533.375,24539.35,24474.4,24511.0625
2024-07-12 11:30:00,24515.25,24515.25,24473.3,24492.7125
2024-07-12 11:45:00,24495.6,24512.55,24489.25,24498.85
2024-07-12 12:00:00,24496.8,24525.5,24487.65,24506.0375
2024-07-12 12:15:00,24505.5,24521.25,24488.0,24507.0875
2024-07-12 12:30:00,24509.55,24509.55,24478.25,24493.25
2024-07-12 12:45:00,24495.275,24509.6,24486.6,24497.6
2024-07-12 13:00:00,24497.1,24523.45,24494.3,24510.7875
2024-07-12 13:15:00,24512.7,24558.55,24512.7,24534.2625
2024-07-12 13:30:00,24532.225,24560.8,24532.225,24545.2
2024-07-12 13:45:00,24543.0,24559.45,24538.75,24548.175
2024-07-12 14:00:00,24547.25,24579.8,24547.25,24564.15
2024-07-12 14:15:00,24563.25,24581.05,24547.25,24566.675
2024-07-12 14:30:00,24569.2,24569.2,24550.75,24561.15
2024-07-12 14:45:00,24562.55,24562.55,24520.55,24541.4625
2024-07-12 15:00:00,24542.3,24542.3,24490.05,24507.5
2024-07-12 15:15:00,24507.775,24516.5,24485.6,24501.125
2024-07-15 09:15:00,24501.2,24598.0,24501.2,24572.4125
2024-07-15 09:30:00,24577.75,24577.75,24522.75,24551.05
2024-07-15 09:45:00,24554.975,24567.1,24535.65,24545.2375
2024-07-15 10:00:00,24539.1,24572.6,24527.9,24549.425
2024-07-15 10:15:00,24548.6,24578.2,24545.7,24559.05
2024-07-15 10:30:00,24556.15,24603.4,24549.3,24572.025
2024-07-15 10:45:00,24567.7,24595.0,24567.7,24582.9125
2024-07-15 11:00:00,24581.75,24590.55,24574.4,24581.175
2024-07-15 11:15:00,24579.875,24586.75,24573.7,24580.775
2024-07-15 11:30:00,24581.325,24598.8,24574.5,24587.8875
2024-07-15 11:45:00,24589.125,24611.85,24547.55,24586.825
2024-07-15 12:00:00,24593.95,24601.7,24577.7,24592.5125
2024-07-15 12:15:00,24595.325,24602.25,24576.45,24588.625
2024-07-15 12:30:00,24587.9,24594.4,24576.1,24584.0
2024-07-15 12:45:00,24582.75,24600.4,24582.75,24590.15
2024-07-15 13:00:00,24588.1,24619.6,24585.55,24602.0
2024-07-15 13:15:00,24601.425,24635.05,24601.425,24622.6125
2024-07-15 13:30:00,24620.775,24631.55,24611.8,24620.6
2024-07-15 13:45:00,24619.525,24629.05,24609.2,24615.8875
2024-07-15 14:00:00,24612.65,24618.55,24589.8,24603.9
2024-07-15 14:15:00,24603.625,24618.85,24589.05,24604.1875
2024-07-15 14:30:00,24604.425,24619.15,24591.2,24604.2875
2024-07-15 14:45:00,24603.4,24603.4,24579.5,24590.8375
2024-07-15 15:00:00,24590.825,24601.7,24577.7,24587.9125
2024-07-15 15:15:00,24586.125,24588.6,24577.95,24584.575
2024-07-16 09:15:00,24585.875,24650.05,24585.875,24622.05
2024-07-16 09:30:00,24619.2,24643.15,24615.3,24628.85
2024-07-16 09:45:00,24628.475,24643.75,24613.85,24630.9875
2024-07-16 10:00:00,24633.175,24648.9,24620.0,24633.3875
2024-07-16 10:15:00,24632.325,24643.9,24632.325,24638.9125
2024-07-16 10:30:00,24638.725,24661.25,24628.75,24646.8125
2024-07-16 10:45:00,24648.625,24659.1,24646.1,24654.4375
2024-07-16 11:00:00,24656.275,24657.6,24642.8,24652.6125
2024-07-16 11:15:00,24655.025,24658.5,24640.1,24652.3625
2024-07-16 11:30:00,24655.425,24660.8,24650.5,24655.0625
2024-07-16 11:45:00,24654.475,24654.475,24631.6,24644.85
2024-07-16 12:00:00,24646.675,24653.15,24638.6,24643.0625
2024-07-16 12:15:00,24640.25,24644.55,24620.3,24634.35
2024-07-16 12:30:00,24636.275,24649.35,24622.95,24637.6125
2024-07-16 12:45:00,24639.075,24653.4,24639.075,24649.2125
2024-07-16 13:00:00,24649.5,24656.65,24643.05,24651.3
2024-07-16 13:15:00,24652.75,24654.9,24628.45,24642.0125
2024-07-16 13:30:00,24642.35,24642.35,24610.75,24625.3875
2024-07-16 13:45:00,24627.55,24634.5,24615.5,24623.3125
2024-07-16 14:00:00,24621.625,24630.4,24603.45,24620.1875
2024-07-16 14:15:00,24623.45,24630.5,24607.2,24618.05
2024-07-16 14:30:00,24617.25,24619.7,24587.65,24607.95
2024-07-16 14:45:00,24612.225,24624.55,24609.75,24615.3125
2024-07-16 15:00:00,24613.475,24648.0,24604.2,24616.9125
2024-07-16 15:15:00,24607.725,24616.2,24593.9,24603.7
2024-07-18 09:15:00,24602.35,24602.35,24534.3,24550.9375
2024-07-18 09:30:00,24541.75,24580.9,24515.1,24553.8375
2024-07-18 09:45:00,24559.675,24658.75,24559.675,24615.1125
2024-07-18 10:00:00,24610.55,24678.9,24610.55,24650.9375
2024-07-18 10:15:00,24645.775,24658.1,24634.1,24645.9375
2024-07-18 10:30:00,24645.775,24655.9,24619.3,24639.625
2024-07-18 10:45:00,24641.65,24649.45,24591.5,24619.75
2024-07-18 11:00:00,24619.025,24619.025,24531.5,24567.0375
2024-07-18 11:15:00,24563.775,24563.775,24528.65,24544.15
2024-07-18 11:30:00,24545.25,24560.45,24504.45,24539.075
2024-07-18 11:45:00,24545.7,24553.45,24529.9,24543.7875
2024-07-18 12:00:00,24545.9,24612.1,24541.45,24578.5875
2024-07-18 12:15:00,24580.4,24641.35,24580.4,24615.85
2024-07-18 12:30:00,24611.15,24648.45,24610.0,24630.2
2024-07-18 12:45:00,24631.175,24646.75,24614.7,24631.2375
2024-07-18 13:00:00,24631.75,24715.0,24611.45,24663.65
2024-07-18 13:15:00,24664.075,24738.95,24664.075,24721.1875
2024-07-18 13:30:00,24723.95,24746.8,24711.9,24725.9
2024-07-18 13:45:00,24722.45,24768.55,24706.95,24736.6375
2024-07-18 14:00:00,24735.525,24828.8,24735.525,24791.2125
2024-07-18 14:15:00,24789.125,24829.35,24789.125,24810.475
2024-07-18 14:30:00,24809.725,24824.05,24774.2,24804.7625
2024-07-18 14:45:00,24810.4,24837.75,24785.9,24811.1375
2024-07-18 15:00:00,24810.45,24817.25,24788.8,24801.9
2024-07-18 15:15:00,24800.775,24810.4,24775.95,24791.9375
2024-07-19 09:15:00,24790.7,24854.8,24727.75,24801.4125
2024-07-19 09:30:00,24811.55,24811.55,24741.0,24757.95
2024-07-19 09:45:00,24758.55,24758.55,24704.3,24730.2875
2024-07-19 10:00:00,24733.9,24733.9,24684.2,24703.1625
2024-07-19 10:15:00,24702.375,24725.7,24678.4,24701.525
2024-07-19 10:30:00,24701.0,24719.55,24681.75,24703.4125
2024-07-19 10:45:00,24706.175,24706.175,24656.8,24675.775
2024-07-19 11:00:00,24675.7,24675.7,24643.95,24659.575
2024-07-19 11:15:00,24659.55,24665.5,24640.4,24656.5
2024-07-19 11:30:00,24660.05,24675.25,24632.9,24651.2125
2024-07-19 11:45:00,24648.35,24648.35,24621.85,24635.1875
2024-07-19 12:00:00,24636.25,24673.55,24634.15,24650.975
2024-07-19 12:15:00,24648.1,24667.6,24627.95,24649.6
2024-07-19 12:30:00,24651.425,24651.425,24611.65,24632.7625
2024-07-19 12:45:00,24636.3,24636.8,24607.25,24620.925
2024-07-19 13:00:00,24619.825,24628.9,24595.85,24611.2375
2024-07-19 13:15:00,24610.1,24627.0,24590.1,24613.8375
2024-07-19 13:30:00,24619.125,24646.15,24604.25,24620.875
2024-07-19 13:45:00,24616.55,24631.85,24604.25,24617.0625
2024-07-19 14:00:00,24616.075,24635.75,24554.25,24596.95
2024-07-19 14:15:00,24598.9,24598.9,24552.2,24572.0125
2024-07-19 14:30:00,24573.575,24578.35,24537.7,24565.225
2024-07-19 14:45:00,24572.425,24586.7,24524.75,24558.75
2024-07-19 15:00:00,24561.775,24561.775,24519.75,24542.0625
2024-07-19 15:15:00,24543.5,24543.5,24508.15,24526.375
2024-07-22 09:15:00,24528.85,24528.85,24362.3,24436.225
2024-07-22 09:30:00,24456.575,24508.6,24450.25,24480.3
2024-07-22 09:45:00,24481.175,24538.9,24481.175,24513.7125
2024-07-22 10:00:00,24513.675,24558.55,24501.0,24536.925
2024-07-22 10:15:00,24544.075,24579.4,24544.075,24562.975
2024-07-22 10:30:00,24561.85,24576.9,24551.4,24565.5375
2024-07-22 10:45:00,24566.925,24595.2,24564.35,24573.6375
2024-07-22 11:00:00,24567.5,24572.3,24531.1,24550.6625
2024-07-22 11:15:00,24549.625,24549.625,24507.35,24528.5125
2024-07-22 11:30:00,24530.7,24551.15,24524.4,24538.8
2024-07-22 11:45:00,24539.825,24554.9,24528.2,24541.0125
2024-07-22 12:00:00,24540.475,24540.475,24514.2,24526.975
2024-07-22 12:15:00,24527.9,24527.9,24485.4,24506.125
2024-07-22 12:30:00,24505.6,24505.6,24465.55,24485.4875
2024-07-22 12:45:00,24490.05,24512.2,24487.25,24498.3625
2024-07-22 13:00:00,24497.0,24505.8,24481.05,24494.3875
2024-07-22 13:15:00,24495.35,24531.85,24487.3,24504.9125
2024-07-22 13:30:00,24500.25,24528.75,24500.25,24519.3625
2024-07-22 13:45:00,24517.725,24541.65,24517.725,24526.6125
2024-07-22 14:00:00,24522.975,24524.75,24491.5,24509.4375
2024-07-22 14:15:00,24510.75,24516.65,24480.8,24501.225
2024-07-22 14:30:00,24503.725,24521.75,24502.55,24512.5125
2024-07-22 14:45:00,24512.875,24517.15,24493.0,24508.0875
2024-07-22 15:00:00,24511.1,24520.25,24493.25,24508.75
2024-07-22 15:15:00,24510.75,24520.95,24504.7,24514.45
2024-07-23 09:15:00,24516.075,24582.55,24502.6,24546.5625
2024-07-23 09:30:00,24550.55,24550.55,24467.45,24507.4625
2024-07-23 09:45:00,24509.975,24514.45,24474.1,24491.0875
2024-07-23 10:00:00,24487.9,24489.95,24445.6,24467.6125
2024-07-23 10:15:00,24467.45,24467.45,24423.75,24444.275
2024-07-23 10:30:00,24445.425,24488.95,24438.45,24458.3375
2024-07-23 10:45:00,24452.975,24491.95,24443.8,24470.2
2024-07-23 11:00:00,24472.525,24552.5,24472.525,24514.8875
2024-07-23 11:15:00,24512.4,24549.8,24380.3,24492.9875
2024-07-23 11:30:00,24520.925,24520.925,24454.8,24485.9875
2024-07-23 11:45:00,24492.05,24500.55,24438.8,24470.1625
2024-07-23 12:00:00,24470.65,24488.9,24429.5,24459.65
2024-07-23 12:15:00,24460.1,24474.05,24141.25,24306.3
2024-07-23 12:30:00,24304.95,24382.0,24074.2,24237.825
2024-07-23 12:45:00,24247.55,24395.4,24247.55,24345.7625
2024-07-23 13:00:00,24353.45,24394.85,24279.45,24327.075
2024-07-23 13:15:00,24317.0,24361.75,24277.3,24314.275
2024-07-23 13:30:00,24309.025,24360.85,24309.025,24337.8125
2024-07-23 13:45:00,24339.825,24444.5,24318.95,24386.6375
2024-07-23 14:00:00,24391.55,24513.05,24391.55,24456.55
2024-07-23 14:15:00,24449.625,24467.15,24427.55,24449.3125
2024-07-23 14:30:00,24451.275,24544.7,24432.8,24487.9
2024-07-23 14:45:00,24487.05,24544.3,24484.45,24511.1625
2024-07-23 15:00:00,24507.95,24514.7,24459.25,24479.85
2024-07-23 15:15:00,24472.725,24479.5,24446.75,24465.525
2024-07-24 09:15:00,24467.925,24487.0,24405.6,24446.7125
2024-07-24 09:30:00,24447.125,24504.25,24395.15,24439.4
2024-07-24 09:45:00,24429.1,24462.95,24373.45,24426.8625
2024-07-24 10:00:00,24435.525,24466.55,24428.4,24449.75
2024-07-24 10:15:00,24452.025,24485.35,24397.25,24431.4125
2024-07-24 10:30:00,24421.525,24454.1,24401.15,24423.8375
2024-07-24 10:45:00,24420.05,24492.1,24420.05,24454.4875
2024-07-24 11:00:00,24447.575,24469.9,24423.4,24445.0125
2024-07-24 11:15:00,24443.375,24445.25,24405.5,24422.85
2024-07-24 11:30:00,24420.325,24438.8,24384.15,24404.975
2024-07-24 11:45:00,24398.475,24421.35,24388.5,24399.8875
2024-07-24 12:00:00,24394.85,24410.85,24367.8,24389.9375
2024-07-24 12:15:00,24390.55,24390.55,24307.25,24352.1125
2024-07-24 12:30:00,24359.475,24359.475,24312.2,24331.125
2024-07-24 12:45:00,24331.05,24348.6,24319.85,24332.6
2024-07-24 13:00:00,24330.975,24364.4,24329.65,24349.0
2024-07-24 13:15:00,24350.975,24364.45,24331.9,24350.45
2024-07-24 13:30:00,24352.725,24378.1,24320.6,24353.9
2024-07-24 13:45:00,24358.45,24376.05,24315.4,24348.8125
2024-07-24 14:00:00,24351.9,24351.9,24310.5,24325.1
2024-07-24 14:15:00,24326.975,24389.25,24322.25,24356.4625
2024-07-24 14:30:00,24357.175,24453.95,24357.175,24415.35
2024-07-24 14:45:00,24410.275,24452.0,24410.275,24431.0625
2024-07-24 15:00:00,24428.55,24428.55,24380.25,24409.7625
2024-07-24 15:15:00,24416.55,24446.4,24397.75,24423.425
2024-07-25 09:15:00,24424.775,24424.775,24210.8,24241.6
2024-07-25 09:30:00,24239.575,24300.1,24239.575,24269.4
2024-07-25 09:45:00,24267.725,24287.65,24245.15,24273.775
2024-07-25 10:00:00,24281.15,24303.15,24267.7,24284.7375
2024-07-25 10:15:00,24284.05,24307.9,24270.85,24288.0625
2024-07-25 10:30:00,24286.75,24327.2,24277.15,24300.1125
2024-07-25 10:45:00,24298.05,24330.1,24298.05,24318.175
2024-07-25 11:00:00,24318.7,24332.45,24309.8,24321.3125
2024-07-25 11:15:00,24321.5,24333.35,24295.1,24320.375
2024-07-25 11:30:00,24326.525,24344.95,24326.525,24334.575
2024-07-25 11:45:00,24333.325,24366.5,24333.325,24348.9125
2024-07-25 12:00:00,24347.6,24368.65,24345.75,24358.6875
2024-07-25 12:15:00,24360.175,24379.2,24358.9,24367.6375
2024-07-25 12:30:00,24366.225,24376.65,24354.7,24364.9125
2024-07-25 12:45:00,24364.15,24395.05,24357.25,24375.4125
2024-07-25 13:00:00,24374.675,24397.9,24374.675,24388.0125
2024-07-25 13:15:00,24386.5,24396.95,24380.3,24387.8375
2024-07-25 13:30:00,24387.05,24394.1,24361.05,24378.6
2024-07-25 13:45:00,24379.625,24395.5,24364.4,24380.075
2024-07-25 14:00:00,24380.2,24426.15,24380.2,24408.575
2024-07-25 14:15:00,24407.775,24424.65,24405.7,24416.825
2024-07-25 14:30:00,24418.475,24419.95,24380.1,24399.3625
2024-07-25 14:45:00,24398.7,24412.1,24382.15,24394.325
2024-07-25 15:00:00,24391.525,24411.25,24389.3,24399.65
2024-07-25 15:15:00,24399.025,24423.15,24388.95,24405.9
2024-07-26 09:15:00,24405.75,24492.7,24405.75,24451.0375
2024-07-26 09:30:00,24450.275,24528.95,24450.275,24498.8
2024-07-26 09:45:00,24502.125,24551.65,24502.125,24534.5875
2024-07-26 10:00:00,24537.625,24595.0,24537.625,24567.5875
2024-07-26 10:15:00,24563.675,24610.15,24563.675,24588.925
2024-07-26 10:30:00,24584.65,24609.2,24584.65,24597.2125
2024-07-26 10:45:00,24594.8,24615.1,24590.1,24604.375
2024-07-26 11:00:00,24606.15,24654.45,24606.15,24630.8
2024-07-26 11:15:00,24629.075,24655.55,24629.075,24644.175
2024-07-26 11:30:00,24641.75,24643.8,24623.6,24635.775
2024-07-26 11:45:00,24637.85,24656.85,24634.3,24644.45
2024-07-26 12:00:00,24643.325,24653.85,24638.5,24645.5375
2024-07-26 12:15:00,24644.9,24656.05,24637.1,24645.7375
2024-07-26 12:30:00,24644.9,24721.5,24644.9,24684.875
2024-07-26 12:45:00,24684.825,24733.3,24684.825,24719.7875
2024-07-26 13:00:00,24717.25,24781.15,24715.85,24747.1
2024-07-26 13:15:00,24745.7,24802.15,24745.7,24780.3
2024-07-26 13:30:00,24780.425,24814.25,24776.55,24792.0375
2024-07-26 13:45:00,24788.675,24818.25,24758.35,24790.2875
2024-07-26 14:00:00,24792.275,24800.15,24766.25,24787.8875
2024-07-26 14:15:00,24792.575,24807.2,24759.45,24787.0
2024-07-26 14:30:00,24790.675,24808.4,24778.6,24792.925
2024-07-26 14:45:00,24792.35,24834.15,24792.35,24814.9375
2024-07-26 15:00:00,24814.3,24853.1,24810.75,24835.0
2024-07-26 15:15:00,24838.075,24861.15,24830.4,24847.825
2024-07-29 09:15:00,24849.875,24980.45,24849.875,24936.6625
2024-07-29 09:30:00,24930.825,24930.825,24894.05,24912.2375
2024-07-29 09:45:00,24915.425,24935.1,24895.05,24912.7
2024-07-29 10:00:00,24910.325,24924.7,24877.95,24896.7875
2024-07-29 10:15:00,24892.25,24907.6,24869.8,24889.6
2024-07-29 10:30:00,24890.5,24904.6,24866.45,24887.0375
2024-07-29 10:45:00,24888.55,24932.2,24874.1,24902.45
2024-07-29 11:00:00,24901.75,24946.05,24901.75,24935.9125
2024-07-29 11:15:00,24934.425,24962.85,24934.425,24948.7625
2024-07-29 11:30:00,24947.35,24999.75,24947.35,24974.25
2024-07-29 11:45:00,24972.225,24998.25,24972.225,24984.925
2024-07-29 12:00:00,24983.375,24987.05,24880.2,24938.3875
2024-07-29 12:15:00,24943.15,24943.15,24790.45,24869.35
2024-07-29 12:30:00,24887.0,24896.25,24844.55,24871.0
2024-07-29 12:45:00,24871.6,24889.65,24855.6,24875.525
2024-07-29 13:00:00,24878.425,24892.1,24832.45,24859.9875
2024-07-29 13:15:00,24857.7,24863.7,24825.4,24845.325
2024-07-29 13:30:00,24846.1,24880.75,24846.1,24867.7125
2024-07-29 13:45:00,24868.175,24884.85,24825.75,24853.625
2024-07-29 14:00:00,24851.95,24851.95,24797.6,24813.65
2024-07-29 14:15:00,24812.05,24824.4,24774.6,24805.35
2024-07-29 14:30:00,24811.2,24849.05,24811.2,24831.7
2024-07-29 14:45:00,24829.375,24865.85,24829.375,24846.8625
2024-07-29 15:00:00,24843.625,24860.95,24796.65,24833.2875
2024-07-29 15:15:00,24837.775,24848.8,24816.6,24832.4125
2024-07-30 09:15:00,24832.125,24858.3,24798.65,24833.025
2024-07-30 09:30:00,24837.575,24885.3,24832.85,24859.35
2024-07-30 09:45:00,24859.625,24887.45,24816.3,24862.825
2024-07-30 10:00:00,24873.775,24873.775,24818.55,24850.175
2024-07-30 10:15:00,24857.45,24872.9,24850.4,24860.7125
2024-07-30 10:30:00,24859.775,24898.65,24859.775,24882.3625
2024-07-30 10:45:00,24882.65,24934.7,24882.65,24913.875
2024-07-30 11:00:00,24916.125,24940.45,24916.125,24929.275
2024-07-30 11:15:00,24929.7,24943.75,24926.0,24933.125
2024-07-30 11:30:00,24931.375,24954.1,24931.375,24943.8875
2024-07-30 11:45:00,24943.05,24956.7,24914.85,24939.4
2024-07-30 12:00:00,24943.025,24943.025,24924.7,24934.9875
2024-07-30 12:15:00,24936.125,24954.6,24931.6,24943.2875
2024-07-30 12:30:00,24943.475,24961.4,24935.9,24946.4875
2024-07-30 12:45:00,24944.325,24947.35,24927.75,24934.925
2024-07-30 13:00:00,24932.3,24968.85,24921.55,24939.525
2024-07-30 13:15:00,24933.85,24944.55,24881.15,24912.825
2024-07-30 13:30:00,24912.8,24918.4,24881.0,24901.675
2024-07-30 13:45:00,24903.65,24928.6,24903.65,24916.4
2024-07-30 14:00:00,24914.0,24937.35,24902.6,24920.2125
2024-07-30 14:15:00,24920.45,24957.05,24920.45,24941.3875
2024-07-30 14:30:00,24940.325,24971.75,24940.325,24957.825
2024-07-30 14:45:00,24957.7,24967.85,24908.85,24938.2375
2024-07-30 15:00:00,24938.125,24938.125,24837.7,24878.2875
2024-07-30 15:15:00,24880.55,24880.55,24832.6,24845.675
2024-07-31 09:15:00,24844.175,24928.6,24844.175,24904.925
2024-07-31 09:30:00,24906.775,24929.1,24856.5,24898.7875
2024-07-31 09:45:00,24904.775,24915.55,24872.9,24896.3875
2024-07-31 10:00:00,24898.55,24945.55,24898.55,24927.175
2024-07-31 10:15:00,24927.0,24954.45,24917.95,24936.55
2024-07-31 10:30:00,24936.9,24948.85,24926.6,24939.05
2024-07-31 10:45:00,24940.375,24950.0,24930.55,24940.325
2024-07-31 11:00:00,24940.375,24949.65,24901.45,24927.0
2024-07-31 11:15:00,24928.45,24934.1,24901.6,24914.925
2024-07-31 11:30:00,24912.0,24932.95,24898.25,24915.95
2024-07-31 11:45:00,24916.3,24936.2,24916.3,24930.25
2024-07-31 12:00:00,24930.7,24939.0,24925.45,24933.0625
2024-07-31 12:15:00,24933.9,24945.0,24932.1,24939.3875
2024-07-31 12:30:00,24940.225,24946.35,24918.6,24935.5375
2024-07-31 12:45:00,24938.6,24949.45,24922.05,24934.4625
2024-07-31 13:00:00,24933.175,24939.1,24904.1,24928.125
2024-07-31 13:15:00,24934.65,24948.0,24934.15,24939.8
2024-07-31 13:30:00,24938.525,24952.45,24922.75,24937.825
2024-07-31 13:45:00,24938.05,24944.1,24924.05,24934.0125
2024-07-31 14:00:00,24933.95,24940.5,24918.55,24929.9125
2024-07-31 14:15:00,24930.3,24962.35,24922.65,24942.35
2024-07-31 14:30:00,24942.2,24969.35,24942.2,24955.15
2024-07-31 14:45:00,24953.95,24954.0,24938.25,24948.3625
2024-07-31 15:00:00,24950.6,24957.0,24930.25,24946.0
2024-07-31 15:15:00,24948.375,24984.6,24941.75,24962.525
2024-08-01 09:15:00,24961.875,25078.3,24961.875,25042.8625
2024-08-01 09:30:00,25042.175,25064.35,25042.175,25052.05
2024-08-01 09:45:00,25049.85,25059.0,25026.2,25046.1375
2024-08-01 10:00:00,25049.675,25056.6,25034.05,25045.35
2024-08-01 10:15:00,25045.375,25052.15,25021.3,25032.85
2024-08-01 10:30:00,25028.975,25032.3,25011.9,25021.525
2024-08-01 10:45:00,25020.95,25023.85,25005.45,25016.025
2024-08-01 11:00:00,25017.4,25041.2,25003.6,25023.1875
2024-08-01 11:15:00,25023.975,25033.85,25017.75,25026.8875
2024-08-01 11:30:00,25027.975,25027.975,24998.15,25011.7625
2024-08-01 11:45:00,25010.575,25010.575,24986.35,24997.9125
2024-08-01 12:00:00,24999.2,25005.1,24983.3,24994.6875
2024-08-01 12:15:00,24995.175,25002.35,24971.15,24986.15
2024-08-01 12:30:00,24985.55,24987.35,24964.35,24978.0125
2024-08-01 12:45:00,24980.175,24997.4,24973.9,24984.35
2024-08-01 13:00:00,24983.05,25008.35,24983.0,24993.65
2024-08-01 13:15:00,24991.625,25007.15,24978.65,24990.95
2024-08-01 13:30:00,24989.0,24992.4,24973.7,24980.15
2024-08-01 13:45:00,24977.25,24990.35,24972.15,24980.4375
2024-08-01 14:00:00,24979.625,24996.45,24979.5,24985.675
2024-08-01 14:15:00,24983.375,24984.3,24965.9,24975.9875
2024-08-01 14:30:00,24976.875,25005.8,24956.4,24984.775
2024-08-01 14:45:00,24988.45,25010.25,24973.2,24992.7
2024-08-01 15:00:00,24993.675,25020.9,24975.35,24999.65
2024-08-01 15:15:00,25001.175,25030.85,24998.4,25013.4375
2024-08-02 09:15:00,25012.25,25012.25,24751.1,24807.25
2024-08-02 09:30:00,24813.0,24836.7,24758.2,24798.1
2024-08-02 09:45:00,24798.75,24798.75,24723.7,24746.475
2024-08-02 10:00:00,24748.775,24778.9,24730.25,24756.825
2024-08-02 10:15:00,24759.075,24788.65,24746.0,24767.05
2024-08-02 10:30:00,24766.775,24809.6,24754.85,24778.3
2024-08-02 10:45:00,24774.375,24823.25,24774.375,24807.475
2024-08-02 11:00:00,24807.725,24823.75,24778.75,24807.0375
2024-08-02 11:15:00,24812.825,24824.05,24795.45,24811.5125
2024-08-02 11:30:00,24813.275,24830.75,24802.35,24819.5625
2024-08-02 11:45:00,24822.575,24835.1,24796.85,24812.7375
2024-08-02 12:00:00,24809.5,24809.5,24779.9,24791.325
2024-08-02 12:15:00,24792.975,24794.9,24765.75,24780.025
2024-08-02 12:30:00,24779.725,24779.95,24757.5,24767.4875
2024-08-02 12:45:00,24766.25,24780.45,24754.7,24768.475
2024-08-02 13:00:00,24769.375,24784.2,24767.95,24774.825
2024-08-02 13:15:00,24773.575,24777.35,24755.4,24769.375
2024-08-02 13:30:00,24772.375,24808.3,24767.6,24786.225
2024-08-02 13:45:00,24784.5,24807.4,24784.5,24797.5625
2024-08-02 14:00:00,24797.25,24808.9,24763.95,24786.225
2024-08-02 14:15:00,24786.025,24792.55,24755.5,24771.775
2024-08-02 14:30:00,24769.525,24770.45,24730.7,24750.8125
2024-08-02 14:45:00,24751.05,24751.05,24718.95,24732.3625
2024-08-02 15:00:00,24732.925,24735.45,24686.85,24720.2125
2024-08-02 15:15:00,24729.275,24736.7,24696.1,24715.275
2024-08-05 09:15:00,24714.15,24714.15,24209.6,24269.7625
2024-08-05 09:30:00,24259.7,24275.65,24192.5,24238.7625
2024-08-05 09:45:00,24243.45,24346.2,24243.45,24300.0375
2024-08-05 10:00:00,24302.675,24337.5,24263.65,24306.675
2024-08-05 10:15:00,24312.775,24312.775,24256.4,24279.025
2024-08-05 10:30:00,24281.9,24281.9,24185.9,24236.225
2024-08-05 10:45:00,24239.275,24239.275,24093.15,24150.7
2024-08-05 11:00:00,24151.425,24151.425,24011.45,24056.8
2024-08-05 11:15:00,24058.15,24058.15,23893.7,23988.225
2024-08-05 11:30:00,24013.475,24032.5,23935.35,23993.2875
2024-08-05 11:45:00,24002.65,24049.25,23982.4,24005.5
2024-08-05 12:00:00,23995.175,24045.9,23983.55,24014.575
2024-08-05 12:15:00,24014.425,24056.8,24001.85,24027.8625
2024-08-05 12:30:00,24026.4,24026.4,23932.5,23976.225
2024-08-05 12:45:00,23979.525,23979.525,23918.1,23941.6375
2024-08-05 13:00:00,23936.375,24023.2,23916.7,23971.7625
2024-08-05 13:15:00,23973.575,24053.85,23973.575,24029.925
2024-08-05 13:30:00,24034.875,24103.6,24027.1,24063.4
2024-08-05 13:45:00,24061.45,24127.35,24061.45,24092.125
2024-08-05 14:00:00,24088.125,24125.8,24071.2,24096.45
2024-08-05 14:15:00,24094.4,24111.45,24014.6,24060.0375
2024-08-05 14:30:00,24057.05,24081.65,24022.3,24052.525
2024-08-05 14:45:00,24053.075,24115.0,24053.075,24095.5625
2024-08-05 15:00:00,24094.55,24110.25,24031.4,24074.55
2024-08-05 15:15:00,24078.275,24078.275,24039.55,24051.925
2024-08-06 09:15:00,24050.725,24382.6,24050.725,24270.2
2024-08-06 09:30:00,24254.35,24336.05,24254.35,24295.6125
2024-08-06 09:45:00,24291.4,24344.5,24266.5,24304.6875
2024-08-06 10:00:00,24303.875,24347.8,24277.85,24312.1125
2024-08-06 10:15:00,24311.4,24311.4,24219.75,24261.2125
2024-08-06 10:30:00,24257.6,24257.6,24131.0,24190.2375
2024-08-06 10:45:00,24193.6,24260.85,24153.2,24206.8625
2024-08-06 11:00:00,24206.7,24265.85,24195.15,24236.0
2024-08-06 11:15:00,24241.5,24260.35,24212.6,24231.975
2024-08-06 11:30:00,24227.475,24248.7,24213.65,24232.2625
2024-08-06 11:45:00,24233.35,24239.65,24207.7,24229.25
2024-08-06 12:00:00,24234.825,24248.95,24225.7,24235.45
2024-08-06 12:15:00,24233.575,24237.9,24185.05,24212.9125
2024-08-06 12:30:00,24214.35,24214.35,24166.1,24185.4625
2024-08-06 12:45:00,24185.325,24208.55,24167.9,24185.2375
2024-08-06 13:00:00,24182.25,24194.05,24158.3,24175.9
2024-08-06 13:15:00,24175.625,24178.25,24134.2,24161.3
2024-08-06 13:30:00,24166.375,24172.0,24066.25,24121.725
2024-08-06 13:45:00,24124.325,24124.325,24041.5,24078.5875
2024-08-06 14:00:00,24087.15,24102.8,24011.8,24057.8125
2024-08-06 14:15:00,24058.325,24077.9,23985.35,24030.8375
2024-08-06 14:30:00,24030.05,24039.3,23978.55,24008.475
2024-08-06 14:45:00,24008.025,24049.35,23960.4,24000.625
2024-08-06 15:00:00,23996.375,24029.2,23963.5,23995.0375
2024-08-06 15:15:00,23993.725,24039.45,23966.05,24003.325
2024-08-07 09:15:00,24003.9,24306.45,24003.9,24275.9
2024-08-07 09:30:00,24277.225,24285.0,24231.9,24254.95
2024-08-07 09:45:00,24251.45,24256.05,24213.8,24234.8625
2024-08-07 10:00:00,24234.8,24254.05,24184.9,24219.1375
2024-08-07 10:15:00,24218.8,24275.05,24193.4,24235.9875
2024-08-07 10:30:00,24237.75,24337.7,24237.75,24294.3125
2024-08-07 10:45:00,24287.0,24313.1,24285.9,24300.8375
2024-08-07 11:00:00,24302.175,24302.175,24225.75,24268.8625
2024-08-07 11:15:00,24274.575,24274.575,24209.7,24232.575
2024-08-07 11:30:00,24234.875,24251.9,24220.4,24234.925
2024-08-07 11:45:00,24233.7,24253.95,24218.5,24235.8625
2024-08-07 12:00:00,24235.5,24242.7,24220.15,24228.6625
2024-08-07 12:15:00,24225.9,24276.8,24223.4,24246.6375
2024-08-07 12:30:00,24243.175,24265.65,24223.1,24245.6625
2024-08-07 12:45:00,24246.95,24246.95,24208.3,24227.1
2024-08-07 13:00:00,24227.2,24237.35,24214.4,24226.3625
2024-08-07 13:15:00,24226.85,24232.9,24188.95,24212.5375
2024-08-07 13:30:00,24214.15,24233.8,24193.1,24211.3375
2024-08-07 13:45:00,24209.225,24239.1,24209.225,24227.35
2024-08-07 14:00:00,24226.175,24246.6,24209.05,24233.375
2024-08-07 14:15:00,24238.925,24293.55,24238.925,24267.0375
2024-08-07 14:30:00,24264.9,24288.3,24257.95,24274.95
2024-08-07 14:45:00,24276.775,24276.775,24244.45,24265.2
2024-08-07 15:00:00,24270.55,24312.25,24268.25,24290.6625
2024-08-07 15:15:00,24291.075,24316.9,24291.075,24309.3125
2024-08-08 09:15:00,24312.25,24312.25,24198.4,24231.9875
2024-08-08 09:30:00,24234.75,24263.5,24192.85,24227.3125
2024-08-08 09:45:00,24226.45,24261.95,24205.25,24225.9625
2024-08-08 10:00:00,24218.325,24226.7,24119.3,24178.025
2024-08-08 10:15:00,24183.05,24259.6,24142.75,24200.3625
2024-08-08 10:30:00,24199.55,24238.6,24146.0,24204.4875
2024-08-08 10:45:00,24216.675,24218.1,24134.4,24174.7375
2024-08-08 11:00:00,24173.225,24211.95,24148.45,24173.925
2024-08-08 11:15:00,24167.65,24252.95,24167.65,24204.875
2024-08-08 11:30:00,24191.6,24210.55,24167.8,24191.7
2024-08-08 11:45:00,24194.225,24245.05,24187.35,24212.575
2024-08-08 12:00:00,24208.95,24307.1,24208.95,24264.3
2024-08-08 12:15:00,24266.525,24340.5,24266.525,24315.2625
2024-08-08 12:30:00,24312.4,24336.4,24284.75,24310.8875
2024-08-08 12:45:00,24311.2,24311.2,24205.7,24260.9625
2024-08-08 13:00:00,24263.8,24263.8,24129.05,24184.3
2024-08-08 13:15:00,24191.825,24191.825,24107.25,24139.5625
2024-08-08 13:30:00,24135.725,24173.15,24092.15,24136.825
2024-08-08 13:45:00,24141.0,24179.35,24125.85,24152.5875
2024-08-08 14:00:00,24152.575,24168.5,24131.2,24147.675
2024-08-08 14:15:00,24145.5,24195.8,24134.05,24160.8375
2024-08-08 14:30:00,24156.75,24176.55,24151.45,24164.2125
2024-08-08 14:45:00,24164.425,24187.7,24122.75,24158.7875
2024-08-08 15:00:00,24162.35,24167.6,24113.35,24138.2875
2024-08-08 15:15:00,24136.1,24136.1,24079.7,24102.9625
2024-08-09 09:15:00,24107.125,24405.4,24107.125,24374.275
2024-08-09 09:30:00,24387.9,24409.65,24370.55,24393.375
2024-08-09 09:45:00,24396.65,24419.75,24359.9,24388.9875
2024-08-09 10:00:00,24388.15,24388.15,24347.6,24365.35
2024-08-09 10:15:00,24363.7,24372.35,24317.15,24343.6375
2024-08-09 10:30:00,24342.525,24344.5,24311.2,24328.3625
2024-08-09 10:45:00,24328.875,24362.35,24324.4,24339.6
2024-08-09 11:00:00,24335.825,24369.7,24335.825,24350.15
2024-08-09 11:15:00,24344.6,24360.35,24337.25,24348.5
2024-08-09 11:30:00,24348.2,24360.65,24344.85,24352.7
2024-08-09 11:45:00,24352.65,24371.85,24352.65,24363.1
2024-08-09 12:00:00,24363.05,24374.9,24349.35,24361.7125
2024-08-09 12:15:00,24361.3,24361.3,24344.7,24353.175
2024-08-09 12:30:00,24353.475,24371.15,24353.05,24358.3625
2024-08-09 12:45:00,24354.625,24356.8,24338.7,24348.4
2024-08-09 13:00:00,24349.05,24355.95,24338.1,24347.45
2024-08-09 13:15:00,24347.875,24374.9,24347.875,24361.4625
2024-08-09 13:30:00,24361.4,24374.05,24350.25,24364.2625
2024-08-09 13:45:00,24366.375,24370.5,24357.05,24363.125
2024-08-09 14:00:00,24362.475,24389.6,24362.475,24377.25
2024-08-09 14:15:00,24376.8,24389.25,24365.1,24376.1125
2024-08-09 14:30:00,24375.05,24375.05,24353.85,24365.05
2024-08-09 14:45:00,24365.975,24377.5,24360.2,24370.2875
2024-08-09 15:00:00,24371.725,24385.9,24363.15,24373.6625
2024-08-09 15:15:00,24372.8,24374.4,24356.95,24367.4
2024-08-12 09:15:00,24369.125,24369.125,24259.25,24294.425
2024-08-12 09:30:00,24297.375,24302.05,24269.65,24280.0875
2024-08-12 09:45:00,24274.325,24278.65,24212.1,24247.275
2024-08-12 10:00:00,24249.175,24266.65,24219.25,24240.275
2024-08-12 10:15:00,24237.6,24304.6,24237.6,24275.1
2024-08-12 10:30:00,24271.825,24353.95,24271.825,24321.6875
2024-08-12 10:45:00,24321.3,24406.1,24321.3,24374.2
2024-08-12 11:00:00,24375.925,24435.55,24375.925,24413.25
2024-08-12 11:15:00,24418.15,24472.8,24418.15,24445.3
2024-08-12 11:30:00,24442.55,24466.45,24409.2,24435.8875
2024-08-12 11:45:00,24433.95,24433.95,24404.1,24417.7125
2024-08-12 12:00:00,24417.175,24426.3,24387.25,24405.0875
2024-08-12 12:15:00,24403.4,24409.85,24382.4,24393.125
2024-08-12 12:30:00,24390.125,24429.1,24380.55,24407.2
2024-08-12 12:45:00,24409.575,24436.45,24400.1,24416.6125
2024-08-12 13:00:00,24414.95,24439.1,24400.2,24412.525
2024-08-12 13:15:00,24405.4,24417.15,24392.75,24407.4
2024-08-12 13:30:00,24409.85,24422.55,24409.5,24416.8125
2024-08-12 13:45:00,24417.6,24432.65,24415.1,24422.9
2024-08-12 14:00:00,24421.925,24444.35,24421.0,24431.0
2024-08-12 14:15:00,24429.325,24440.55,24395.85,24419.75
2024-08-12 14:30:00,24421.3,24421.3,24393.35,24407.4
2024-08-12 14:45:00,24409.575,24429.35,24349.0,24385.5
2024-08-12 15:00:00,24381.825,24381.825,24302.4,24338.9
2024-08-12 15:15:00,24348.25,24365.35,24340.9,24350.75
2024-08-13 09:15:00,24348.375,24359.95,24308.35,24333.7
2024-08-13 09:30:00,24333.25,24354.1,24299.4,24328.875
2024-08-13 09:45:00,24331.0,24358.0,24306.0,24329.975
2024-08-13 10:00:00,24327.95,24341.95,24309.95,24324.0875
2024-08-13 10:15:00,24322.225,24334.25,24291.9,24312.875
2024-08-13 10:30:00,24312.675,24312.675,24277.15,24295.45
2024-08-13 10:45:00,24296.35,24317.95,24294.6,24304.7125
2024-08-13 11:00:00,24303.15,24315.5,24290.95,24307.05
2024-08-13 11:15:00,24310.875,24328.15,24303.25,24317.6625
2024-08-13 11:30:00,24319.625,24329.3,24306.2,24318.5375
2024-08-13 11:45:00,24319.325,24330.15,24304.8,24317.5375
2024-08-13 12:00:00,24317.6,24327.65,24268.8,24303.8125
2024-08-13 12:15:00,24309.4,24309.4,24275.5,24288.975
2024-08-13 12:30:00,24291.4,24291.4,24250.95,24269.975
2024-08-13 12:45:00,24270.5,24270.5,24218.2,24240.8125
2024-08-13 13:00:00,24244.1,24244.1,24203.2,24229.5125
2024-08-13 13:15:00,24235.775,24251.15,24233.95,24242.1875
2024-08-13 13:30:00,24241.825,24257.3,24196.1,24224.5875
2024-08-13 13:45:00,24222.475,24222.475,24157.7,24180.6125
2024-08-13 14:00:00,24178.575,24178.575,24116.5,24151.45
2024-08-13 14:15:00,24156.2,24177.95,24131.25,24157.95
2024-08-13 14:30:00,24161.3,24176.75,24132.8,24155.7375
2024-08-13 14:45:00,24156.7,24156.7,24121.6,24137.4625
2024-08-13 15:00:00,24136.275,24164.9,24122.9,24134.8375
2024-08-13 15:15:00,24125.775,24144.2,24119.35,24132.225
2024-08-14 09:15:00,24132.675,24196.5,24130.3,24161.625
2024-08-14 09:30:00,24159.85,24159.85,24099.7,24124.7625
2024-08-14 09:45:00,24130.5,24174.4,24110.3,24131.6125
2024-08-14 10:00:00,24120.875,24153.3,24113.7,24132.0125
2024-08-14 10:15:00,24130.525,24171.35,24130.525,24149.8125
2024-08-14 10:30:00,24144.85,24170.55,24137.5,24154.375
2024-08-14 10:45:00,24154.725,24169.7,24127.7,24149.75
2024-08-14 11:00:00,24150.8,24150.8,24118.3,24133.65
2024-08-14 11:15:00,24134.575,24151.1,24127.15,24141.1625
2024-08-14 11:30:00,24143.2,24156.2,24127.15,24142.725
2024-08-14 11:45:00,24143.775,24155.8,24131.65,24142.8125
2024-08-14 12:00:00,24141.9,24166.05,24141.9,24155.8
2024-08-14 12:15:00,24156.5,24166.15,24149.95,24159.725
2024-08-14 12:30:00,24161.4,24162.4,24145.45,24156.025
2024-08-14 12:45:00,24158.125,24192.95,24155.0,24173.5875
2024-08-14 13:00:00,24173.2,24194.35,24171.45,24183.6375
2024-08-14 13:15:00,24184.375,24184.375,24147.4,24166.6375
2024-08-14 13:30:00,24169.65,24169.65,24149.85,24160.2875
2024-08-14 13:45:00,24161.025,24166.65,24145.6,24158.0625
2024-08-14 14:00:00,24160.0,24176.8,24154.95,24164.975
2024-08-14 14:15:00,24164.075,24177.75,24152.9,24164.35
2024-08-14 14:30:00,24163.375,24163.6,24127.5,24147.1375
2024-08-14 14:45:00,24148.725,24157.65,24129.35,24141.6125
2024-08-14 15:00:00,24139.725,24152.15,24121.85,24136.7125
2024-08-14 15:15:00,24136.425,24157.3,24129.65,24141.4375
2024-08-16 09:15:00,24139.4,24403.55,24139.4,24356.7125
2024-08-16 09:30:00,24360.25,24398.55,24315.25,24358.6125
2024-08-16 09:45:00,24360.325,24360.325,24285.95,24317.0
2024-08-16 10:00:00,24318.95,24319.6,24274.4,24297.025
2024-08-16 10:15:00,24297.05,24306.65,24233.85,24268.2875
2024-08-16 10:30:00,24266.325,24266.325,24204.5,24240.5625
2024-08-16 10:45:00,24249.55,24274.9,24242.7,24257.9
2024-08-16 11:00:00,24257.0,24261.7,24226.4,24244.975
2024-08-16 11:15:00,24245.9,24319.95,24227.85,24273.9
2024-08-16 11:30:00,24273.9,24339.95,24273.9,24322.5375
2024-08-16 11:45:00,24323.225,24388.75,24323.225,24359.3
2024-08-16 12:00:00,24358.9,24440.4,24358.9,24405.25
2024-08-16 12:15:00,24402.45,24429.75,24389.2,24412.05
2024-08-16 12:30:00,24414.625,24452.25,24408.4,24426.0
2024-08-16 12:45:00,24421.675,24439.0,24413.35,24428.7125
2024-08-16 13:00:00,24431.25,24459.1,24426.9,24438.975
2024-08-16 13:15:00,24434.95,24456.8,24427.65,24441.225
2024-08-16 13:30:00,24440.225,24469.95,24434.7,24451.9875
2024-08-16 13:45:00,24451.65,24495.65,24451.65,24476.3125
2024-08-16 14:00:00,24473.525,24518.2,24473.525,24499.325
2024-08-16 14:15:00,24498.85,24516.7,24488.05,24506.4625
2024-08-16 14:30:00,24510.55,24510.55,24473.25,24491.825
2024-08-16 14:45:00,24492.95,24518.6,24477.5,24497.9375
2024-08-16 15:00:00,24497.825,24563.9,24497.825,24534.8
2024-08-16 15:15:00,24533.775,24561.3,24533.775,24548.025
2024-08-19 09:15:00,24546.675,24638.8,24546.675,24608.125
2024-08-19 09:30:00,24608.725,24625.95,24582.5,24601.7125
2024-08-19 09:45:00,24599.2,24625.05,24566.0,24597.9125
2024-08-19 10:00:00,24600.3,24602.1,24573.4,24585.0375
2024-08-19 10:15:00,24582.325,24590.2,24541.6,24567.225
2024-08-19 10:30:00,24568.55,24583.1,24548.5,24563.625
2024-08-19 10:45:00,24561.45,24570.6,24543.05,24557.8125
2024-08-19 11:00:00,24558.8,24558.8,24522.95,24544.175
2024-08-19 11:15:00,24547.8,24588.05,24542.7,24565.1875
2024-08-19 11:30:00,24565.0,24598.0,24565.0,24586.3875
2024-08-19 11:45:00,24584.7,24596.0,24570.95,24586.075
2024-08-19 12:00:00,24588.675,24596.65,24561.15,24580.45
2024-08-19 12:15:00,24582.0,24582.0,24556.3,24565.6375
2024-08-19 12:30:00,24563.15,24579.35,24552.25,24564.7125
2024-08-19 12:45:00,24563.625,24586.6,24563.625,24574.75
2024-08-19 13:00:00,24572.375,24592.9,24572.375,24582.8
2024-08-19 13:15:00,24582.575,24605.1,24562.85,24580.425
2024-08-19 13:30:00,24576.875,24576.875,24553.1,24561.775
2024-08-19 13:45:00,24559.575,24576.3,24543.85,24561.7625
2024-08-19 14:00:00,24563.45,24581.45,24563.0,24571.6125
2024-08-19 14:15:00,24571.0,24588.0,24569.95,24578.5375
2024-08-19 14:30:00,24578.1,24591.55,24566.9,24582.25
2024-08-19 14:45:00,24585.275,24592.35,24576.3,24583.125
2024-08-19 15:00:00,24581.925,24581.925,24562.55,24572.9625
2024-08-19 15:15:00,24575.075,24590.3,24570.6,24577.7875
2024-08-20 09:15:00,24575.125,24660.3,24575.125,24634.8125
2024-08-20 09:30:00,24635.875,24676.9,24616.15,24646.3
2024-08-20 09:45:00,24646.075,24698.0,24646.075,24680.4625
2024-08-20 10:00:00,24682.525,24725.8,24682.525,24709.75
2024-08-20 10:15:00,24708.95,24729.25,24701.2,24718.1
2024-08-20 10:30:00,24720.975,24734.3,24703.25,24715.0125
2024-08-20 10:45:00,24711.25,24711.25,24684.55,24695.675
2024-08-20 11:00:00,24695.025,24713.1,24674.55,24695.05
2024-08-20 11:15:00,24696.275,24713.3,24696.275,24707.025
2024-08-20 11:30:00,24708.5,24712.65,24688.05,24703.925
2024-08-20 11:45:00,24707.5,24717.3,24705.2,24710.15
2024-08-20 12:00:00,24709.05,24719.1,24705.6,24711.425
2024-08-20 12:15:00,24710.5,24723.15,24706.15,24713.7875
2024-08-20 12:30:00,24712.925,24723.65,24701.75,24711.55
2024-08-20 12:45:00,24710.4,24734.15,24701.55,24716.7875
2024-08-20 13:00:00,24715.725,24731.65,24715.725,24726.575
2024-08-20 13:15:00,24728.3,24728.3,24705.6,24717.7625
2024-08-20 13:30:00,24719.15,24719.15,24702.5,24710.225
2024-08-20 13:45:00,24711.025,24729.1,24710.3,24718.0125
2024-08-20 14:00:00,24716.325,24727.35,24712.45,24720.1625
2024-08-20 14:15:00,24720.425,24720.425,24699.4,24713.1875
2024-08-20 14:30:00,24716.95,24725.3,24710.1,24718.7875
2024-08-20 14:45:00,24719.875,24729.3,24712.65,24721.7375
2024-08-20 15:00:00,24722.5,24722.5,24690.9,24707.1
2024-08-20 15:15:00,24708.9,24708.9,24670.85,24686.8125
2024-08-21 09:15:00,24685.375,24708.1,24654.5,24680.1625
2024-08-21 09:30:00,24679.025,24693.65,24660.7,24679.1875
2024-08-21 09:45:00,24681.2,24713.6,24672.75,24690.5
2024-08-21 10:00:00,24687.825,24721.5,24687.825,24702.7625
2024-08-21 10:15:00,24700.575,24753.95,24700.575,24729.9875
2024-08-21 10:30:00,24727.275,24745.6,24712.0,24730.4125
2024-08-21 10:45:00,24732.025,24732.75,24713.3,24723.3625
2024-08-21 11:00:00,24723.7,24727.5,24678.8,24706.0875
2024-08-21 11:15:00,24709.025,24742.3,24693.2,24716.7625
2024-08-21 11:30:00,24715.775,24740.45,24697.6,24719.6625
2024-08-21 11:45:00,24720.3,24721.65,24698.2,24709.65
2024-08-21 12:00:00,24709.375,24733.8,24709.375,24722.4875
2024-08-21 12:15:00,24720.625,24735.05,24719.1,24725.8625
2024-08-21 12:30:00,24724.65,24739.1,24720.45,24727.725
2024-08-21 12:45:00,24725.675,24731.5,24716.3,24724.4
2024-08-21 13:00:00,24724.9,24732.5,24721.05,24725.8
2024-08-21 13:15:00,24724.825,24733.65,24696.8,24718.1875
2024-08-21 13:30:00,24721.15,24727.35,24709.05,24719.65
2024-08-21 13:45:00,24721.1,24731.95,24719.65,24725.0875
2024-08-21 14:00:00,24724.375,24744.55,24720.95,24732.5
2024-08-21 14:15:00,24732.25,24747.3,24727.75,24738.8125
2024-08-21 14:30:00,24740.1,24741.35,24722.75,24735.2375
2024-08-21 14:45:00,24738.425,24753.75,24736.2,24744.55
2024-08-21 15:00:00,24744.125,24774.8,24744.125,24761.4375
2024-08-21 15:15:00,24759.625,24787.95,24759.625,24775.1
2024-08-22 09:15:00,24774.7,24867.35,24774.7,24839.1125
2024-08-22 09:30:00,24845.125,24845.125,24821.3,24829.7125
2024-08-22 09:45:00,24829.0,24833.65,24784.45,24814.8
2024-08-22 10:00:00,24820.55,24823.2,24793.05,24809.8625
2024-08-22 10:15:00,24811.6,24816.6,24802.45,24810.5125
2024-08-22 10:30:00,24811.5,24825.7,24806.85,24816.3
2024-08-22 10:45:00,24816.325,24830.1,24814.95,24823.6625
2024-08-22 11:00:00,24824.8,24828.85,24810.55,24822.4125
2024-08-22 11:15:00,24825.125,24829.4,24817.1,24823.8875
2024-08-22 11:30:00,24824.525,24847.7,24818.45,24833.5625
2024-08-22 11:45:00,24834.05,24847.8,24834.05,24841.3625
2024-08-22 12:00:00,24841.625,24842.05,24828.3,24835.8375
2024-08-22 12:15:00,24836.5,24836.8,24826.8,24831.45
2024-08-22 12:30:00,24831.1,24834.4,24822.65,24827.9125
2024-08-22 12:45:00,24827.3,24835.6,24824.1,24828.125
2024-08-22 13:00:00,24826.4,24829.85,24800.85,24816.525
2024-08-22 13:15:00,24817.7,24823.45,24805.05,24811.9
2024-08-22 13:30:00,24809.55,24817.15,24802.85,24812.0875
2024-08-22 13:45:00,24814.175,24833.4,24814.175,24823.125
2024-08-22 14:00:00,24821.825,24837.7,24815.85,24828.2125
2024-08-22 14:15:00,24829.65,24835.25,24804.2,24820.5375
2024-08-22 14:30:00,24821.35,24821.35,24796.9,24807.5875
2024-08-22 14:45:00,24808.775,24812.75,24802.3,24808.1125
2024-08-22 15:00:00,24808.7,24820.75,24796.65,24809.575
2024-08-22 15:15:00,24810.45,24822.75,24804.5,24812.25
2024-08-23 09:15:00,24810.875,24858.4,24792.3,24831.4375
2024-08-23 09:30:00,24837.525,24837.525,24771.65,24804.0625
2024-08-23 09:45:00,24806.825,24835.55,24775.95,24804.6875
2024-08-23 10:00:00,24803.625,24824.75,24797.4,24811.45
2024-08-23 10:15:00,24811.825,24820.25,24797.0,24809.725
2024-08-23 10:30:00,24810.825,24831.55,24810.825,24823.35
2024-08-23 10:45:00,24823.825,24848.95,24823.825,24835.2625
2024-08-23 11:00:00,24833.975,24850.65,24832.65,24838.1125
2024-08-23 11:15:00,24834.575,24853.75,24833.5,24842.55
2024-08-23 11:30:00,24841.475,24848.5,24835.55,24843.65
2024-08-23 11:45:00,24845.275,24845.275,24819.3,24835.1875
2024-08-23 12:00:00,24838.75,24847.65,24833.25,24838.7
2024-08-23 12:15:00,24836.95,24845.5,24832.9,24839.1125
2024-08-23 12:30:00,24839.025,24844.45,24831.75,24837.525
2024-08-23 12:45:00,24836.95,24839.7,24829.95,24835.2125
2024-08-23 13:00:00,24835.6,24843.05,24826.35,24835.7875
2024-08-23 13:15:00,24836.875,24837.9,24818.9,24829.425
2024-08-23 13:30:00,24830.45,24839.5,24819.65,24830.3875
2024-08-23 13:45:00,24831.2,24838.9,24821.45,24833.9375
2024-08-23 14:00:00,24837.7,24837.75,24822.4,24831.7625
2024-08-23 14:15:00,24833.45,24848.85,24828.35,24837.7125
2024-08-23 14:30:00,24836.825,24848.5,24824.5,24836.275
2024-08-23 14:45:00,24836.05,24838.65,24811.85,24826.6
2024-08-23 15:00:00,24827.95,24833.3,24794.7,24818.5
2024-08-23 15:15:00,24823.0,24841.75,24815.05,24827.6625
2024-08-26 09:15:00,24826.925,24920.0,24826.925,24905.0125
2024-08-26 09:30:00,24912.675,24983.65,24907.05,24947.8
2024-08-26 09:45:00,24950.25,24997.4,24950.25,24981.575
2024-08-26 10:00:00,24982.05,25017.25,24966.25,24993.1125
2024-08-26 10:15:00,24994.475,25043.8,24994.475,25014.2125
2024-08-26 10:30:00,25005.45,25012.5,24987.6,25002.1125
2024-08-26 10:45:00,25004.175,25007.35,24971.25,24992.7375
2024-08-26 11:00:00,24996.175,24996.175,24973.1,24982.5
2024-08-26 11:15:00,24983.7,24992.1,24980.0,24986.525
2024-08-26 11:30:00,24987.0,25020.25,24987.0,25002.5
2024-08-26 11:45:00,24999.75,25010.95,24996.85,25004.675
2024-08-26 12:00:00,25005.45,25014.5,24996.85,25003.925
2024-08-26 12:15:00,25002.175,25015.25,24995.3,25004.7125
2024-08-26 12:30:00,25004.15,25034.75,25004.15,25015.9625
2024-08-26 12:45:00,25011.55,25026.7,25011.55,25019.35
2024-08-26 13:00:00,25019.375,25034.05,25019.375,25026.4125
2024-08-26 13:15:00,25025.075,25029.5,25016.9,25023.8875
2024-08-26 13:30:00,25024.575,25024.9,25010.25,25017.5125
2024-08-26 13:45:00,25017.45,25030.3,25001.65,25018.1
2024-08-26 14:00:00,25020.225,25030.55,25005.55,25018.4375
2024-08-26 14:15:00,25018.825,25029.0,25009.15,25017.8875
2024-08-26 14:30:00,25016.7,25033.2,25016.7,25023.6375
2024-08-26 14:45:00,25021.725,25029.5,25013.45,25019.8625
2024-08-26 15:00:00,25018.25,25022.05,25002.8,25013.2375
2024-08-26 15:15:00,25014.05,25016.75,25004.6,25010.5375
2024-08-27 09:15:00,25010.4,25037.7,24988.0,25013.3
2024-08-27 09:30:00,25013.75,25013.75,24973.65,24995.5875
2024-08-27 09:45:00,24999.575,25043.65,24986.85,25014.0375
2024-08-27 10:00:00,25012.825,25041.3,25011.65,25023.7125
2024-08-27 10:15:00,25020.95,25030.9,24993.05,25008.025
2024-08-27 10:30:00,25004.075,25026.1,24983.5,25001.975
2024-08-27 10:45:00,24999.15,25029.3,24999.15,25016.0625
2024-08-27 11:00:00,25016.15,25049.65,25016.15,25034.325
2024-08-27 11:15:00,25031.375,25073.1,25031.375,25053.3
2024-08-27 11:30:00,25053.375,25073.05,25053.375,25065.625
2024-08-27 11:45:00,25066.85,25066.85,25039.5,25052.9375
2024-08-27 12:00:00,25053.225,25058.5,25033.65,25044.8125
2024-08-27 12:15:00,25043.55,25051.3,25038.55,25044.7875
2024-08-27 12:30:00,25044.65,25053.85,25040.5,25047.025
2024-08-27 12:45:00,25046.875,25060.2,25040.45,25048.775
2024-08-27 13:00:00,25047.225,25059.3,25040.9,25050.725
2024-08-27 13:15:00,25051.35,25059.95,25041.3,25052.0875
2024-08-27 13:30:00,25053.55,25066.7,25047.8,25057.25
2024-08-27 13:45:00,25057.25,25067.1,25050.25,25059.9625
2024-08-27 14:00:00,25061.25,25061.25,25048.8,25054.8
2024-08-27 14:15:00,25054.925,25056.2,25038.9,25048.5125
2024-08-27 14:30:00,25049.475,25053.1,25036.35,25044.675
2024-08-27 14:45:00,25044.625,25044.625,24998.0,25025.3
2024-08-27 15:00:00,25029.45,25032.05,25007.6,25020.25
2024-08-27 15:15:00,25020.675,25027.75,24988.4,25009.3625
2024-08-28 09:15:00,25010.65,25048.15,25000.35,25023.0
2024-08-28 09:30:00,25021.75,25021.75,24964.65,24995.7875
2024-08-28 09:45:00,25002.25,25025.75,24982.7,25005.75
2024-08-28 10:00:00,25007.275,25024.95,24987.95,25011.5
2024-08-28 10:15:00,25016.55,25029.4,24993.55,25010.8625
2024-08-28 10:30:00,25010.25,25032.2,24999.95,25016.15
2024-08-28 10:45:00,25016.225,25024.2,25009.25,25019.6375
2024-08-28 11:00:00,25022.55,25040.0,25020.5,25030.65
2024-08-28 11:15:00,25031.05,25078.25,25031.05,25053.7875
2024-08-28 11:30:00,25049.775,25110.0,25049.775,25082.6125
2024-08-28 11:45:00,25081.85,25114.05,25081.85,25100.8
2024-08-28 12:00:00,25098.75,25102.0,25085.0,25091.6875
2024-08-28 12:15:00,25089.875,25102.2,25080.8,25092.45
2024-08-28 12:30:00,25093.4,25110.05,25093.3,25100.5125
2024-08-28 12:45:00,25099.35,25105.3,25088.25,25097.275
2024-08-28 13:00:00,25097.775,25107.4,25094.1,25100.2625
2024-08-28 13:15:00,25099.775,25114.75,25090.55,25103.175
2024-08-28 13:30:00,25103.7,25110.4,25093.7,25102.875
2024-08-28 13:45:00,25103.7,25115.5,25098.3,25106.0125
2024-08-28 14:00:00,25105.125,25126.5,25105.125,25115.85
2024-08-28 14:15:00,25114.6,25129.6,25111.45,25119.2
2024-08-28 14:30:00,25117.875,25117.875,25080.55,25099.7875
2024-08-28 14:45:00,25101.525,25101.525,25049.8,25073.9625
2024-08-28 15:00:00,25074.65,25074.65,25048.2,25057.1125
2024-08-28 15:15:00,25055.95,25055.95,25032.1,25044.425
2024-08-29 09:15:00,25047.125,25073.65,25017.5,25045.175
2024-08-29 09:30:00,25044.775,25074.1,25043.7,25059.05
2024-08-29 09:45:00,25059.2,25109.3,25059.2,25083.0
2024-08-29 10:00:00,25080.175,25117.95,25080.175,25100.7625
2024-08-29 10:15:00,25097.7,25114.5,25086.55,25102.4875
2024-08-29 10:30:00,25104.45,25115.8,25088.8,25102.7375
2024-08-29 10:45:00,25103.175,25103.8,25077.05,25092.325
2024-08-29 11:00:00,25094.225,25104.6,25085.25,25094.35
2024-08-29 11:15:00,25093.775,25106.5,25092.0,25099.1625
2024-08-29 11:30:00,25099.075,25103.25,25082.9,25092.475
2024-08-29 11:45:00,25091.875,25091.875,25072.15,25081.125
2024-08-29 12:00:00,25081.175,25092.0,25070.15,25082.35
2024-08-29 12:15:00,25083.625,25144.1,25083.625,25114.9375
2024-08-29 12:30:00,25115.6,25174.55,25115.6,25153.7125
2024-08-29 12:45:00,25153.425,25170.7,25135.9,25152.3625
2024-08-29 13:00:00,25151.425,25158.5,25135.95,25146.6
2024-08-29 13:15:00,25145.975,25166.75,25145.6,25153.025
2024-08-29 13:30:00,25149.875,25157.15,25120.55,25142.0875
2024-08-29 13:45:00,25145.325,25157.4,25133.7,25142.625
2024-08-29 14:00:00,25139.7,25147.15,24998.5,25090.325
2024-08-29 14:15:00,25107.825,25107.825,25006.25,25052.475
2024-08-29 14:30:00,25056.675,25056.675,25001.65,25026.875
2024-08-29 14:45:00,25029.15,25188.3,25016.35,25100.4875
2024-08-29 15:00:00,25098.65,25192.9,25098.65,25154.675
2024-08-29 15:15:00,25152.575,25166.7,25117.7,25142.6375
2024-08-30 09:15:00,25143.075,25258.8,25143.075,25246.4
2024-08-30 09:30:00,25251.35,25256.45,25205.55,25234.4375
2024-08-30 09:45:00,25237.875,25242.45,25220.75,25228.2125
2024-08-30 10:00:00,25224.825,25236.65,25199.4,25219.95
2024-08-30 10:15:00,25221.875,25226.35,25204.2,25217.1875
2024-08-30 10:30:00,25219.1,25235.95,25210.8,25222.275
2024-08-30 10:45:00,25221.175,25227.7,25214.05,25222.8
2024-08-30 11:00:00,25224.725,25246.65,25220.4,25232.65
2024-08-30 11:15:00,25231.775,25247.55,25217.75,25233.2875
2024-08-30 11:30:00,25233.925,25240.5,25225.1,25229.9375
2024-08-30 11:45:00,25227.075,25250.55,25224.0,25235.2
2024-08-30 12:00:00,25233.125,25252.6,25232.75,25242.775
2024-08-30 12:15:00,25242.875,25257.95,25242.875,25249.8375
2024-08-30 12:30:00,25249.1,25258.15,25236.05,25246.7875
2024-08-30 12:45:00,25246.475,25246.475,25233.7,25239.6
2024-08-30 13:00:00,25239.75,25243.4,25228.65,25238.3375
2024-08-30 13:15:00,25240.65,25250.75,25234.3,25240.75
2024-08-30 13:30:00,25238.975,25246.6,25231.15,25238.725
2024-08-30 13:45:00,25238.575,25246.8,25235.9,25240.7375
2024-08-30 14:00:00,25240.125,25250.05,25237.4,25242.9625
2024-08-30 14:15:00,25242.2,25263.2,25241.9,25249.1375
2024-08-30 14:30:00,25245.725,25245.725,25227.4,25239.125
2024-08-30 14:45:00,25241.725,25246.35,25223.2,25235.675
2024-08-30 15:00:00,25236.575,25259.2,25206.8,25235.3625
2024-08-30 15:15:00,25237.725,25268.35,25232.25,25247.6375
2024-09-02 09:15:00,25244.975,25333.65,25244.975,25316.55
2024-09-02 09:30:00,25321.05,25321.05,25281.75,25304.375
2024-09-02 09:45:00,25307.85,25321.6,25293.1,25305.1375
2024-09-02 10:00:00,25302.925,25309.45,25281.65,25298.475
2024-09-02 10:15:00,25301.4,25307.25,25291.35,25299.2
2024-09-02 10:30:00,25299.1,25310.55,25292.35,25301.175
2024-09-02 10:45:00,25300.9,25315.6,25300.9,25310.3625
2024-09-02 11:00:00,25310.775,25320.4,25302.6,25313.2125
2024-09-02 11:15:00,25314.925,25322.0,25307.15,25313.775
2024-09-02 11:30:00,25312.975,25312.975,25292.85,25303.425
2024-09-02 11:45:00,25304.275,25308.25,25281.8,25294.1
2024-09-02 12:00:00,25293.175,25302.1,25283.6,25293.825
2024-09-02 12:15:00,25294.8,25304.1,25287.1,25295.7
2024-09-02 12:30:00,25295.8,25299.75,25273.55,25285.125
2024-09-02 12:45:00,25283.6,25283.6,25235.5,25259.4625
2024-09-02 13:00:00,25261.7,25269.95,25240.95,25253.3
2024-09-02 13:15:00,25251.15,25265.0,25248.65,25256.65
2024-09-02 13:30:00,25256.475,25262.75,25244.95,25254.275
2024-09-02 13:45:00,25254.7,25264.85,25250.55,25255.2
2024-09-02 14:00:00,25252.7,25283.65,25251.15,25265.8875
2024-09-02 14:15:00,25264.375,25290.35,25258.0,25270.8875
2024-09-02 14:30:00,25267.6,25285.15,25259.6,25269.6
2024-09-02 14:45:00,25266.825,25286.95,25265.6,25275.1
2024-09-02 15:00:00,25273.925,25288.25,25267.7,25277.7625
2024-09-02 15:15:00,25277.55,25289.85,25258.6,25275.4875
2024-09-03 09:15:00,25276.75,25321.7,25255.1,25289.3375
2024-09-03 09:30:00,25290.275,25290.275,25257.15,25268.0375
2024-09-03 09:45:00,25269.275,25276.4,25241.2,25260.5375
2024-09-03 10:00:00,25262.275,25268.2,25249.85,25259.175
2024-09-03 10:15:00,25259.325,25274.55,25244.55,25258.2
2024-09-03 10:30:00,25256.85,25269.1,25247.5,25256.975
2024-09-03 10:45:00,25255.65,25272.25,25253.95,25260.875
2024-09-03 11:00:00,25258.65,25265.05,25242.85,25251.9125
2024-09-03 11:15:00,25249.875,25263.05,25235.8,25249.5625
2024-09-03 11:30:00,25249.7,25264.45,25249.7,25256.3125
2024-09-03 11:45:00,25255.025,25255.025,25244.15,25250.15
2024-09-03 12:00:00,25250.875,25264.35,25247.05,25255.4
2024-09-03 12:15:00,25255.1,25264.35,25249.5,25256.9875
2024-09-03 12:30:00,25257.05,25265.7,25252.15,25258.35
2024-09-03 12:45:00,25257.775,25271.45,25257.775,25264.9875
2024-09-03 13:00:00,25265.15,25284.65,25265.15,25276.4875
2024-09-03 13:15:00,25276.7,25298.3,25276.7,25286.0
2024-09-03 13:30:00,25282.9,25285.2,25269.8,25277.05
2024-09-03 13:45:00,25276.6,25282.0,25252.1,25266.975
2024-09-03 14:00:00,25266.9,25277.0,25258.25,25267.5
2024-09-03 14:15:00,25267.375,25279.3,25262.95,25272.075
2024-09-03 14:30:00,25273.025,25290.6,25267.65,25279.175
2024-09-03 14:45:00,25279.225,25304.1,25279.225,25293.0625
2024-09-03 15:00:00,25292.3,25301.1,25270.9,25287.15
2024-09-03 15:15:00,25288.3,25288.3,25260.75,25272.9875
2024-09-04 09:15:00,25272.95,25272.95,25083.8,25102.8875
2024-09-04 09:30:00,25097.325,25116.35,25093.15,25102.575
2024-09-04 09:45:00,25100.4,25137.2,25089.75,25112.375
2024-09-04 10:00:00,25111.275,25158.4,25111.275,25139.2
2024-09-04 10:15:00,25140.05,25157.35,25121.9,25139.1
2024-09-04 10:30:00,25138.575,25138.575,25094.65,25113.075
2024-09-04 10:45:00,25115.725,25141.3,25104.6,25122.9
2024-09-04 11:00:00,25122.85,25140.75,25122.2,25132.2875
2024-09-04 11:15:00,25133.1,25134.9,25118.75,25125.8
2024-09-04 11:30:00,25124.775,25144.2,25118.0,25130.4375
2024-09-04 11:45:00,25129.775,25140.85,25125.25,25134.05
2024-09-04 12:00:00,25135.05,25140.55,25128.05,25133.1
2024-09-04 12:15:00,25131.9,25144.5,25125.75,25134.35
2024-09-04 12:30:00,25133.575,25145.5,25124.95,25134.925
2024-09-04 12:45:00,25134.625,25145.1,25134.625,25138.05
2024-09-04 13:00:00,25136.05,25154.3,25130.35,25143.35
2024-09-04 13:15:00,25144.375,25192.45,25144.375,25166.925
2024-09-04 13:30:00,25161.375,25183.3,25160.5,25169.3
2024-09-04 13:45:00,25166.7,25180.1,25161.0,25170.5125
2024-09-04 14:00:00,25170.475,25178.35,25158.85,25169.7125
2024-09-04 14:15:00,25170.825,25170.825,25145.75,25158.4875
2024-09-04 14:30:00,25160.15,25182.9,25152.85,25168.075
2024-09-04 14:45:00,25168.275,25184.9,25167.7,25175.725
2024-09-04 15:00:00,25175.15,25211.8,25169.3,25190.125
2024-09-04 15:15:00,25189.7,25216.0,25189.7,25208.3
2024-09-05 09:15:00,25207.975,25275.45,25207.95,25237.75
2024-09-05 09:30:00,25233.8,25233.8,25187.0,25211.3875
2024-09-05 09:45:00,25212.9,25223.1,25200.05,25210.8
2024-09-05 10:00:00,25210.025,25215.25,25186.95,25204.9375
2024-09-05 10:15:00,25208.775,25212.8,25175.45,25192.75
2024-09-05 10:30:00,25191.375,25191.375,25151.55,25170.4625
2024-09-05 10:45:00,25172.9,25182.2,25166.7,25173.875
2024-09-05 11:00:00,25173.3,25194.4,25168.25,25182.975
2024-09-05 11:15:00,25184.625,25198.6,25171.25,25184.2125
2024-09-05 11:30:00,25183.5,25185.25,25171.65,25176.6375
2024-09-05 11:45:00,25174.825,25180.35,25168.8,25175.35
2024-09-05 12:00:00,25176.125,25194.75,25175.05,25183.65
2024-09-05 12:15:00,25182.4,25193.55,25180.65,25186.25
2024-09-05 12:30:00,25185.4,25190.7,25170.6,25182.275
2024-09-05 12:45:00,25183.9,25195.75,25177.85,25186.5125
2024-09-05 13:00:00,25186.225,25188.3,25169.9,25179.3125
2024-09-05 13:15:00,25179.525,25179.525,25161.1,25170.6875
2024-09-05 13:30:00,25171.55,25180.7,25167.8,25172.8375
2024-09-05 13:45:00,25171.425,25177.0,25166.65,25172.7875
2024-09-05 14:00:00,25173.75,25180.9,25167.0,25174.175
2024-09-05 14:15:00,25174.4,25177.9,25144.75,25160.725
2024-09-05 14:30:00,25160.125,25174.0,25136.95,25149.6
2024-09-05 14:45:00,25143.725,25156.25,25135.7,25144.95
2024-09-05 15:00:00,25143.925,25161.7,25127.75,25147.325
2024-09-05 15:15:00,25149.925,25163.55,25141.25,25150.1125
2024-09-06 09:15:00,25147.825,25157.85,25085.1,25118.6625
2024-09-06 09:30:00,25115.85,25168.75,25043.5,25103.4625
2024-09-06 09:45:00,25100.8,25100.8,24968.95,25022.9125
2024-09-06 10:00:00,25029.4,25029.4,24879.45,24948.5
2024-09-06 10:15:00,24957.375,24957.375,24882.25,24925.55
2024-09-06 10:30:00,24935.125,24950.4,24878.65,24924.1875
2024-09-06 10:45:00,24933.85,24936.7,24900.15,24919.675
2024-09-06 11:00:00,24920.925,24922.85,24859.6,24892.6875
2024-09-06 11:15:00,24894.15,24905.05,24864.15,24884.925
2024-09-06 11:30:00,24885.25,24922.5,24885.25,24908.45
2024-09-06 11:45:00,24911.325,24933.4,24911.325,24922.7875
2024-09-06 12:00:00,24921.075,24942.4,24913.25,24928.1875
2024-09-06 12:15:00,24928.55,24960.55,24928.55,24943.525
2024-09-06 12:30:00,24942.225,24952.05,24915.7,24934.0125
2024-09-06 12:45:00,24934.15,24934.15,24867.7,24895.55
2024-09-06 13:00:00,24895.55,24895.55,24841.85,24863.0875
2024-09-06 13:15:00,24866.2,24878.0,24839.4,24863.0125
2024-09-06 13:30:00,24867.325,24893.85,24860.65,24877.3375
2024-09-06 13:45:00,24877.425,24886.95,24864.6,24875.375
2024-09-06 14:00:00,24874.975,24884.55,24856.3,24868.5375
2024-09-06 14:15:00,24866.65,24871.9,24824.5,24848.875
2024-09-06 14:30:00,24849.55,24849.55,24821.1,24834.6375
2024-09-06 14:45:00,24835.475,24846.95,24801.3,24825.6125
2024-09-06 15:00:00,24827.1,24857.8,24816.25,24835.8375
2024-09-06 15:15:00,24834.65,24878.2,24834.65,24861.35
2024-09-09 09:15:00,24860.3,24860.3,24754.3,24790.2875
2024-09-09 09:30:00,24789.525,24847.2,24753.15,24796.15
2024-09-09 09:45:00,24792.125,24868.45,24792.125,24842.2125
2024-09-09 10:00:00,24835.6,24850.5,24809.25,24832.525
2024-09-09 10:15:00,24835.175,24841.85,24818.3,24829.7
2024-09-09 10:30:00,24829.325,24889.5,24822.05,24858.2375
2024-09-09 10:45:00,24860.7,24916.75,24860.7,24892.825
2024-09-09 11:00:00,24886.25,24899.7,24875.65,24888.275
2024-09-09 11:15:00,24888.875,24896.55,24870.2,24883.8
2024-09-09 11:30:00,24884.225,24884.7,24856.25,24873.0625
2024-09-09 11:45:00,24875.65,24898.4,24875.65,24882.7375
2024-09-09 12:00:00,24878.4,24880.65,24846.0,24864.475
2024-09-09 12:15:00,24865.625,24865.625,24834.4,24847.45
2024-09-09 12:30:00,24846.125,24867.3,24836.9,24850.1
2024-09-09 12:45:00,24848.1,24874.05,24848.1,24861.9625
2024-09-09 13:00:00,24859.95,24884.15,24859.95,24873.6
2024-09-09 13:15:00,24873.1,24925.35,24873.1,24900.6875
2024-09-09 13:30:00,24902.025,24938.6,24898.65,24915.55
2024-09-09 13:45:00,24912.475,24912.475,24880.7,24895.6
2024-09-09 14:00:00,24895.9,24900.6,24882.35,24891.525
2024-09-09 14:15:00,24891.575,24906.5,24868.25,24884.475
2024-09-09 14:30:00,24881.575,24910.8,24867.7,24887.2875
2024-09-09 14:45:00,24885.325,24935.55,24885.325,24915.8625
2024-09-09 15:00:00,24913.4,24947.45,24912.8,24931.4125
2024-09-09 15:15:00,24932.7,24957.5,24930.75,24942.5625
2024-09-10 09:15:00,24941.0,25014.8,24941.0,24993.925
2024-09-10 09:30:00,24997.375,25000.65,24957.6,24979.9125
2024-09-10 09:45:00,24980.7,24980.7,24908.5,24941.4875
2024-09-10 10:00:00,24944.05,24944.05,24896.8,24916.6375
2024-09-10 10:15:00,24918.1,24944.45,24908.0,24925.7375
2024-09-10 10:30:00,24925.25,24960.9,24925.25,24945.8625
2024-09-10 10:45:00,24945.35,24972.25,24932.35,24957.1875
2024-09-10 11:00:00,24962.075,24981.55,24952.7,24971.375
2024-09-10 11:15:00,24975.625,24997.75,24974.4,24986.125
2024-09-10 11:30:00,24986.175,25012.05,24983.1,24997.625
2024-09-10 11:45:00,24997.675,25028.6,24997.3,25014.125
2024-09-10 12:00:00,25015.3,25042.25,25015.3,25026.4125
2024-09-10 12:15:00,25023.95,25039.8,25016.05,25029.725
2024-09-10 12:30:00,25031.525,25074.55,25031.525,25055.9625
2024-09-10 12:45:00,25056.2,25084.55,25056.2,25070.7375
2024-09-10 13:00:00,25069.825,25106.95,25066.95,25085.0375
2024-09-10 13:15:00,25083.125,25124.65,25083.125,25107.825
2024-09-10 13:30:00,25108.825,25128.0,25108.825,25120.375
2024-09-10 13:45:00,25121.85,25130.5,25113.55,25121.3
2024-09-10 14:00:00,25120.575,25122.65,25094.35,25111.9875
2024-09-10 14:15:00,25115.475,25122.0,25103.3,25113.125
2024-09-10 14:30:00,25113.6,25114.75,25063.8,25090.4375
2024-09-10 14:45:00,25091.6,25091.6,25040.35,25059.5
2024-09-10 15:00:00,25063.55,25063.55,25014.8,25042.4375
2024-09-10 15:15:00,25049.475,25061.75,25037.9,25048.5
2024-09-11 09:15:00,25047.175,25047.175,24981.3,25014.7625
2024-09-11 09:30:00,25019.575,25064.9,25003.45,25033.875
2024-09-11 09:45:00,25033.575,25073.5,25028.2,25050.35
2024-09-11 10:00:00,25049.85,25056.4,25011.65,25040.3125
2024-09-11 10:15:00,25046.6,25078.2,25031.6,25054.25
2024-09-11 10:30:00,25053.6,25091.25,25049.85,25069.9625
2024-09-11 10:45:00,25069.375,25085.95,25037.05,25066.1375
2024-09-11 11:00:00,25070.775,25089.75,25056.45,25072.175
2024-09-11 11:15:00,25071.25,25088.2,25057.0,25077.075
2024-09-11 11:30:00,25081.55,25085.3,25035.4,25066.4625
2024-09-11 11:45:00,25072.575,25089.6,25054.95,25073.875
2024-09-11 12:00:00,25075.475,25109.15,25075.475,25090.0875
2024-09-11 12:15:00,25087.55,25103.65,25081.45,25092.025
2024-09-11 12:30:00,25091.5,25113.7,25084.6,25093.6
2024-09-11 12:45:00,25088.05,25088.05,25053.8,25070.95
2024-09-11 13:00:00,25071.275,25071.275,25045.35,25057.65
2024-09-11 13:15:00,25057.625,25068.1,25051.35,25060.4875
2024-09-11 13:30:00,25061.25,25064.65,25013.65,25040.5625
2024-09-11 13:45:00,25041.975,25041.975,25003.0,25015.1375
2024-09-11 14:00:00,25012.65,25012.65,24935.05,24969.65
2024-09-11 14:15:00,24970.2,24970.2,24923.6,24943.3125
2024-09-11 14:30:00,24944.2,24967.2,24931.1,24946.2125
2024-09-11 14:45:00,24943.275,24943.275,24894.45,24919.75
2024-09-11 15:00:00,24922.875,24927.8,24885.15,24905.7
2024-09-11 15:15:00,24904.925,24951.8,24900.8,24926.4375
2024-09-12 09:15:00,24926.575,25072.55,24926.575,25049.8375
2024-09-12 09:30:00,25058.35,25070.7,25008.45,25045.4875
2024-09-12 09:45:00,25051.4,25056.25,24981.9,25018.9875
2024-09-12 10:00:00,25018.9,25041.85,24984.1,25009.75
2024-09-12 10:15:00,25006.525,25029.35,24999.6,25015.8875
2024-09-12 10:30:00,25017.3,25031.15,24982.85,25006.6
2024-09-12 10:45:00,25006.2,25018.85,24979.6,25001.7125
2024-09-12 11:00:00,25004.2,25025.95,24993.0,25009.2125
2024-09-12 11:15:00,25008.95,25036.8,24941.45,24986.9375
2024-09-12 11:30:00,24984.75,25021.1,24955.15,24988.275
2024-09-12 11:45:00,24988.425,25019.15,24981.05,25003.2375
2024-09-12 12:00:00,25006.375,25014.65,24982.75,25002.2875
2024-09-12 12:15:00,25005.875,25014.95,24963.75,24994.325
2024-09-12 12:30:00,24999.3,25009.8,24967.3,24992.425
2024-09-12 12:45:00,24996.3,25003.55,24969.95,24994.125
2024-09-12 13:00:00,25001.5,25019.7,24981.3,24999.4
2024-09-12 13:15:00,24998.3,25016.0,24981.45,24996.9375
2024-09-12 13:30:00,24995.15,25004.0,24977.1,24993.075
2024-09-12 13:45:00,24995.6,25023.8,24990.9,25005.375
2024-09-12 14:00:00,25003.4,25230.2,25003.4,25113.575
2024-09-12 14:15:00,25107.75,25263.65,25107.75,25230.95
2024-09-12 14:30:00,25228.175,25269.45,25228.175,25256.225
2024-09-12 14:45:00,25255.45,25350.45,25255.45,25303.625
2024-09-12 15:00:00,25303.625,25433.35,25303.625,25386.0
2024-09-12 15:15:00,25381.4,25417.25,25310.25,25364.7875
2024-09-13 09:15:00,25365.825,25430.5,25312.3,25372.2875
2024-09-13 09:30:00,25373.175,25373.175,25292.45,25329.725
2024-09-13 09:45:00,25327.35,25354.5,25321.75,25336.0625
2024-09-13 10:00:00,25334.0,25352.1,25325.0,25332.575
2024-09-13 10:15:00,25326.6,25352.65,25325.3,25339.375
2024-09-13 10:30:00,25339.775,25377.85,25339.775,25360.1
2024-09-13 10:45:00,25356.525,25370.55,25353.45,25362.8125
2024-09-13 11:00:00,25363.625,25393.8,25360.45,25376.4
2024-09-13 11:15:00,25375.675,25384.6,25359.15,25372.3625
2024-09-13 11:30:00,25372.85,25377.45,25355.25,25365.075
2024-09-13 11:45:00,25363.8,25371.0,25360.25,25366.0125
2024-09-13 12:00:00,25366.4,25379.0,25359.15,25370.8
2024-09-13 12:15:00,25372.525,25387.5,25368.45,25379.2875
2024-09-13 12:30:00,25380.6,25389.3,25377.1,25382.8375
2024-09-13 12:45:00,25382.475,25390.65,25370.6,25380.95
2024-09-13 13:00:00,25381.275,25387.4,25375.85,25383.125
2024-09-13 13:15:00,25384.625,25386.2,25350.75,25368.7375
2024-09-13 13:30:00,25369.0,25369.0,25346.6,25358.2875
2024-09-13 13:45:00,25359.4,25376.75,25357.0,25368.4125
2024-09-13 14:00:00,25369.95,25392.05,25362.0,25378.875
2024-09-13 14:15:00,25380.725,25388.8,25368.8,25378.2125
2024-09-13 14:30:00,25377.625,25386.25,25355.55,25369.375
2024-09-13 14:45:00,25367.85,25383.1,25350.8,25366.6125
2024-09-13 15:00:00,25366.275,25368.25,25331.8,25354.9625
2024-09-13 15:15:00,25359.9,25366.8,25340.9,25351.425
2024-09-16 09:15:00,25349.0,25411.6,25349.0,25395.4
2024-09-16 09:30:00,25402.0,25435.75,25396.75,25416.025
2024-09-16 09:45:00,25415.8,25445.7,25410.95,25427.1875
2024-09-16 10:00:00,25426.05,25429.85,25409.2,25416.55
2024-09-16 10:15:00,25413.575,25420.05,25399.85,25409.525
2024-09-16 10:30:00,25409.1,25415.8,25389.75,25403.725
2024-09-16 10:45:00,25404.675,25411.95,25388.65,25398.3125
2024-09-16 11:00:00,25396.325,25396.325,25365.8,25384.2125
2024-09-16 11:15:00,25387.775,25396.6,25376.5,25384.7625
2024-09-16 11:30:00,25382.975,25382.975,25358.15,25372.2
2024-09-16 11:45:00,25374.175,25378.8,25351.95,25363.475
2024-09-16 12:00:00,25361.575,25366.6,25345.6,25355.5875
2024-09-16 12:15:00,25355.075,25366.1,25336.2,25354.8
2024-09-16 12:30:00,25358.45,25376.65,25353.9,25367.0375
2024-09-16 12:45:00,25368.8,25381.6,25365.75,25372.6875
2024-09-16 13:00:00,25371.7,25379.9,25365.65,25372.375
2024-09-16 13:15:00,25371.975,25400.5,25371.975,25386.35
2024-09-16 13:30:00,25386.275,25413.0,25386.275,25404.225
2024-09-16 13:45:00,25405.525,25422.4,25403.05,25410.825
2024-09-16 14:00:00,25408.925,25410.7,25392.85,25403.325
2024-09-16 14:15:00,25404.875,25406.85,25379.3,25396.65
2024-09-16 14:30:00,25400.225,25405.1,25387.95,25394.3875
2024-09-16 14:45:00,25392.25,25397.9,25386.85,25391.25
2024-09-16 15:00:00,25390.125,25397.7,25384.95,25389.7
2024-09-16 15:15:00,25388.075,25390.3,25375.5,25382.3625
2024-09-17 09:15:00,25381.825,25416.9,25356.85,25392.3875
2024-09-17 09:30:00,25397.9,25401.6,25372.85,25385.7
2024-09-17 09:45:00,25384.175,25397.25,25352.25,25375.9125
2024-09-17 10:00:00,25377.075,25384.35,25355.5,25369.475
2024-09-17 10:15:00,25369.025,25383.9,25368.1,25377.0
2024-09-17 10:30:00,25378.0,25409.5,25376.5,25392.475
2024-09-17 10:45:00,25391.95,25414.7,25390.6,25404.15
2024-09-17 11:00:00,25405.65,25415.85,25392.35,25404.6125
2024-09-17 11:15:00,25405.125,25432.7,25399.2,25413.9125
2024-09-17 11:30:00,25411.875,25420.35,25404.85,25412.575
2024-09-17 11:45:00,25412.55,25422.1,25405.6,25414.15
2024-09-17 12:00:00,25414.45,25423.6,25409.95,25416.9625
2024-09-17 12:15:00,25417.15,25419.45,25404.05,25413.175
2024-09-17 12:30:00,25414.6,25428.9,25414.6,25422.1125
2024-09-17 12:45:00,25421.75,25436.85,25421.75,25428.1125
2024-09-17 13:00:00,25426.6,25431.35,25421.1,25426.125
2024-09-17 13:15:00,25426.025,25429.3,25412.6,25422.4
2024-09-17 13:30:00,25423.85,25437.95,25420.1,25429.625
2024-09-17 13:45:00,25430.225,25441.65,25424.35,25432.0
2024-09-17 14:00:00,25431.0,25434.15,25422.0,25427.0125
2024-09-17 14:15:00,25425.95,25438.35,25423.6,25428.9875
2024-09-17 14:30:00,25427.0,25433.85,25410.9,25423.925
2024-09-17 14:45:00,25425.475,25429.7,25408.45,25419.4875
2024-09-17 15:00:00,25419.9,25429.2,25410.8,25418.925
2024-09-17 15:15:00,25417.85,25421.55,25404.8,25413.075
2024-09-18 09:15:00,25412.975,25418.15,25380.8,25401.3375
2024-09-18 09:30:00,25403.2,25434.05,25394.0,25416.6125
2024-09-18 09:45:00,25419.2,25443.1,25419.2,25432.2875
2024-09-18 10:00:00,25433.075,25436.45,25408.7,25422.475
2024-09-18 10:15:00,25422.375,25426.65,25408.1,25418.1875
2024-09-18 10:30:00,25419.0,25469.65,25417.15,25444.325
2024-09-18 10:45:00,25445.25,25478.6,25445.25,25464.675
2024-09-18 11:00:00,25465.5,25465.5,25447.95,25459.625
2024-09-18 11:15:00,25462.725,25468.45,25447.35,25458.3125
2024-09-18 11:30:00,25458.725,25470.95,25457.4,25462.0375
2024-09-18 11:45:00,25459.9,25472.5,25454.8,25462.5875
2024-09-18 12:00:00,25461.525,25469.85,25452.7,25462.1875
2024-09-18 12:15:00,25463.1,25481.6,25459.45,25469.2375
2024-09-18 12:30:00,25467.95,25481.8,25467.95,25475.45
2024-09-18 12:45:00,25475.65,25482.2,25427.05,25452.975
2024-09-18 13:00:00,25451.325,25451.325,25372.5,25403.3125
2024-09-18 13:15:00,25401.375,25401.375,25360.25,25370.3
2024-09-18 13:30:00,25368.075,25368.075,25285.55,25336.075
2024-09-18 13:45:00,25346.875,25385.25,25321.9,25350.125
2024-09-18 14:00:00,25346.675,25362.95,25327.7,25348.9375
2024-09-18 14:15:00,25352.55,25372.2,25329.0,25346.9125
2024-09-18 14:30:00,25343.225,25361.25,25330.75,25342.8375
2024-09-18 14:45:00,25339.675,25370.55,25335.25,25351.825
2024-09-18 15:00:00,25350.75,25409.1,25350.75,25380.05
2024-09-18 15:15:00,25373.525,25392.7,25342.35,25365.0625
2024-09-19 09:15:00,25362.6,25587.1,25362.6,25530.4
2024-09-19 09:30:00,25526.4,25605.8,25526.4,25582.3125
2024-09-19 09:45:00,25584.75,25611.95,25524.5,25566.6375
2024-09-19 10:00:00,25565.05,25565.05,25499.6,25522.7875
2024-09-19 10:15:00,25519.65,25530.05,25503.8,25514.85
2024-09-19 10:30:00,25512.775,25529.7,25487.65,25506.9
2024-09-19 10:45:00,25505.125,25530.2,25477.55,25504.425
2024-09-19 11:00:00,25504.975,25520.4,25498.9,25509.3
2024-09-19 11:15:00,25508.95,25509.95,25435.05,25472.7625
2024-09-19 11:30:00,25473.025,25473.025,25402.1,25430.925
2024-09-19 11:45:00,25431.575,25445.65,25390.55,25413.175
2024-09-19 12:00:00,25408.25,25464.95,25390.2,25422.5125
2024-09-19 12:15:00,25417.45,25460.55,25417.45,25441.1375
2024-09-19 12:30:00,25437.2,25467.5,25431.8,25447.3375
2024-09-19 12:45:00,25445.025,25467.65,25419.0,25442.025
2024-09-19 13:00:00,25440.725,25440.725,25395.85,25411.9875
2024-09-19 13:15:00,25409.125,25426.55,25386.15,25405.1125
2024-09-19 13:30:00,25403.875,25419.7,25384.5,25405.1375
2024-09-19 13:45:00,25408.175,25411.7,25376.05,25398.775
2024-09-19 14:00:00,25403.675,25416.35,25392.35,25404.4375
2024-09-19 14:15:00,25404.525,25417.15,25394.05,25406.4125
2024-09-19 14:30:00,25407.225,25424.25,25394.75,25409.4125
2024-09-19 14:45:00,25409.325,25421.5,25388.6,25407.8625
2024-09-19 15:00:00,25410.675,25427.55,25392.6,25416.2125
2024-09-19 15:15:00,25422.35,25453.7,25406.85,25432.525
2024-09-20 09:15:00,25434.775,25547.85,25434.775,25503.85
2024-09-20 09:30:00,25507.125,25507.125,25426.6,25469.15
2024-09-20 09:45:00,25474.35,25599.25,25452.8,25524.275
2024-09-20 10:00:00,25522.525,25610.1,25522.525,25575.3375
2024-09-20 10:15:00,25570.125,25596.95,25541.65,25568.7625
2024-09-20 10:30:00,25568.225,25686.9,25568.225,25631.675
2024-09-20 10:45:00,25630.35,25692.7,25630.35,25672.9
2024-09-20 11:00:00,25673.325,25716.65,25629.95,25679.1625
2024-09-20 11:15:00,25685.025,25725.6,25685.025,25702.0625
2024-09-20 11:30:00,25698.45,25714.0,25666.2,25691.025
2024-09-20 11:45:00,25691.95,25724.85,25682.2,25699.2
2024-09-20 12:00:00,25694.875,25726.65,25694.875,25708.625
2024-09-20 12:15:00,25705.325,25714.25,25693.45,25706.2
2024-09-20 12:30:00,25708.55,25728.35,25687.8,25711.575
2024-09-20 12:45:00,25715.075,25804.85,25715.075,25753.375
2024-09-20 13:00:00,25745.75,25794.0,25745.75,25777.1125
2024-09-20 13:15:00,25777.475,25806.95,25775.65,25787.3875
2024-09-20 13:30:00,25783.475,25786.3,25487.35,25652.2125
2024-09-20 13:45:00,25667.6,25732.45,25545.0,25622.925
2024-09-20 14:00:00,25607.125,25703.1,25607.125,25665.175
2024-09-20 14:15:00,25668.625,25724.9,25593.75,25660.725
2024-09-20 14:30:00,25662.125,25702.35,25640.5,25659.5125
2024-09-20 14:45:00,25647.6,25801.0,25646.2,25699.0
2024-09-20 15:00:00,25674.4,25803.5,25674.4,25751.0125
2024-09-20 15:15:00,25748.4,25849.25,25748.4,25811.5625
2024-09-23 09:15:00,25807.0,25910.35,25807.0,25881.1
2024-09-23 09:30:00,25882.275,25911.7,25879.9,25894.0375
2024-09-23 09:45:00,25892.275,25925.8,25891.05,25903.0125
2024-09-23 10:00:00,25897.6,25916.7,25895.5,25903.4125
2024-09-23 10:15:00,25900.725,25901.65,25881.15,25893.0125
2024-09-23 10:30:00,25894.625,25894.625,25859.65,25880.0
2024-09-23 10:45:00,25883.475,25891.55,25868.05,25879.6625
2024-09-23 11:00:00,25879.525,25892.65,25879.25,25884.675
2024-09-23 11:15:00,25883.4,25886.15,25866.25,25875.7375
2024-09-23 11:30:00,25875.275,25875.275,25854.2,25864.325
2024-09-23 11:45:00,25866.275,25879.95,25847.35,25867.7375
2024-09-23 12:00:00,25871.825,25880.25,25866.65,25873.1625
2024-09-23 12:15:00,25872.875,25875.15,25862.8,25867.8875
2024-09-23 12:30:00,25866.8,25875.1,25857.1,25867.3875
2024-09-23 12:45:00,25868.675,25874.45,25861.6,25869.825
2024-09-23 13:00:00,25871.625,25895.7,25871.15,25880.8875
2024-09-23 13:15:00,25878.35,25898.85,25878.35,25889.25
2024-09-23 13:30:00,25889.025,25907.45,25889.025,25899.675
2024-09-23 13:45:00,25899.1,25913.6,25899.1,25906.725
2024-09-23 14:00:00,25905.55,25911.6,25897.35,25905.725
2024-09-23 14:15:00,25906.975,25934.85,25906.1,25919.3625
2024-09-23 14:30:00,25918.25,25936.8,25914.9,25926.9625
2024-09-23 14:45:00,25928.075,25945.9,25920.9,25930.175
2024-09-23 15:00:00,25926.95,25956.0,25919.9,25934.9375
2024-09-23 15:15:00,25931.925,25947.1,25923.35,25935.3625
2024-09-24 09:15:00,25935.5,25938.05,25886.85,25919.6875
2024-09-24 09:30:00,25926.925,25959.05,25918.8,25941.5875
2024-09-24 09:45:00,25944.25,25975.55,25944.25,25961.15
2024-09-24 10:00:00,25959.3,25978.9,25947.95,25961.55
2024-09-24 10:15:00,25959.675,25981.5,25955.5,25965.6375
2024-09-24 10:30:00,25962.775,25977.95,25947.0,25961.325
2024-09-24 10:45:00,25960.175,25961.5,25937.55,25952.7625
2024-09-24 11:00:00,25956.0,25961.85,25945.45,25954.25
2024-09-24 11:15:00,25954.85,25954.85,25920.35,25937.0125
2024-09-24 11:30:00,25939.425,25939.425,25918.5,25926.7
2024-09-24 11:45:00,25926.975,25931.75,25905.75,25918.0
2024-09-24 12:00:00,25917.25,25927.7,25911.0,25917.9125
2024-09-24 12:15:00,25916.475,25946.0,25916.475,25931.6625
2024-09-24 12:30:00,25930.275,25951.95,25930.275,25943.4125
2024-09-24 12:45:00,25943.15,25963.75,25943.15,25953.7875
2024-09-24 13:00:00,25952.55,25966.75,25952.55,25960.425
2024-09-24 13:15:00,25961.075,25968.95,25957.55,25962.6875
2024-09-24 13:30:00,25962.125,25972.0,25951.1,25962.575
2024-09-24 13:45:00,25963.6,25984.25,25960.6,25969.3
2024-09-24 14:00:00,25966.175,25982.9,25962.05,25970.6375
2024-09-24 14:15:00,25968.8,25993.4,25960.5,25975.1375
2024-09-24 14:30:00,25973.325,25987.8,25969.9,25977.725
2024-09-24 14:45:00,25976.6,26011.55,25948.3,25972.5125
2024-09-24 15:00:00,25965.1,25965.1,25918.65,25942.7625
2024-09-24 15:15:00,25947.2,25959.15,25939.8,25948.6625
2024-09-25 09:15:00,25947.85,25951.75,25891.7,25920.5125
2024-09-25 09:30:00,25919.3,25945.95,25919.3,25936.675
2024-09-25 09:45:00,25939.35,25954.15,25929.6,25941.675
2024-09-25 10:00:00,25941.475,25950.65,25904.15,25927.45
2024-09-25 10:15:00,25927.5,25927.5,25900.9,25911.95
2024-09-25 10:30:00,25910.15,25927.05,25907.25,25915.4625
2024-09-25 10:45:00,25913.775,25924.05,25910.6,25916.9875
2024-09-25 11:00:00,25916.65,25928.05,25910.6,25917.175
2024-09-25 11:15:00,25915.025,25930.9,25912.25,25920.8375
2024-09-25 11:30:00,25920.1,25930.55,25901.75,25915.15
2024-09-25 11:45:00,25914.15,25914.15,25871.35,25889.7
2024-09-25 12:00:00,25891.925,25898.8,25875.8,25883.875
2024-09-25 12:15:00,25880.45,25890.95,25875.35,25883.4
2024-09-25 12:30:00,25883.65,25896.2,25882.75,25887.875
2024-09-25 12:45:00,25886.275,25899.45,25881.95,25889.75
2024-09-25 13:00:00,25888.8,25899.95,25882.95,25890.2125
2024-09-25 13:15:00,25888.975,25919.95,25884.4,25901.0375
2024-09-25 13:30:00,25899.9,25916.5,25898.65,25909.675
2024-09-25 13:45:00,25911.775,25929.3,25906.25,25915.95
2024-09-25 14:00:00,25914.125,25950.45,25914.125,25934.5125
2024-09-25 14:15:00,25933.375,25949.0,25926.15,25939.15
2024-09-25 14:30:00,25940.725,25949.65,25927.95,25937.65
2024-09-25 14:45:00,25936.5,25945.05,25923.0,25933.5875
2024-09-25 15:00:00,25933.15,26028.95,25929.1,25976.3875
2024-09-25 15:15:00,25973.75,26032.8,25973.75,26017.9125
2024-09-26 09:15:00,26015.4,26056.0,25998.4,26027.2625
2024-09-26 09:30:00,26027.325,26052.05,26024.15,26039.4
2024-09-26 09:45:00,26040.7,26057.9,26027.1,26040.3
2024-09-26 10:00:00,26038.1,26075.2,26038.1,26055.9
2024-09-26 10:15:00,26054.525,26071.8,26048.75,26062.2625
2024-09-26 10:30:00,26064.25,26087.8,26053.55,26068.3
2024-09-26 10:45:00,26065.925,26072.2,26057.6,26064.7
2024-09-26 11:00:00,26064.5,26078.2,26056.35,26068.325
2024-09-26 11:15:00,26069.375,26078.15,26060.4,26068.9125
2024-09-26 11:30:00,26068.55,26075.4,26055.0,26066.2125
2024-09-26 11:45:00,26067.225,26088.4,26067.225,26077.475
2024-09-26 12:00:00,26076.05,26098.0,26076.05,26088.8375
2024-09-26 12:15:00,26088.65,26111.4,26088.65,26097.075
2024-09-26 12:30:00,26094.1,26103.8,26078.65,26092.55
2024-09-26 12:45:00,26093.875,26112.95,26091.9,26098.275
2024-09-26 13:00:00,26094.125,26101.55,26063.6,26087.425
2024-09-26 13:15:00,26092.275,26113.95,26087.25,26099.475
2024-09-26 13:30:00,26098.35,26109.7,26087.15,26099.3625
2024-09-26 13:45:00,26100.3,26100.3,26063.65,26087.2625
2024-09-26 14:00:00,26094.0,26101.25,26034.65,26079.85
2024-09-26 14:15:00,26091.75,26128.6,26085.45,26102.825
2024-09-26 14:30:00,26098.625,26193.3,26098.625,26148.325
2024-09-26 14:45:00,26149.775,26219.55,26149.775,26198.275
2024-09-26 15:00:00,26201.075,26250.9,26201.075,26218.9125
2024-09-26 15:15:00,26210.85,26220.55,26174.1,26196.4375
2024-09-27 09:15:00,26195.55,26250.55,26195.55,26234.575
2024-09-27 09:30:00,26239.425,26245.05,26218.7,26233.8375
2024-09-27 09:45:00,26235.8,26271.85,26235.8,26252.9375
2024-09-27 10:00:00,26250.7,26267.3,26245.2,26258.925
2024-09-27 10:15:00,26261.6,26268.95,26255.85,26262.9875
2024-09-27 10:30:00,26263.575,26277.35,26260.3,26267.275
2024-09-27 10:45:00,26265.725,26272.95,26241.25,26259.6
2024-09-27 11:00:00,26262.1,26262.1,26214.0,26243.2875
2024-09-27 11:15:00,26249.5,26249.5,26207.9,26231.125
2024-09-27 11:30:00,26237.575,26237.575,26215.9,26226.7375
2024-09-27 11:45:00,26227.65,26230.6,26206.95,26218.3875
2024-09-27 12:00:00,26218.0,26243.6,26212.3,26226.7375
2024-09-27 12:15:00,26225.525,26249.4,26225.525,26239.925
2024-09-27 12:30:00,26237.925,26240.2,26213.75,26227.0375
2024-09-27 12:45:00,26227.1,26227.1,26182.1,26201.775
2024-09-27 13:00:00,26201.25,26208.1,26179.6,26191.5625
2024-09-27 13:15:00,26189.275,26193.45,26166.95,26182.475
2024-09-27 13:30:00,26184.75,26201.0,26173.35,26188.9625
2024-09-27 13:45:00,26190.75,26230.85,26190.75,26211.55
2024-09-27 14:00:00,26210.625,26225.4,26174.25,26201.5375
2024-09-27 14:15:00,26203.25,26204.75,26180.55,26190.55
2024-09-27 14:30:00,26188.45,26211.95,26185.9,26195.2
2024-09-27 14:45:00,26191.475,26202.15,26177.65,26189.75
2024-09-27 15:00:00,26189.6,26206.8,26151.4,26184.6625
2024-09-27 15:15:00,26190.225,26197.0,26157.7,26180.95
2024-09-30 09:15:00,26184.55,26184.55,26045.1,26076.575
2024-09-30 09:30:00,26063.25,26065.15,26012.1,26040.95
2024-09-30 09:45:00,26043.275,26043.275,25961.55,25996.85
2024-09-30 10:00:00,26001.625,26018.75,25964.75,25986.7625
2024-09-30 10:15:00,25981.775,25995.15,25972.95,25985.3375
2024-09-30 10:30:00,25986.625,25991.95,25943.15,25973.7875
2024-09-30 10:45:00,25980.025,25980.025,25937.85,25956.1375
2024-09-30 11:00:00,25954.975,25954.975,25921.0,25934.75
2024-09-30 11:15:00,25933.15,25939.3,25902.55,25919.5875
2024-09-30 11:30:00,25918.25,25918.35,25891.4,25902.1875
2024-09-30 11:45:00,25899.5,25901.95,25882.3,25894.6125
2024-09-30 12:00:00,25897.1,25915.0,25892.4,25901.2125
2024-09-30 12:15:00,25898.725,25909.1,25890.25,25898.7375
2024-09-30 12:30:00,25897.8,25903.55,25885.9,25896.4
2024-09-30 12:45:00,25898.075,25908.7,25886.4,25895.4125
2024-09-30 13:00:00,25893.275,25896.2,25863.05,25882.15
2024-09-30 13:15:00,25884.675,25884.675,25840.45,25859.375
2024-09-30 13:30:00,25859.6,25868.55,25824.4,25848.4375
2024-09-30 13:45:00,25850.4,25870.65,25850.4,25862.275
2024-09-30 14:00:00,25863.725,25872.9,25828.25,25849.6125
2024-09-30 14:15:00,25848.65,25848.65,25797.65,25817.5875
2024-09-30 14:30:00,25818.35,25821.15,25797.0,25807.7125
2024-09-30 14:45:00,25806.35,25854.9,25796.65,25824.425
2024-09-30 15:00:00,25823.075,25848.05,25802.0,25826.2875
2024-09-30 15:15:00,25827.55,25829.1,25794.1,25814.75
2024-10-01 09:15:00,25817.9,25907.6,25788.05,25833.525
2024-10-01 09:30:00,25819.225,25869.55,25819.225,25851.1125
2024-10-01 09:45:00,25856.5,25873.0,25825.4,25851.35
2024-10-01 10:00:00,25853.5,25853.5,25822.35,25836.3375
2024-10-01 10:15:00,25835.325,25835.325,25794.05,25812.1875
2024-10-01 10:30:00,25811.45,25811.45,25743.45,25774.7875
2024-10-01 10:45:00,25778.475,25792.45,25744.0,25770.625
2024-10-01 11:00:00,25773.025,25791.5,25739.2,25765.5625
2024-10-01 11:15:00,25765.775,25772.9,25742.9,25755.425
2024-10-01 11:30:00,25752.95,25791.5,25743.0,25770.4
2024-10-01 11:45:00,25773.55,25825.55,25773.55,25804.8
2024-10-01 12:00:00,25803.85,25837.85,25803.85,25823.225
2024-10-01 12:15:00,25822.0,25838.85,25797.7,25814.8125
2024-10-01 12:30:00,25811.35,25811.35,25762.75,25783.9375
2024-10-01 12:45:00,25785.5,25785.5,25755.1,25769.4375
2024-10-01 13:00:00,25772.15,25794.15,25761.0,25780.6625
2024-10-01 13:15:00,25783.75,25816.75,25781.15,25801.05
2024-10-01 13:30:00,25803.15,25822.6,25791.55,25806.4
2024-10-01 13:45:00,25805.725,25805.725,25781.7,25794.325
2024-10-01 14:00:00,25797.425,25809.45,25788.2,25797.375
2024-10-01 14:15:00,25795.925,25803.5,25766.25,25783.1125
2024-10-01 14:30:00,25781.35,25781.35,25754.6,25765.2125
2024-10-01 14:45:00,25762.45,25785.3,25757.55,25770.1375
2024-10-01 15:00:00,25768.85,25819.2,25768.85,25791.7125
2024-10-01 15:15:00,25783.925,25816.35,25783.925,25800.6625
2024-10-03 09:15:00,25800.475,25800.475,25451.6,25524.1125
2024-10-03 09:30:00,25520.5,25639.45,25520.5,25604.9125
2024-10-03 09:45:00,25601.925,25632.25,25574.05,25599.6
2024-10-03 10:00:00,25596.05,25596.05,25523.55,25552.25
2024-10-03 10:15:00,25552.45,25552.45,25500.6,25524.875
2024-10-03 10:30:00,25526.95,25537.6,25513.15,25522.7375
2024-10-03 10:45:00,25520.1,25520.1,25500.75,25510.075
2024-10-03 11:00:00,25510.35,25510.35,25487.3,25497.925
2024-10-03 11:15:00,25498.525,25498.525,25411.6,25454.375
2024-10-03 11:30:00,25456.875,25456.875,25397.4,25414.3625
2024-10-03 11:45:00,25411.475,25421.55,25389.05,25402.75
2024-10-03 12:00:00,25400.2,25413.5,25382.85,25396.425
2024-10-03 12:15:00,25394.675,25399.15,25373.0,25384.65
2024-10-03 12:30:00,25383.225,25414.3,25368.7,25388.7125
2024-10-03 12:45:00,25385.925,25396.65,25371.85,25384.975
2024-10-03 13:00:00,25385.7,25385.7,25344.75,25361.725
2024-10-03 13:15:00,25361.9,25361.9,25297.45,25328.3
2024-10-03 13:30:00,25331.9,25331.9,25280.35,25299.3875
2024-10-03 13:45:00,25298.95,25298.95,25231.9,25269.65
2024-10-03 14:00:00,25274.025,25286.5,25235.8,25265.85
2024-10-03 14:15:00,25270.55,25276.05,25238.15,25258.6625
2024-10-03 14:30:00,25260.225,25277.8,25230.3,25250.15
2024-10-03 14:45:00,25246.25,25273.85,25238.05,25251.7
2024-10-03 15:00:00,25247.45,25268.55,25246.4,25255.2375
2024-10-03 15:15:00,25253.0,25274.1,25245.85,25261.3125
2024-10-04 09:15:00,25262.65,25287.9,25118.15,25179.6125
2024-10-04 09:30:00,25156.2,25217.45,25094.55,25157.5875
2024-10-04 09:45:00,25159.175,25283.35,25158.0,25227.4875
2024-10-04 10:00:00,25234.3,25294.05,25200.8,25247.0875
2024-10-04 10:15:00,25246.75,25246.75,25175.45,25202.1375
2024-10-04 10:30:00,25205.55,25285.1,25198.65,25241.325
2024-10-04 10:45:00,25240.775,25360.3,25240.775,25315.475
2024-10-04 11:00:00,25311.9,25349.4,25275.1,25323.9875
2024-10-04 11:15:00,25335.725,25346.1,25292.85,25319.35
2024-10-04 11:30:00,25319.225,25331.8,25278.9,25310.7625
2024-10-04 11:45:00,25316.175,25423.65,25312.45,25371.7875
2024-10-04 12:00:00,25375.525,25471.25,25375.525,25439.775
2024-10-04 12:15:00,25444.85,25485.05,25418.85,25458.6375
2024-10-04 12:30:00,25465.325,25465.325,25195.5,25330.3125
2024-10-04 12:45:00,25331.25,25331.25,25116.7,25177.1
2024-10-04 13:00:00,25160.1,25160.1,25077.1,25116.2625
2024-10-04 13:15:00,25115.825,25122.45,25071.5,25100.85
2024-10-04 13:30:00,25104.725,25104.725,25022.6,25068.875
2024-10-04 13:45:00,25078.575,25096.2,25035.45,25059.3
2024-10-04 14:00:00,25052.775,25062.75,25031.95,25046.5625
2024-10-04 14:15:00,25045.775,25049.4,24998.8,25032.825
2024-10-04 14:30:00,25041.55,25064.35,24992.2,25022.025
2024-10-04 14:45:00,25015.775,25015.775,24984.85,24997.3125
2024-10-04 15:00:00,24994.475,25029.0,24966.8,25002.375
2024-10-04 15:15:00,25006.85,25049.65,25006.85,25034.2625
2024-10-07 09:15:00,25035.275,25143.0,25035.275,25093.9375
2024-10-07 09:30:00,25080.95,25097.35,25049.9,25074.3875
2024-10-07 09:45:00,25075.15,25083.75,25019.5,25063.475
2024-10-07 10:00:00,25075.325,25086.25,25018.55,25060.1625
2024-10-07 10:15:00,25067.925,25079.75,25019.5,25044.8375
2024-10-07 10:30:00,25040.05,25040.05,24964.7,24998.5
2024-10-07 10:45:00,24996.875,24996.875,24882.9,24932.025
2024-10-07 11:00:00,24934.15,24934.15,24798.65,24871.15
2024-10-07 11:15:00,24892.9,25005.9,24887.6,24939.3875
2024-10-07 11:30:00,24932.025,24990.0,24931.6,24962.4125
2024-10-07 11:45:00,24964.025,24976.85,24889.95,24929.6875
2024-10-07 12:00:00,24925.975,24929.2,24880.55,24909.825
2024-10-07 12:15:00,24914.775,24960.05,24899.75,24927.75
2024-10-07 12:30:00,24925.6,24927.4,24875.3,24901.825
2024-10-07 12:45:00,24902.3,24902.3,24806.75,24847.2125
2024-10-07 13:00:00,24851.0,24851.0,24770.0,24803.2875
2024-10-07 13:15:00,24807.925,24813.05,24759.95,24791.525
2024-10-07 13:30:00,24796.55,24803.6,24694.35,24755.8625
2024-10-07 13:45:00,24762.75,24802.65,24699.3,24753.7125
2024-10-07 14:00:00,24756.45,24835.6,24756.45,24785.85
2024-10-07 14:15:00,24772.35,24772.35,24718.85,24743.375
2024-10-07 14:30:00,24741.725,24816.65,24722.0,24769.4375
2024-10-07 14:45:00,24769.55,24923.2,24769.55,24833.4
2024-10-07 15:00:00,24808.35,24847.55,24767.45,24797.4375
2024-10-07 15:15:00,24787.375,24832.4,24775.2,24801.5125
2024-10-08 09:15:00,24799.225,24865.1,24765.8,24824.575
2024-10-08 09:30:00,24833.7,24845.9,24756.8,24810.1875
2024-10-08 09:45:00,24819.025,24901.15,24802.4,24840.5875
2024-10-08 10:00:00,24829.4,24873.45,24804.3,24840.45
2024-10-08 10:15:00,24842.025,24890.45,24805.65,24852.325
2024-10-08 10:30:00,24856.6,24942.8,24856.6,24908.35
2024-10-08 10:45:00,24903.6,24926.9,24880.9,24906.025
2024-10-08 11:00:00,24908.15,24959.7,24887.5,24919.9625
2024-10-08 11:15:00,24916.325,24976.1,24916.325,24953.025
2024-10-08 11:30:00,24956.375,24989.85,24955.5,24969.625
2024-10-08 11:45:00,24966.575,24972.0,24906.55,24943.9875
2024-10-08 12:00:00,24948.7,24948.7,24896.25,24924.9625
2024-10-08 12:15:00,24932.925,24946.9,24915.8,24930.9
2024-10-08 12:30:00,24930.45,24935.85,24901.4,24920.8875
2024-10-08 12:45:00,24923.15,24923.85,24885.95,24908.95
2024-10-08 13:00:00,24913.0,24985.15,24898.25,24942.275
2024-10-08 13:15:00,24942.85,24977.6,24939.95,24964.7125
2024-10-08 13:30:00,24970.65,25014.65,24965.15,24985.275
2024-10-08 13:45:00,24980.65,25024.45,24980.65,25005.1625
2024-10-08 14:00:00,25000.85,25042.7,25000.85,25023.4375
2024-10-08 14:15:00,25021.825,25044.0,25012.6,25031.7875
2024-10-08 14:30:00,25035.275,25035.275,24964.0,25000.1875
2024-10-08 14:45:00,25001.45,25001.45,24925.1,24959.7375
2024-10-08 15:00:00,24967.3,25024.65,24967.15,24992.475
2024-10-08 15:15:00,24989.05,25042.3,24989.05,25025.5125
2024-10-09 09:15:00,25025.1,25091.85,25025.1,25063.5625
2024-10-09 09:30:00,25060.625,25091.0,25042.5,25068.9125
2024-10-09 09:45:00,25071.075,25109.8,25068.45,25085.35
2024-10-09 10:00:00,25081.575,25190.35,25031.35,25117.6375
2024-10-09 10:15:00,25124.425,25171.85,25109.5,25142.3625
2024-10-09 10:30:00,25144.05,25193.0,25117.65,25152.0375
2024-10-09 10:45:00,25148.75,25221.45,25148.75,25195.125
2024-10-09 11:00:00,25190.65,25219.25,25190.65,25207.575
2024-10-09 11:15:00,25207.625,25234.05,25206.2,25216.9
2024-10-09 11:30:00,25213.675,25227.7,25162.5,25191.7375
2024-10-09 11:45:00,25188.375,25188.375,25115.0,25144.3625
2024-10-09 12:00:00,25142.175,25142.175,25096.45,25118.7
2024-10-09 12:15:00,25119.775,25144.05,25102.15,25125.4625
2024-10-09 12:30:00,25127.825,25155.65,25127.825,25139.3375
2024-10-09 12:45:00,25135.75,25159.75,25126.65,25140.2125
2024-10-09 13:00:00,25137.225,25141.4,25103.0,25122.2375
2024-10-09 13:15:00,25122.275,25122.275,25062.3,25090.2
2024-10-09 13:30:00,25088.925,25106.0,25073.35,25089.4125
2024-10-09 13:45:00,25089.15,25118.05,25089.15,25107.95
2024-10-09 14:00:00,25107.8,25141.15,25107.8,25117.9125
2024-10-09 14:15:00,25110.475,25110.475,25036.65,25073.975
2024-10-09 14:30:00,25074.675,25083.5,25033.9,25047.975
2024-10-09 14:45:00,25037.25,25066.6,25022.9,25037.1625
2024-10-09 15:00:00,25029.575,25029.575,24947.7,24993.975
2024-10-09 15:15:00,24999.45,25020.6,24971.0,24995.6875
2024-10-10 09:15:00,24995.575,25083.5,24995.575,25054.05
2024-10-10 09:30:00,25057.825,25066.35,25010.8,25035.0375
2024-10-10 09:45:00,25031.5,25083.55,24995.85,25042.8375
2024-10-10 10:00:00,25045.975,25130.35,25045.975,25096.375
2024-10-10 10:15:00,25098.875,25134.05,25084.9,25106.35
2024-10-10 10:30:00,25103.225,25115.0,25043.2,25076.8125
2024-10-10 10:45:00,25074.525,25079.1,25031.4,25060.125
2024-10-10 11:00:00,25065.0,25075.6,25022.4,25049.0375
2024-10-10 11:15:00,25049.075,25049.075,25009.55,25020.8375
2024-10-10 11:30:00,25019.375,25019.95,24990.5,25007.5125
2024-10-10 11:45:00,25009.8,25045.45,25004.0,25024.0
2024-10-10 12:00:00,25023.275,25050.6,25023.275,25038.6625
2024-10-10 12:15:00,25036.725,25051.1,25023.4,25037.275
2024-10-10 12:30:00,25037.3,25046.35,25021.65,25034.0375
2024-10-10 12:45:00,25034.075,25034.075,25005.75,25018.275
2024-10-10 13:00:00,25017.225,25037.7,25007.1,25021.9375
2024-10-10 13:15:00,25021.475,25053.8,25021.475,25034.7625
2024-10-10 13:30:00,25030.225,25031.65,25012.35,25022.9
2024-10-10 13:45:00,25023.8,25029.35,25006.55,25018.675
2024-10-10 14:00:00,25019.4,25026.75,25011.0,25019.5375
2024-10-10 14:15:00,25020.2,25037.55,25013.05,25023.525
2024-10-10 14:30:00,25021.75,25025.3,24999.7,25012.6375
2024-10-10 14:45:00,25012.775,25012.775,24987.1,24998.3375
2024-10-10 15:00:00,24997.7,25007.55,24982.15,24994.4125
2024-10-10 15:15:00,24993.975,25019.6,24979.4,25001.1875
2024-10-11 09:15:00,25002.875,25012.15,24934.35,24979.6375
2024-10-11 09:30:00,24986.025,24992.8,24948.2,24976.1375
2024-10-11 09:45:00,24981.775,25018.8,24971.9,24989.4125
2024-10-11 10:00:00,24983.475,25028.65,24983.475,25007.4875
2024-10-11 10:15:00,25007.275,25024.35,24987.5,25005.75
2024-10-11 10:30:00,25005.575,25005.575,24961.25,24979.6
2024-10-11 10:45:00,24981.025,24988.5,24951.45,24966.0625
2024-10-11 11:00:00,24962.15,24965.25,24931.4,24950.3125
2024-10-11 11:15:00,24952.3,24961.05,24920.05,24942.1375
2024-10-11 11:30:00,24943.725,24943.725,24923.75,24932.9
2024-10-11 11:45:00,24932.85,24954.8,24927.25,24939.275
2024-10-11 12:00:00,24937.525,24951.0,24934.65,24943.6625
2024-10-11 12:15:00,24944.5,24964.0,24936.9,24952.025
2024-10-11 12:30:00,24953.6,24969.1,24947.45,24956.6625
2024-10-11 12:45:00,24955.05,24960.7,24945.4,24952.8625
2024-10-11 13:00:00,24952.675,24968.7,24946.35,24958.1
2024-10-11 13:15:00,24958.675,24979.9,24958.675,24966.825
2024-10-11 13:30:00,24963.675,24976.1,24949.3,24960.6
2024-10-11 13:45:00,24958.5,24972.8,24949.7,24960.5875
2024-10-11 14:00:00,24959.925,24974.65,24950.0,24961.4
2024-10-11 14:15:00,24960.475,24960.475,24942.35,24951.1
2024-10-11 14:30:00,24951.625,24972.25,24950.1,24959.5
2024-10-11 14:45:00,24957.825,24975.45,24955.2,24963.4375
2024-10-11 15:00:00,24961.55,24972.55,24948.3,24960.125
2024-10-11 15:15:00,24959.825,24979.3,24958.25,24968.575
2024-10-14 09:15:00,24968.375,25066.85,24968.375,25037.1875
2024-10-14 09:30:00,25032.2,25093.25,25029.15,25063.8625
2024-10-14 09:45:00,25066.525,25120.65,25066.525,25101.0
2024-10-14 10:00:00,25095.95,25131.95,25086.25,25104.4625
2024-10-14 10:15:00,25099.825,25118.4,25084.2,25100.6125
2024-10-14 10:30:00,25099.925,25104.4,25078.35,25093.425
2024-10-14 10:45:00,25095.475,25105.55,25084.8,25093.0875
2024-10-14 11:00:00,25091.0,25103.5,25073.85,25092.225
2024-10-14 11:15:00,25095.775,25121.05,25095.775,25109.1875
2024-10-14 11:30:00,25107.675,25136.65,25107.675,25122.1375
2024-10-14 11:45:00,25121.6,25150.3,25121.6,25137.875
2024-10-14 12:00:00,25135.875,25159.75,25133.3,25147.2875
2024-10-14 12:15:00,25148.05,25157.6,25120.25,25138.3625
2024-10-14 12:30:00,25137.8,25140.65,25113.95,25128.3875
2024-10-14 12:45:00,25129.475,25141.35,25108.2,25124.1125
2024-10-14 13:00:00,25123.45,25123.45,25102.25,25108.575
2024-10-14 13:15:00,25107.475,25123.8,25097.4,25107.8125
2024-10-14 13:30:00,25105.025,25127.7,25104.7,25112.475
2024-10-14 13:45:00,25108.75,25137.45,25108.75,25122.225
2024-10-14 14:00:00,25121.325,25141.2,25121.325,25132.4375
2024-10-14 14:15:00,25131.675,25140.7,25118.7,25128.7875
2024-10-14 14:30:00,25127.875,25146.3,25122.5,25132.025
2024-10-14 14:45:00,25129.65,25139.55,25110.1,25126.6375
2024-10-14 15:00:00,25128.45,25131.0,25114.65,25122.225
2024-10-14 15:15:00,25121.625,25148.1,25120.55,25133.4
2024-10-15 09:15:00,25132.475,25212.05,25132.475,25185.2
2024-10-15 09:30:00,25181.25,25186.85,25155.95,25169.3
2024-10-15 09:45:00,25167.2,25167.2,25080.85,25121.725
2024-10-15 10:00:00,25123.0,25123.0,25041.6,25068.4
2024-10-15 10:15:00,25071.725,25077.8,25028.75,25048.85
2024-10-15 10:30:00,25044.425,25097.2,25014.1,25058.5875
2024-10-15 10:45:00,25061.525,25097.65,25061.525,25083.0625
2024-10-15 11:00:00,25083.45,25083.45,25063.35,25073.675
2024-10-15 11:15:00,25075.15,25075.15,25044.8,25060.3125
2024-10-15 11:30:00,25060.7,25060.95,25037.6,25050.675
2024-10-15 11:45:00,25052.075,25085.15,25044.65,25067.3125
2024-10-15 12:00:00,25069.725,25089.95,25063.6,25077.05
2024-10-15 12:15:00,25077.325,25077.325,25055.95,25064.7
2024-10-15 12:30:00,25065.15,25072.4,25053.55,25063.1875
2024-10-15 12:45:00,25063.4,25077.5,25056.2,25065.3125
2024-10-15 13:00:00,25063.775,25063.775,25008.15,25037.85
2024-10-15 13:15:00,25041.95,25047.65,25022.6,25033.675
2024-10-15 13:30:00,25032.225,25066.2,25032.225,25052.025
2024-10-15 13:45:00,25051.5,25072.2,25036.1,25052.4625
2024-10-15 14:00:00,25050.775,25050.775,25033.25,25042.0125
2024-10-15 14:15:00,25042.75,25065.8,25042.75,25054.775
2024-10-15 14:30:00,25054.45,25069.7,25024.45,25048.3875
2024-10-15 14:45:00,25049.7,25051.65,25026.85,25036.175
2024-10-15 15:00:00,25033.1,25068.0,25022.15,25042.9625
2024-10-15 15:15:00,25040.85,25079.1,25040.85,25061.9375
2024-10-16 09:15:00,25059.0,25059.0,24994.65,25014.325
2024-10-16 09:30:00,25012.65,25084.05,25012.65,25049.1
2024-10-16 09:45:00,25047.975,25093.4,25047.975,25076.9875
2024-10-16 10:00:00,25075.15,25075.15,25043.75,25061.875
2024-10-16 10:15:00,25065.75,25073.85,25036.55,25052.425
2024-10-16 10:30:00,25049.65,25054.85,25021.25,25035.0125
2024-10-16 10:45:00,25031.975,25034.55,25012.25,25025.65
2024-10-16 11:00:00,25027.9,25039.65,25009.15,25024.1875
2024-10-16 11:15:00,25023.975,25023.975,24957.3,24986.8
2024-10-16 11:30:00,24986.7,24986.7,24930.4,24948.4375
2024-10-16 11:45:00,24947.325,24958.6,24908.45,24940.2375
2024-10-16 12:00:00,24946.95,24962.5,24937.5,24951.2125
2024-10-16 12:15:00,24952.425,24969.2,24941.1,24951.675
2024-10-16 12:30:00,24948.2,24953.15,24933.55,24946.75
2024-10-16 12:45:00,24950.15,24958.3,24936.9,24950.575
2024-10-16 13:00:00,24953.55,24986.3,24951.2,24969.075
2024-10-16 13:15:00,24969.4,24989.15,24966.25,24978.1125
2024-10-16 13:30:00,24978.525,24981.4,24964.9,24972.8625
2024-10-16 13:45:00,24972.575,24983.85,24962.05,24971.6875
2024-10-16 14:00:00,24970.425,25024.05,24968.6,24994.025
2024-10-16 14:15:00,24991.725,25059.85,24991.725,25033.1375
2024-10-16 14:30:00,25031.75,25059.05,25021.2,25038.6875
2024-10-16 14:45:00,25037.25,25037.25,24976.8,25006.4375
2024-10-16 15:00:00,25012.175,25012.175,24964.85,24983.4
2024-10-16 15:15:00,24983.95,24983.95,24951.0,24961.825
2024-10-17 09:15:00,24963.8,25029.5,24923.1,24980.1625
2024-10-17 09:30:00,24984.025,24984.025,24839.1,24895.9125
2024-10-17 09:45:00,24895.2,24895.2,24805.8,24835.725
2024-10-17 10:00:00,24843.325,24845.6,24802.15,24829.0125
2024-10-17 10:15:00,24834.15,24843.35,24797.4,24827.725
2024-10-17 10:30:00,24835.075,24860.65,24828.25,24843.4375
2024-10-17 10:45:00,24842.425,24853.55,24816.95,24835.0375
2024-10-17 11:00:00,24834.825,24834.825,24790.1,24808.275
2024-10-17 11:15:00,24806.7,24813.9,24771.5,24789.4375
2024-10-17 11:30:00,24786.175,24799.9,24775.6,24783.9125
2024-10-17 11:45:00,24780.075,24796.7,24769.95,24781.825
2024-10-17 12:00:00,24780.325,24790.45,24772.15,24780.5
2024-10-17 12:15:00,24779.7,24794.65,24777.45,24785.5
2024-10-17 12:30:00,24784.95,24797.9,24773.3,24783.8625
2024-10-17 12:45:00,24782.125,24798.5,24755.85,24780.475
2024-10-17 13:00:00,24783.775,24798.2,24783.65,24790.6875
2024-10-17 13:15:00,24790.45,24790.95,24755.2,24773.6875
2024-10-17 13:30:00,24774.3,24779.15,24757.15,24767.95
2024-10-17 13:45:00,24767.75,24774.0,24742.95,24759.5375
2024-10-17 14:00:00,24760.6,24760.6,24736.65,24746.0625
2024-10-17 14:15:00,24744.625,24770.05,24738.1,24753.325
2024-10-17 14:30:00,24752.575,24764.85,24728.9,24748.0
2024-10-17 14:45:00,24749.125,24754.4,24730.0,24740.3375
2024-10-17 15:00:00,24738.475,24761.4,24738.4,24750.5625
2024-10-17 15:15:00,24751.225,24766.5,24737.35,24753.5375
2024-10-18 09:15:00,24755.15,24755.15,24567.65,24625.1375
2024-10-18 09:30:00,24618.975,24671.2,24570.35,24617.1875
2024-10-18 09:45:00,24613.6,24705.9,24611.85,24654.625
2024-10-18 10:00:00,24650.375,24677.0,24628.05,24655.425
2024-10-18 10:15:00,24658.325,24703.0,24658.325,24682.2625
2024-10-18 10:30:00,24682.9,24745.95,24682.9,24715.6625
2024-10-18 10:45:00,24711.55,24754.0,24704.3,24727.025
2024-10-18 11:00:00,24724.9,24727.95,24693.5,24715.375
2024-10-18 11:15:00,24720.025,24725.35,24689.7,24714.8
2024-10-18 11:30:00,24722.075,24794.5,24716.5,24754.4125
2024-10-18 11:45:00,24753.325,24792.6,24753.325,24781.65
2024-10-18 12:00:00,24785.375,24816.15,24775.9,24791.2125
2024-10-18 12:15:00,24786.4,24845.8,24784.25,24814.0125
2024-10-18 12:30:00,24813.0,24869.15,24813.0,24847.225
2024-10-18 12:45:00,24845.275,24857.7,24838.9,24847.5375
2024-10-18 13:00:00,24846.775,24846.775,24811.35,24829.775
2024-10-18 13:15:00,24832.025,24861.75,24818.55,24838.675
2024-10-18 13:30:00,24837.2,24870.05,24837.2,24858.825
2024-10-18 13:45:00,24861.125,24885.85,24851.05,24868.2
2024-10-18 14:00:00,24867.95,24875.25,24848.65,24865.8625
2024-10-18 14:15:00,24869.775,24883.65,24864.95,24874.7625
2024-10-18 14:30:00,24875.225,24885.5,24855.55,24870.7125
2024-10-18 14:45:00,24870.9,24884.35,24852.5,24869.025
2024-10-18 15:00:00,24869.625,24886.2,24833.55,24860.3375
2024-10-18 15:15:00,24860.8,24876.4,24837.95,24854.8375
2024-10-21 09:15:00,24852.5,24978.3,24852.5,24929.35
2024-10-21 09:30:00,24924.45,24924.45,24746.7,24827.1125
2024-10-21 09:45:00,24832.325,24832.325,24679.6,24742.7375
2024-10-21 10:00:00,24758.7,24866.05,24738.2,24787.975
2024-10-21 10:15:00,24773.825,24834.05,24773.825,24806.6625
2024-10-21 10:30:00,24804.775,24822.0,24779.9,24805.7
2024-10-21 10:45:00,24810.45,24831.8,24805.0,24819.5625
2024-10-21 11:00:00,24820.725,24843.35,24794.95,24817.45
2024-10-21 11:15:00,24815.75,24815.75,24783.55,24801.2125
2024-10-21 11:30:00,24803.35,24803.35,24747.9,24777.9
2024-10-21 11:45:00,24781.85,24781.85,24738.65,24754.0625
2024-10-21 12:00:00,24753.7,24753.7,24720.8,24734.3375
2024-10-21 12:15:00,24731.75,24757.25,24710.95,24735.3625
2024-10-21 12:30:00,24736.625,24761.45,24736.25,24752.6375
2024-10-21 12:45:00,24756.425,24762.25,24721.25,24743.775
2024-10-21 13:00:00,24745.8,24754.4,24720.4,24739.5375
2024-10-21 13:15:00,24741.675,24815.75,24741.675,24770.05
2024-10-21 13:30:00,24756.575,24780.1,24754.0,24768.5
2024-10-21 13:45:00,24769.95,24855.1,24765.7,24813.5125
2024-10-21 14:00:00,24816.625,24878.9,24810.85,24841.1
2024-10-21 14:15:00,24837.325,24853.45,24812.35,24830.6625
2024-10-21 14:30:00,24828.425,24870.0,24820.0,24839.5375
2024-10-21 14:45:00,24834.075,24834.075,24798.7,24816.7375
2024-10-21 15:00:00,24817.65,24817.65,24768.55,24794.8625
2024-10-21 15:15:00,24797.775,24797.775,24736.05,24764.55
2024-10-22 09:15:00,24765.175,24854.05,24755.35,24806.35
2024-10-22 09:30:00,24808.0,24852.55,24798.35,24830.125
2024-10-22 09:45:00,24834.8,24867.9,24831.7,24852.125
2024-10-22 10:00:00,24854.45,24882.0,24750.55,24812.2875
2024-10-22 10:15:00,24808.3,24808.3,24638.55,24700.9125
2024-10-22 10:30:00,24697.8,24704.6,24636.75,24662.4875
2024-10-22 10:45:00,24654.3,24734.35,24654.3,24695.1125
2024-10-22 11:00:00,24694.325,24741.45,24694.325,24723.2875
2024-10-22 11:15:00,24724.175,24734.35,24674.6,24708.6625
2024-10-22 11:30:00,24712.85,24726.85,24637.15,24676.075
2024-10-22 11:45:00,24670.15,24686.35,24626.9,24660.8625
2024-10-22 12:00:00,24665.1,24696.25,24652.7,24671.425
2024-10-22 12:15:00,24668.375,24702.0,24635.9,24658.1875
2024-10-22 12:30:00,24647.425,24653.8,24615.45,24635.625
2024-10-22 12:45:00,24636.625,24636.625,24598.0,24622.075
2024-10-22 13:00:00,24628.1,24628.1,24587.65,24614.1125
2024-10-22 13:15:00,24622.2,24622.2,24569.75,24599.9375
2024-10-22 13:30:00,24603.975,24609.8,24577.35,24591.4
2024-10-22 13:45:00,24589.225,24619.6,24580.25,24599.3625
2024-10-22 14:00:00,24598.8,24632.75,24581.25,24613.0625
2024-10-22 14:15:00,24619.125,24633.45,24560.9,24601.7
2024-10-22 14:30:00,24606.225,24606.225,24541.15,24564.425
2024-10-22 14:45:00,24567.325,24567.325,24508.45,24535.6875
2024-10-22 15:00:00,24535.725,24535.725,24445.8,24483.1875
2024-10-22 15:15:00,24483.375,24486.6,24447.85,24466.075
2024-10-23 09:15:00,24464.925,24521.4,24378.1,24442.0875
2024-10-23 09:30:00,24434.425,24495.4,24398.5,24448.0375
2024-10-23 09:45:00,24449.125,24529.55,24407.1,24461.4375
2024-10-23 10:00:00,24454.55,24540.0,24454.55,24508.3
2024-10-23 10:15:00,24508.675,24556.55,24455.0,24505.9875
2024-10-23 10:30:00,24506.2,24535.6,24492.55,24505.075
2024-10-23 10:45:00,24496.075,24544.6,24493.8,24517.1375
2024-10-23 11:00:00,24515.075,24597.1,24515.075,24554.5
2024-10-23 11:15:00,24545.15,24574.55,24545.15,24562.9875
2024-10-23 11:30:00,24564.125,24596.25,24560.6,24577.575
2024-10-23 11:45:00,24576.725,24604.25,24571.05,24584.75
2024-10-23 12:00:00,24581.85,24595.25,24529.2,24561.35
2024-10-23 12:15:00,24560.475,24560.475,24502.8,24529.6375
2024-10-23 12:30:00,24536.7,24569.5,24529.55,24547.2125
2024-10-23 12:45:00,24544.9,24584.1,24544.9,24563.1
2024-10-23 13:00:00,24557.6,24567.6,24540.05,24553.25
2024-10-23 13:15:00,24552.675,24552.675,24532.2,24543.575
2024-10-23 13:30:00,24545.825,24566.85,24521.9,24544.1625
2024-10-23 13:45:00,24543.95,24550.05,24526.55,24537.6375
2024-10-23 14:00:00,24536.975,24541.15,24481.75,24509.8125
2024-10-23 14:15:00,24508.175,24508.175,24434.9,24466.5625
2024-10-23 14:30:00,24471.35,24471.35,24423.75,24443.8875
2024-10-23 14:45:00,24442.6,24457.85,24422.4,24439.1875
2024-10-23 15:00:00,24438.25,24461.85,24425.15,24440.6375
2024-10-23 15:15:00,24437.775,24441.0,24417.1,24430.225
2024-10-24 09:15:00,24431.4,24480.65,24400.85,24425.8875
2024-10-24 09:30:00,24411.025,24425.55,24341.2,24384.8125
2024-10-24 09:45:00,24386.25,24413.2,24351.55,24384.125
2024-10-24 10:00:00,24385.875,24450.9,24385.875,24426.925
2024-10-24 10:15:00,24427.475,24451.65,24422.4,24439.0
2024-10-24 10:30:00,24440.975,24440.975,24412.75,24428.35
2024-10-24 10:45:00,24430.325,24431.1,24404.45,24416.375
2024-10-24 11:00:00,24414.975,24414.975,24394.8,24403.5875
2024-10-24 11:15:00,24402.7,24415.6,24392.45,24403.4125
2024-10-24 11:30:00,24402.8,24421.2,24402.8,24412.875
2024-10-24 11:45:00,24413.2,24418.5,24404.6,24413.425
2024-10-24 12:00:00,24415.3,24415.3,24397.55,24406.4
2024-10-24 12:15:00,24407.4,24409.3,24396.6,24402.7125
2024-10-24 12:30:00,24402.475,24417.65,24399.35,24408.025
2024-10-24 12:45:00,24407.55,24416.9,24395.15,24406.275
2024-10-24 13:00:00,24406.525,24406.525,24391.85,24397.6625
2024-10-24 13:15:00,24397.825,24406.75,24394.6,24398.1875
2024-10-24 13:30:00,24395.7,24398.05,24385.7,24392.35
2024-10-24 13:45:00,24392.825,24405.8,24387.3,24395.05
2024-10-24 14:00:00,24393.55,24403.85,24381.85,24391.425
2024-10-24 14:15:00,24390.0,24390.0,24367.8,24381.4875
2024-10-24 14:30:00,24384.2,24404.7,24382.15,24392.3
2024-10-24 14:45:00,24391.175,24407.35,24388.2,24398.925
2024-10-24 15:00:00,24400.075,24419.05,24387.05,24401.2
2024-10-24 15:15:00,24399.35,24417.65,24395.8,24406.6625
2024-10-25 09:15:00,24406.6,24440.25,24372.85,24416.125
2024-10-25 09:30:00,24425.7,24431.4,24312.4,24376.6125
2024-10-25 09:45:00,24381.325,24381.325,24248.55,24300.4125
2024-10-25 10:00:00,24291.975,24291.975,24233.75,24250.45
2024-10-25 10:15:00,24245.425,24268.7,24211.45,24232.35
2024-10-25 10:30:00,24224.625,24226.9,24181.75,24202.1125
2024-10-25 10:45:00,24199.9,24199.9,24113.05,24161.6875
2024-10-25 11:00:00,24172.15,24184.7,24137.4,24161.6875
2024-10-25 11:15:00,24162.325,24213.75,24146.3,24169.5375
2024-10-25 11:30:00,24159.05,24161.65,24128.35,24146.9
2024-10-25 11:45:00,24148.8,24164.4,24123.8,24145.2
2024-10-25 12:00:00,24146.3,24163.6,24132.5,24144.625
2024-10-25 12:15:00,24141.2,24148.25,24093.95,24125.025
2024-10-25 12:30:00,24128.95,24144.9,24109.65,24124.6125
2024-10-25 12:45:00,24121.95,24139.15,24106.9,24125.9125
2024-10-25 13:00:00,24128.8,24140.7,24115.7,24129.9375
2024-10-25 13:15:00,24131.675,24132.55,24097.4,24116.975
2024-10-25 13:30:00,24118.975,24131.2,24092.0,24116.2625
2024-10-25 13:45:00,24120.925,24134.2,24104.55,24119.475
2024-10-25 14:00:00,24119.575,24123.5,24098.3,24108.15
2024-10-25 14:15:00,24105.4,24107.25,24073.9,24092.2875
2024-10-25 14:30:00,24094.0,24099.1,24076.55,24088.625
2024-10-25 14:45:00,24089.425,24155.55,24089.425,24121.1875
2024-10-25 15:00:00,24119.075,24179.4,24119.075,24156.575
2024-10-25 15:15:00,24160.075,24225.55,24160.075,24195.475
2024-10-28 09:15:00,24192.475,24292.9,24192.475,24243.0625
2024-10-28 09:30:00,24233.425,24233.425,24145.65,24183.975
2024-10-28 09:45:00,24182.775,24295.65,24134.9,24216.6
2024-10-28 10:00:00,24217.925,24300.5,24217.925,24281.125
2024-10-28 10:15:00,24290.35,24398.45,24290.35,24340.1125
2024-10-28 10:30:00,24334.8,24428.65,24334.8,24398.0625
2024-10-28 10:45:00,24398.475,24440.4,24393.2,24413.875
2024-10-28 11:00:00,24410.95,24410.95,24356.4,24391.65
2024-10-28 11:15:00,24400.825,24418.05,24389.75,24403.2125
2024-10-28 11:30:00,24402.525,24428.55,24394.45,24413.9125
2024-10-28 11:45:00,24416.325,24433.75,24410.3,24422.575
2024-10-28 12:00:00,24423.125,24481.25,24402.7,24445.575
2024-10-28 12:15:00,24449.175,24484.55,24449.175,24474.3375
2024-10-28 12:30:00,24479.725,24492.6,24450.85,24468.25
2024-10-28 12:45:00,24464.775,24464.775,24396.0,24432.85
2024-10-28 13:00:00,24439.4,24443.3,24404.3,24424.6875
2024-10-28 13:15:00,24425.575,24459.3,24417.05,24434.075
2024-10-28 13:30:00,24429.975,24437.55,24405.15,24424.5
2024-10-28 13:45:00,24427.65,24436.4,24401.85,24417.9625
2024-10-28 14:00:00,24416.8,24422.8,24367.4,24397.1875
2024-10-28 14:15:00,24399.275,24399.275,24367.1,24378.675
2024-10-28 14:30:00,24377.8,24423.45,24372.45,24392.025
2024-10-28 14:45:00,24386.1,24410.0,24383.95,24397.475
2024-10-28 15:00:00,24397.975,24397.975,24305.75,24359.55
2024-10-28 15:15:00,24368.625,24368.75,24330.4,24352.8125
2024-10-29 09:15:00,24356.05,24378.65,24251.0,24305.25
2024-10-29 09:30:00,24295.675,24295.675,24206.75,24243.275
2024-10-29 09:45:00,24239.625,24241.8,24192.1,24215.8625
2024-10-29 10:00:00,24214.775,24230.7,24158.25,24206.725
2024-10-29 10:15:00,24218.975,24242.5,24196.15,24221.8875
2024-10-29 10:30:00,24224.45,24224.45,24170.15,24196.125
2024-10-29 10:45:00,24195.725,24209.35,24140.85,24181.7125
2024-10-29 11:00:00,24188.325,24206.45,24168.35,24193.2125
2024-10-29 11:15:00,24199.025,24202.55,24178.0,24191.2875
2024-10-29 11:30:00,24192.3,24246.95,24177.95,24213.6875
2024-10-29 11:45:00,24214.925,24256.0,24214.925,24237.5375
2024-10-29 12:00:00,24235.225,24294.55,24232.15,24263.15
2024-10-29 12:15:00,24262.95,24310.0,24262.95,24287.8
2024-10-29 12:30:00,24284.125,24305.4,24270.75,24288.65
2024-10-29 12:45:00,24289.225,24330.55,24289.225,24312.2625
2024-10-29 13:00:00,24312.9,24346.8,24312.9,24326.8625
2024-10-29 13:15:00,24322.55,24333.65,24273.65,24310.3375
2024-10-29 13:30:00,24317.025,24317.4,24269.1,24298.3875
2024-10-29 13:45:00,24303.525,24321.5,24279.05,24305.4625
2024-10-29 14:00:00,24310.65,24418.75,24310.65,24369.9375
2024-10-29 14:15:00,24369.625,24441.7,24369.625,24422.0625
2024-10-29 14:30:00,24417.25,24444.65,24389.65,24421.4625
2024-10-29 14:45:00,24425.775,24459.75,24425.75,24441.075
2024-10-29 15:00:00,24439.4,24484.5,24439.4,24460.6375
2024-10-29 15:15:00,24458.95,24476.3,24451.85,24464.025
2024-10-30 09:15:00,24463.975,24463.975,24337.6,24382.325
2024-10-30 09:30:00,24377.625,24421.05,24347.8,24388.0875
2024-10-30 09:45:00,24391.75,24425.55,24372.55,24401.15
2024-10-30 10:00:00,24403.25,24424.05,24384.25,24407.5875
2024-10-30 10:15:00,24411.025,24429.3,24380.6,24408.5875
2024-10-30 10:30:00,24412.225,24416.2,24393.6,24404.6875
2024-10-30 10:45:00,24404.475,24449.15,24399.1,24423.725
2024-10-30 11:00:00,24423.325,24449.3,24418.45,24437.225
2024-10-30 11:15:00,24440.575,24467.1,24425.5,24443.5
2024-10-30 11:30:00,24440.7,24451.8,24428.65,24443.775
2024-10-30 11:45:00,24447.325,24454.05,24432.3,24445.925
2024-10-30 12:00:00,24448.675,24448.675,24414.4,24437.1875
2024-10-30 12:15:00,24442.875,24458.45,24432.25,24442.3
2024-10-30 12:30:00,24439.25,24455.25,24431.4,24444.1
2024-10-30 12:45:00,24444.875,24462.6,24442.9,24454.0625
2024-10-30 13:00:00,24455.375,24498.2,24415.45,24450.425
2024-10-30 13:15:00,24444.025,24444.025,24371.6,24403.85
2024-10-30 13:30:00,24406.525,24409.15,24352.3,24379.2
2024-10-30 13:45:00,24377.675,24379.25,24353.55,24366.975
2024-10-30 14:00:00,24367.55,24375.95,24321.6,24346.5
2024-10-30 14:15:00,24344.225,24358.1,24307.3,24336.45
2024-10-30 14:30:00,24340.2,24368.45,24340.2,24358.1125
2024-10-30 14:45:00,24359.1,24369.15,24345.9,24357.3125
2024-10-30 15:00:00,24357.1,24363.5,24330.35,24346.1875
2024-10-30 15:15:00,24345.45,24359.15,24328.0,24343.4125
2024-10-31 09:15:00,24343.25,24372.45,24271.2,24316.175
2024-10-31 09:30:00,24310.525,24310.525,24234.3,24261.4375
2024-10-31 09:45:00,24266.675,24300.9,24261.8,24279.9375
2024-10-31 10:00:00,24278.525,24304.65,24267.6,24285.8375
2024-10-31 10:15:00,24285.55,24285.55,24250.05,24265.6375
2024-10-31 10:30:00,24268.9,24272.5,24254.3,24261.05
2024-10-31 10:45:00,24258.7,24262.35,24235.2,24251.7125
2024-10-31 11:00:00,24254.65,24269.5,24247.9,24256.9375
2024-10-31 11:15:00,24255.175,24264.05,24241.05,24252.1125
2024-10-31 11:30:00,24251.675,24255.4,24232.4,24246.1125
2024-10-31 11:45:00,24248.325,24248.325,24234.5,24240.925
2024-10-31 12:00:00,24240.775,24244.35,24232.0,24237.0
2024-10-31 12:15:00,24235.825,24237.0,24212.05,24227.2625
2024-10-31 12:30:00,24230.0,24230.0,24197.6,24213.1625
2024-10-31 12:45:00,24212.875,24214.1,24191.15,24204.025
2024-10-31 13:00:00,24205.425,24220.55,24202.05,24211.4625
2024-10-31 13:15:00,24211.625,24218.3,24204.8,24212.45
2024-10-31 13:30:00,24213.35,24229.5,24199.1,24216.775
2024-10-31 13:45:00,24219.25,24235.2,24205.35,24218.475
2024-10-31 14:00:00,24216.675,24216.675,24181.9,24196.675
2024-10-31 14:15:00,24196.8,24201.2,24184.0,24189.35
2024-10-31 14:30:00,24186.1,24221.3,24172.6,24199.3625
2024-10-31 14:45:00,24201.775,24225.25,24187.3,24206.175
2024-10-31 15:00:00,24206.075,24220.8,24182.1,24201.3125
2024-10-31 15:15:00,24201.175,24241.75,24189.5,24219.675
2024-11-04 09:15:00,24302.375,24316.75,24074.05,24195.8
2024-11-04 09:30:00,24196.2,24196.2,24056.15,24076.9
2024-11-04 09:45:00,24071.9,24071.9,24017.35,24054.4375
2024-11-04 10:00:00,24065.725,24073.25,23948.95,24014.05
2024-11-04 10:15:00,24017.0,24017.0,23931.95,23958.6
2024-11-04 10:30:00,23953.15,23960.15,23910.05,23932.25
2024-11-04 10:45:00,23929.4,23943.2,23881.7,23908.3375
2024-11-04 11:00:00,23904.225,23904.225,23824.05,23860.925
2024-11-04 11:15:00,23866.2,23898.1,23816.15,23857.4
2024-11-04 11:30:00,23857.675,23879.9,23850.15,23867.725
2024-11-04 11:45:00,23870.425,23887.6,23856.45,23875.7625
2024-11-04 12:00:00,23879.5,23951.0,23879.5,23912.775
2024-11-04 12:15:00,23905.975,23940.3,23880.75,23906.7
2024-11-04 12:30:00,23902.875,23902.875,23873.5,23886.25
2024-11-04 12:45:00,23885.225,23889.85,23854.9,23872.175
2024-11-04 13:00:00,23871.975,23917.25,23856.75,23884.1125
2024-11-04 13:15:00,23881.225,23916.4,23866.45,23889.625
2024-11-04 13:30:00,23887.825,23904.4,23869.95,23881.95
2024-11-04 13:45:00,23876.725,23921.5,23876.725,23899.575
2024-11-04 14:00:00,23898.45,23945.4,23898.45,23923.7375
2024-11-04 14:15:00,23925.325,23950.6,23918.8,23935.15
2024-11-04 14:30:00,23935.6,23976.55,23935.6,23950.425
2024-11-04 14:45:00,23944.5,23991.3,23944.5,23967.7125
2024-11-04 15:00:00,23963.075,24008.85,23963.075,23988.2875
2024-11-04 15:15:00,23985.35,24011.45,23980.8,23995.1125
2024-11-05 09:15:00,23994.1,24026.25,23908.65,23958.775
2024-11-05 09:30:00,23950.1,24012.15,23949.5,23975.625
2024-11-05 09:45:00,23970.425,24016.9,23930.6,23976.15
2024-11-05 10:00:00,23978.55,24005.1,23965.85,23984.9
2024-11-05 10:15:00,23984.325,24037.2,23946.95,23994.2625
2024-11-05 10:30:00,23996.45,24026.1,23938.85,23989.2125
2024-11-05 10:45:00,23995.95,24001.25,23964.5,23979.1875
2024-11-05 11:00:00,23975.5,23994.1,23965.5,23981.0
2024-11-05 11:15:00,23982.2,23992.85,23929.8,23958.8
2024-11-05 11:30:00,23956.275,23956.275,23858.8,23900.5875
2024-11-05 11:45:00,23899.475,23899.475,23842.75,23863.8625
2024-11-05 12:00:00,23864.775,23898.9,23845.75,23870.475
2024-11-05 12:15:00,23868.625,23895.0,23848.45,23874.325
2024-11-05 12:30:00,23876.925,23914.05,23875.75,23894.5375
2024-11-05 12:45:00,23894.175,23951.3,23894.175,23921.8375
2024-11-05 13:00:00,23913.775,23937.5,23893.5,23916.0375
2024-11-05 13:15:00,23916.575,24051.5,23897.25,23978.4
2024-11-05 13:30:00,23982.425,24103.1,23982.425,24068.8625
2024-11-05 13:45:00,24063.05,24131.9,24063.05,24099.175
2024-11-05 14:00:00,24099.525,24171.2,24099.525,24145.1125
2024-11-05 14:15:00,24144.95,24200.9,24144.95,24179.3
2024-11-05 14:30:00,24179.275,24218.4,24172.1,24196.175
2024-11-05 14:45:00,24197.1,24205.95,24180.7,24194.1875
2024-11-05 15:00:00,24195.05,24229.05,24192.4,24205.3875
2024-11-05 15:15:00,24200.05,24220.2,24189.3,24203.7625
2024-11-06 09:15:00,24202.775,24344.8,24202.775,24300.6
2024-11-06 09:30:00,24326.775,24352.75,24295.15,24334.7875
2024-11-06 09:45:00,24345.625,24396.95,24340.5,24359.9125
2024-11-06 10:00:00,24351.1,24415.05,24351.1,24376.025
2024-11-06 10:15:00,24367.075,24390.55,24320.7,24353.9875
2024-11-06 10:30:00,24352.35,24352.35,24281.25,24309.7
2024-11-06 10:45:00,24311.95,24371.3,24296.1,24331.7625
2024-11-06 11:00:00,24329.825,24381.3,24329.825,24365.25
2024-11-06 11:15:00,24365.075,24372.05,24353.45,24363.6125
2024-11-06 11:30:00,24364.475,24393.15,24361.3,24377.0625
2024-11-06 11:45:00,24376.9,24440.55,24376.9,24413.65
2024-11-06 12:00:00,24413.9,24443.05,24413.9,24430.05
2024-11-06 12:15:00,24430.05,24432.1,24399.1,24420.0375
2024-11-06 12:30:00,24424.475,24443.95,24419.95,24427.9875
2024-11-06 12:45:00,24424.025,24433.05,24405.45,24422.925
2024-11-06 13:00:00,24426.6,24466.95,24419.4,24443.425
2024-11-06 13:15:00,24443.675,24463.25,24436.35,24452.5625
2024-11-06 13:30:00,24455.325,24480.15,24453.2,24463.05
2024-11-06 13:45:00,24459.425,24489.8,24459.425,24476.8
2024-11-06 14:00:00,24477.075,24496.35,24471.8,24485.025
2024-11-06 14:15:00,24485.975,24537.6,24483.8,24506.85
2024-11-06 14:30:00,24503.0,24525.15,24455.2,24493.2625
2024-11-06 14:45:00,24496.35,24496.35,24447.65,24464.625
2024-11-06 15:00:00,24468.8,24496.8,24463.0,24474.1
2024-11-06 15:15:00,24468.3,24500.25,24468.3,24484.0
2024-11-07 09:15:00,24482.425,24503.35,24342.85,24422.375
2024-11-07 09:30:00,24421.65,24421.65,24326.4,24353.275
2024-11-07 09:45:00,24358.475,24382.45,24277.9,24325.8625
2024-11-07 10:00:00,24321.55,24321.55,24202.55,24246.1
2024-11-07 10:15:00,24250.8,24250.8,24188.45,24210.7875
2024-11-07 10:30:00,24208.8,24215.0,24181.95,24199.525
2024-11-07 10:45:00,24200.575,24257.6,24199.3,24228.55
2024-11-07 11:00:00,24228.65,24260.35,24212.75,24239.95
2024-11-07 11:15:00,24243.35,24243.35,24183.3,24216.175
2024-11-07 11:30:00,24224.225,24229.05,24211.25,24218.4375
2024-11-07 11:45:00,24216.725,24218.4,24198.35,24209.975
2024-11-07 12:00:00,24211.575,24212.1,24193.25,24202.3125
2024-11-07 12:15:00,24201.95,24235.15,24193.2,24212.4375
2024-11-07 12:30:00,24210.7,24238.85,24210.7,24226.05
2024-11-07 12:45:00,24226.825,24239.05,24213.55,24225.2875
2024-11-07 13:00:00,24224.275,24226.55,24208.55,24218.2625
2024-11-07 13:15:00,24218.975,24222.45,24197.55,24209.9375
2024-11-07 13:30:00,24209.875,24209.875,24179.45,24190.2
2024-11-07 13:45:00,24188.925,24214.05,24179.05,24195.6125
2024-11-07 14:00:00,24194.675,24218.15,24194.675,24211.0875
2024-11-07 14:15:00,24211.7,24217.85,24185.05,24205.15
2024-11-07 14:30:00,24208.85,24208.85,24186.5,24195.6
2024-11-07 14:45:00,24196.2,24204.6,24180.4,24194.5125
2024-11-07 15:00:00,24196.525,24205.75,24187.3,24198.1125
2024-11-07 15:15:00,24199.7,24211.65,24189.75,24198.6375
2024-11-08 09:15:00,24196.575,24223.9,24066.65,24167.1875
2024-11-08 09:30:00,24189.1,24207.05,24141.2,24175.5375
2024-11-08 09:45:00,24176.95,24276.15,24146.35,24199.4125
2024-11-08 10:00:00,24187.575,24212.45,24159.45,24191.5125
2024-11-08 10:15:00,24197.075,24215.7,24179.3,24195.675
2024-11-08 10:30:00,24193.85,24194.4,24165.9,24179.0125
2024-11-08 10:45:00,24177.875,24177.875,24153.45,24166.4375
2024-11-08 11:00:00,24170.125,24173.25,24152.2,24165.9625
2024-11-08 11:15:00,24169.2,24173.75,24142.85,24158.0125
2024-11-08 11:30:00,24157.725,24157.725,24137.65,24144.55
2024-11-08 11:45:00,24145.05,24146.05,24110.8,24128.5125
2024-11-08 12:00:00,24128.6,24128.6,24105.75,24116.0125
2024-11-08 12:15:00,24116.5,24137.4,24114.95,24123.35
2024-11-08 12:30:00,24120.525,24148.05,24120.4,24134.425
2024-11-08 12:45:00,24134.625,24149.5,24132.8,24142.975
2024-11-08 13:00:00,24144.8,24172.2,24133.75,24154.4625
2024-11-08 13:15:00,24155.95,24183.65,24155.95,24171.5625
2024-11-08 13:30:00,24172.725,24181.7,24140.35,24162.525
2024-11-08 13:45:00,24164.025,24166.75,24142.95,24153.4625
2024-11-08 14:00:00,24152.075,24156.4,24130.65,24143.7625
2024-11-08 14:15:00,24144.0,24146.2,24127.75,24137.4875
2024-11-08 14:30:00,24138.0,24172.3,24125.0,24151.3875
2024-11-08 14:45:00,24154.125,24171.8,24145.85,24161.7375
2024-11-08 15:00:00,24164.65,24167.75,24138.9,24156.3125
2024-11-08 15:15:00,24159.3,24160.05,24104.7,24132.7875
2024-11-11 09:15:00,24133.2,24133.2,24004.6,24074.3125
2024-11-11 09:30:00,24093.2,24157.45,24093.2,24124.7875
2024-11-11 09:45:00,24122.175,24178.7,24122.175,24152.6625
2024-11-11 10:00:00,24151.775,24161.95,24114.5,24139.625
2024-11-11 10:15:00,24141.025,24223.85,24111.8,24170.6125
2024-11-11 10:30:00,24173.4,24267.65,24173.4,24237.225
2024-11-11 10:45:00,24232.125,24265.8,24226.7,24248.725
2024-11-11 11:00:00,24251.2,24312.35,24251.2,24287.2375
2024-11-11 11:15:00,24287.475,24326.05,24287.475,24311.3
2024-11-11 11:30:00,24310.325,24336.8,24309.55,24322.4375
2024-11-11 11:45:00,24321.7,24333.55,24285.7,24309.775
2024-11-11 12:00:00,24309.925,24309.925,24235.0,24267.75
2024-11-11 12:15:00,24270.8,24270.8,24202.15,24236.75
2024-11-11 12:30:00,24241.35,24253.4,24226.7,24238.2125
2024-11-11 12:45:00,24236.375,24256.95,24224.65,24239.7875
2024-11-11 13:00:00,24238.775,24239.65,24209.2,24226.0625
2024-11-11 13:15:00,24227.7,24229.2,24178.95,24207.8625
2024-11-11 13:30:00,24211.65,24214.65,24138.6,24174.65
2024-11-11 13:45:00,24172.675,24172.675,24119.45,24144.05
2024-11-11 14:00:00,24150.4,24158.75,24107.15,24131.9375
2024-11-11 14:15:00,24130.925,24140.45,24080.6,24116.95
2024-11-11 14:30:00,24123.375,24197.6,24123.375,24165.7125
2024-11-11 14:45:00,24164.775,24204.0,24163.3,24181.4375
2024-11-11 15:00:00,24179.225,24179.225,24116.85,24155.525
2024-11-11 15:15:00,24165.625,24165.625,24118.0,24140.9625
2024-11-12 09:15:00,24141.525,24242.0,24141.525,24202.9875
2024-11-12 09:30:00,24199.65,24199.65,24132.9,24162.1375
2024-11-12 09:45:00,24163.25,24233.2,24120.15,24184.175
2024-11-12 10:00:00,24191.675,24233.9,24138.65,24191.5
2024-11-12 10:15:00,24196.725,24198.7,24161.25,24179.5
2024-11-12 10:30:00,24179.025,24201.8,24105.9,24158.65
2024-11-12 10:45:00,24163.45,24163.45,24103.6,24132.875
2024-11-12 11:00:00,24136.675,24160.6,24127.6,24142.5625
2024-11-12 11:15:00,24141.025,24160.95,24117.35,24138.875
2024-11-12 11:30:00,24138.6,24153.3,24125.15,24136.8375
2024-11-12 11:45:00,24134.45,24151.05,24124.35,24134.175
2024-11-12 12:00:00,24130.65,24141.55,24100.3,24120.7375
2024-11-12 12:15:00,24120.55,24129.15,24095.3,24109.25
2024-11-12 12:30:00,24106.275,24121.2,24039.7,24077.95
2024-11-12 12:45:00,24075.45,24075.45,23981.0,24022.9875
2024-11-12 13:00:00,24028.625,24039.85,23990.55,24007.725
2024-11-12 13:15:00,24000.25,24000.25,23939.45,23973.1125
2024-11-12 13:30:00,23979.475,23979.475,23912.7,23944.9
2024-11-12 13:45:00,23947.075,23987.55,23924.45,23946.6125
2024-11-12 14:00:00,23937.225,23972.3,23937.05,23950.2625
2024-11-12 14:15:00,23945.85,23973.6,23908.65,23936.7
2024-11-12 14:30:00,23932.275,23992.55,23919.4,23944.4625
2024-11-12 14:45:00,23932.95,23962.3,23925.8,23939.8375
2024-11-12 15:00:00,23935.625,23936.3,23866.0,23899.1375
2024-11-12 15:15:00,23897.125,23897.125,23839.15,23859.175
2024-11-13 09:15:00,23856.8,23873.6,23780.3,23819.1875
2024-11-13 09:30:00,23811.425,23857.5,23753.55,23792.1
2024-11-13 09:45:00,23778.675,23807.05,23708.65,23766.3875
2024-11-13 10:00:00,23774.925,23795.35,23689.45,23742.975
2024-11-13 10:15:00,23743.55,23744.35,23679.35,23712.0125
2024-11-13 10:30:00,23712.175,23769.75,23700.0,23726.1875
2024-11-13 10:45:00,23717.5,23782.25,23702.55,23731.5625
2024-11-13 11:00:00,23720.725,23745.6,23702.1,23723.4875
2024-11-13 11:15:00,23723.125,23725.55,23690.75,23708.7125
2024-11-13 11:30:00,23709.275,23723.6,23682.8,23700.35
2024-11-13 11:45:00,23697.5,23718.4,23684.95,23700.9125
2024-11-13 12:00:00,23700.15,23727.8,23680.25,23701.925
2024-11-13 12:15:00,23699.825,23717.55,23682.45,23694.7
2024-11-13 12:30:00,23689.4,23714.55,23678.15,23691.6625
2024-11-13 12:45:00,23686.975,23687.35,23650.6,23669.075
2024-11-13 13:00:00,23669.175,23681.95,23632.05,23661.6125
2024-11-13 13:15:00,23666.225,23675.45,23636.1,23656.575
2024-11-13 13:30:00,23657.375,23687.15,23640.25,23663.4375
2024-11-13 13:45:00,23663.175,23722.3,23663.175,23698.1625
2024-11-13 14:00:00,23692.25,23708.8,23641.0,23676.2125
2024-11-13 14:15:00,23677.525,23677.525,23596.75,23627.8125
2024-11-13 14:30:00,23627.8,23627.8,23549.15,23578.375
2024-11-13 14:45:00,23578.8,23586.75,23545.5,23562.825
2024-11-13 15:00:00,23559.525,23570.0,23509.6,23545.9125
2024-11-13 15:15:00,23552.025,23618.85,23544.95,23577.9125
2024-11-14 09:15:00,23573.925,23645.3,23541.35,23577.6
2024-11-14 09:30:00,23561.875,23603.05,23500.65,23564.9875
2024-11-14 09:45:00,23578.125,23608.85,23558.8,23584.8375
2024-11-14 10:00:00,23585.85,23675.9,23585.85,23621.225
2024-11-14 10:15:00,23607.05,23621.65,23586.2,23603.025
2024-11-14 10:30:00,23602.125,23610.9,23567.4,23588.3625
2024-11-14 10:45:00,23587.575,23590.55,23547.8,23570.2375
2024-11-14 11:00:00,23571.3,23571.3,23486.1,23523.4125
2024-11-14 11:15:00,23522.5,23522.5,23490.25,23502.125
2024-11-14 11:30:00,23500.625,23525.0,23497.0,23511.2125
2024-11-14 11:45:00,23511.425,23530.15,23499.05,23517.5625
2024-11-14 12:00:00,23520.525,23568.65,23519.15,23544.5625
2024-11-14 12:15:00,23545.225,23563.85,23526.4,23545.325
2024-11-14 12:30:00,23545.525,23545.525,23513.15,23523.7125
2024-11-14 12:45:00,23525.55,23550.35,23518.65,23531.7375
2024-11-14 13:00:00,23528.975,23552.85,23528.975,23542.6375
2024-11-14 13:15:00,23542.9,23570.8,23542.9,23556.4625
2024-11-14 13:30:00,23555.125,23561.0,23520.15,23541.5625
2024-11-14 13:45:00,23542.55,23542.55,23516.1,23528.1875
2024-11-14 14:00:00,23528.175,23550.7,23528.175,23540.025
2024-11-14 14:15:00,23540.025,23550.25,23530.25,23540.75
2024-11-14 14:30:00,23541.25,23547.45,23528.75,23536.5
2024-11-14 14:45:00,23534.9,23538.75,23520.65,23530.9
2024-11-14 15:00:00,23532.1,23550.55,23484.15,23526.1875
2024-11-14 15:15:00,23535.025,23562.65,23534.15,23549.425
2024-11-18 09:15:00,23550.45,23606.8,23463.55,23536.9875
2024-11-18 09:30:00,23538.8,23538.8,23366.45,23425.6375
2024-11-18 09:45:00,23419.75,23439.05,23362.35,23393.4875
2024-11-18 10:00:00,23386.275,23488.75,23386.275,23435.7125
2024-11-18 10:15:00,23428.25,23460.6,23403.7,23430.0
2024-11-18 10:30:00,23427.85,23427.85,23365.75,23389.65
2024-11-18 10:45:00,23388.375,23415.2,23350.4,23387.3125
2024-11-18 11:00:00,23391.825,23416.1,23367.35,23394.325
2024-11-18 11:15:00,23396.925,23437.9,23379.4,23406.3125
2024-11-18 11:30:00,23403.975,23432.9,23403.975,23424.225
2024-11-18 11:45:00,23429.525,23453.95,23418.4,23439.625
2024-11-18 12:00:00,23443.075,23485.05,23443.075,23465.925
2024-11-18 12:15:00,23465.4,23543.5,23463.1,23506.6875
2024-11-18 12:30:00,23510.075,23565.25,23503.95,23534.2875
2024-11-18 12:45:00,23533.975,23554.8,23476.1,23509.25
2024-11-18 13:00:00,23503.05,23508.55,23475.3,23489.1875
2024-11-18 13:15:00,23486.45,23492.5,23446.8,23472.4875
2024-11-18 13:30:00,23475.325,23505.3,23443.75,23468.225
2024-11-18 13:45:00,23461.925,23499.8,23461.925,23479.3625
2024-11-18 14:00:00,23477.825,23503.6,23474.0,23488.775
2024-11-18 14:15:00,23488.75,23488.75,23439.25,23463.2875
2024-11-18 14:30:00,23463.85,23463.85,23412.55,23435.375
2024-11-18 14:45:00,23440.45,23475.75,23429.45,23448.3625
2024-11-18 15:00:00,23444.125,23461.9,23435.9,23450.15
2024-11-18 15:15:00,23451.4,23474.85,23447.95,23460.35
2024-11-19 09:15:00,23480.675,23665.65,23480.675,23594.0375
2024-11-19 09:30:00,23596.7,23702.6,23596.7,23677.7
2024-11-19 09:45:00,23683.35,23709.6,23645.4,23683.15
2024-11-19 10:00:00,23688.8,23709.15,23675.8,23688.15
2024-11-19 10:15:00,23683.825,23744.6,23682.45,23715.6125
2024-11-19 10:30:00,23717.7,23750.0,23709.35,23728.7625
2024-11-19 10:45:00,23727.85,23727.85,23690.9,23709.3125
2024-11-19 11:00:00,23713.325,23741.95,23713.0,23726.075
2024-11-19 11:15:00,23724.675,23763.0,23724.675,23746.1
2024-11-19 11:30:00,23747.825,23779.7,23747.825,23766.6625
2024-11-19 11:45:00,23765.725,23780.65,23749.4,23763.8875
2024-11-19 12:00:00,23762.75,23764.1,23736.15,23750.5625
2024-11-19 12:15:00,23751.0,23765.45,23744.5,23751.4125
2024-11-19 12:30:00,23747.85,23757.2,23727.65,23740.8875
2024-11-19 12:45:00,23739.35,23754.05,23724.2,23740.5875
2024-11-19 13:00:00,23742.05,23762.05,23742.05,23755.375
2024-11-19 13:15:00,23755.625,23766.45,23738.45,23752.675
2024-11-19 13:30:00,23752.9,23765.45,23741.65,23751.75
2024-11-19 13:45:00,23749.95,23771.7,23749.95,23761.5375
2024-11-19 14:00:00,23760.675,23767.6,23701.85,23735.7125
2024-11-19 14:15:00,23736.7,23736.7,23688.15,23705.4125
2024-11-19 14:30:00,23703.25,23709.75,23686.15,23698.4625
2024-11-19 14:45:00,23698.975,23717.45,23576.3,23643.325
2024-11-19 15:00:00,23639.775,23639.775,23486.2,23536.05
2024-11-19 15:15:00,23537.375,23537.375,23464.8,23486.1125
2024-11-21 09:15:00,23480.675,23507.3,23338.75,23428.5
2024-11-21 09:30:00,23433.975,23433.975,23263.15,23337.925
2024-11-21 09:45:00,23350.9,23350.9,23292.1,23319.125
2024-11-21 10:00:00,23319.7,23376.5,23289.7,23323.2
2024-11-21 10:15:00,23313.3,23350.6,23296.35,23320.6875
2024-11-21 10:30:00,23317.9,23344.15,23305.5,23322.5375
2024-11-21 10:45:00,23320.25,23335.9,23307.95,23320.2875
2024-11-21 11:00:00,23318.65,23342.6,23318.2,23329.8125
2024-11-21 11:15:00,23329.225,23349.05,23327.6,23338.6
2024-11-21 11:30:00,23338.875,23348.3,23332.3,23340.775
2024-11-21 11:45:00,23341.25,23351.2,23334.2,23343.975
2024-11-21 12:00:00,23345.25,23369.1,23339.8,23352.7875
2024-11-21 12:15:00,23351.125,23356.8,23342.95,23350.675
2024-11-21 12:30:00,23351.475,23355.05,23340.55,23348.0625
2024-11-21 12:45:00,23348.325,23350.45,23308.8,23328.8
2024-11-21 13:00:00,23327.975,23344.15,23307.2,23325.85
2024-11-21 13:15:00,23326.025,23359.15,23326.025,23346.9125
2024-11-21 13:30:00,23346.9,23360.4,23333.7,23347.3625
2024-11-21 13:45:00,23347.675,23352.05,23333.55,23343.5875
2024-11-21 14:00:00,23344.375,23350.8,23333.4,23342.0875
2024-11-21 14:15:00,23342.075,23348.75,23334.55,23339.9125
2024-11-21 14:30:00,23338.175,23345.05,23324.85,23336.675
2024-11-21 14:45:00,23338.4,23343.6,23319.15,23335.2875
2024-11-21 15:00:00,23339.2,23366.75,23326.35,23347.625
2024-11-21 15:15:00,23348.7,23367.5,23339.75,23352.2375
2024-11-22 09:15:00,23350.85,23524.7,23350.85,23450.9625
2024-11-22 09:30:00,23460.075,23541.1,23412.6,23481.4375
2024-11-22 09:45:00,23486.025,23500.2,23408.4,23467.575
2024-11-22 10:00:00,23480.85,23608.95,23480.85,23543.425
2024-11-22 10:15:00,23537.625,23589.25,23516.55,23558.3375
2024-11-22 10:30:00,23563.775,23569.5,23505.6,23537.1875
2024-11-22 10:45:00,23536.825,23536.825,23447.15,23509.3375
2024-11-22 11:00:00,23528.125,23550.7,23511.15,23532.5
2024-11-22 11:15:00,23534.075,23543.75,23497.4,23525.4
2024-11-22 11:30:00,23530.225,23579.9,23518.2,23544.925
2024-11-22 11:45:00,23540.8,23598.3,23540.8,23573.7875
2024-11-22 12:00:00,23570.8,23657.0,23570.8,23613.625
2024-11-22 12:15:00,23610.075,23645.85,23607.75,23631.0
2024-11-22 12:30:00,23635.2,23689.15,23630.35,23657.5
2024-11-22 12:45:00,23655.25,23689.5,23655.25,23673.525
2024-11-22 13:00:00,23674.325,23724.1,23672.6,23693.175
2024-11-22 13:15:00,23688.0,23731.25,23683.35,23703.825
2024-11-22 13:30:00,23700.35,23719.5,23661.75,23698.875
2024-11-22 13:45:00,23707.125,23798.9,23707.125,23757.275
2024-11-22 14:00:00,23757.925,23870.55,23757.925,23826.4125
2024-11-22 14:15:00,23821.525,23897.95,23821.525,23854.25
2024-11-22 14:30:00,23847.575,23878.2,23800.75,23845.2125
2024-11-22 14:45:00,23850.95,23956.1,23831.5,23892.1375
2024-11-22 15:00:00,23890.475,23940.3,23890.475,23921.9125
2024-11-22 15:15:00,23925.35,23925.35,23854.9,23891.875
2024-11-25 09:15:00,23896.525,24323.25,23896.525,24275.2125
2024-11-25 09:30:00,24282.675,24330.7,24274.7,24301.625
2024-11-25 09:45:00,24300.55,24300.6,24249.15,24274.2125
2024-11-25 10:00:00,24273.55,24299.9,24256.25,24268.7125
2024-11-25 10:15:00,24259.35,24317.3,24259.0,24288.45
2024-11-25 10:30:00,24288.75,24328.3,24288.75,24316.8
2024-11-25 10:45:00,24316.7,24322.9,24303.7,24314.05
2024-11-25 11:00:00,24314.8,24347.7,24310.5,24326.05
2024-11-25 11:15:00,24323.0,24351.55,24310.55,24329.55
2024-11-25 11:30:00,24328.05,24330.25,24300.95,24314.225
2024-11-25 11:45:00,24312.85,24312.85,24273.15,24291.375
2024-11-25 12:00:00,24292.875,24307.45,24262.8,24288.4375
2024-11-25 12:15:00,24291.75,24308.2,24275.85,24292.4875
2024-11-25 12:30:00,24292.95,24295.0,24275.85,24284.825
2024-11-25 12:45:00,24284.225,24286.75,24141.8,24217.85
2024-11-25 13:00:00,24221.425,24221.425,24135.45,24168.1125
2024-11-25 13:15:00,24168.5,24225.5,24168.5,24199.925
2024-11-25 13:30:00,24198.9,24219.25,24177.2,24198.7
2024-11-25 13:45:00,24199.175,24199.175,24161.6,24177.1
2024-11-25 14:00:00,24179.45,24218.2,24164.5,24190.6625
2024-11-25 14:15:00,24189.975,24218.0,24185.45,24204.8375
2024-11-25 14:30:00,24207.95,24252.85,24193.7,24227.0125
2024-11-25 14:45:00,24230.75,24267.8,24219.5,24241.625
2024-11-25 15:00:00,24239.6,24241.85,24170.55,24216.1875
2024-11-25 15:15:00,24226.175,24260.9,24218.5,24238.025
2024-11-26 09:15:00,24236.35,24343.3,24236.35,24318.5125
2024-11-26 09:30:00,24324.975,24324.975,24258.1,24286.475
2024-11-26 09:45:00,24283.875,24283.875,24207.0,24235.3875
2024-11-26 10:00:00,24235.9,24261.85,24208.45,24228.8
2024-11-26 10:15:00,24222.45,24235.45,24160.05,24208.0375
2024-11-26 10:30:00,24218.325,24218.325,24175.75,24198.95
2024-11-26 10:45:00,24203.15,24236.75,24196.85,24214.3875
2024-11-26 11:00:00,24211.975,24238.8,24206.8,24219.0125
2024-11-26 11:15:00,24215.225,24215.225,24192.35,24205.6625
2024-11-26 11:30:00,24209.4,24236.8,24197.8,24216.175
2024-11-26 11:45:00,24215.05,24228.75,24195.3,24212.25
2024-11-26 12:00:00,24212.475,24212.475,24174.05,24190.925
2024-11-26 12:15:00,24194.125,24194.125,24138.7,24166.55
2024-11-26 12:30:00,24167.925,24167.925,24137.55,24152.7625
2024-11-26 12:45:00,24153.85,24185.5,24153.85,24169.75
2024-11-26 13:00:00,24167.675,24176.5,24148.9,24165.05
2024-11-26 13:15:00,24167.4,24185.75,24157.0,24166.0
2024-11-26 13:30:00,24160.625,24169.65,24125.4,24150.925
2024-11-26 13:45:00,24154.325,24197.3,24146.3,24172.2375
2024-11-26 14:00:00,24172.675,24203.15,24169.55,24187.675
2024-11-26 14:15:00,24189.0,24200.35,24179.6,24185.7875
2024-11-26 14:30:00,24181.6,24232.2,24178.0,24203.1125
2024-11-26 14:45:00,24201.125,24240.1,24201.125,24225.95
2024-11-26 15:00:00,24227.075,24233.3,24174.45,24210.175
2024-11-26 15:15:00,24216.475,24216.475,24183.25,24196.1875
2024-11-27 09:15:00,24198.3,24268.85,24153.75,24199.4375
2024-11-27 09:30:00,24187.575,24189.8,24145.65,24167.9875
2024-11-27 09:45:00,24168.25,24226.1,24166.35,24190.15
2024-11-27 10:00:00,24184.075,24207.0,24175.55,24196.8
2024-11-27 10:15:00,24202.325,24203.6,24171.35,24190.0125
2024-11-27 10:30:00,24192.55,24201.7,24176.75,24188.575
2024-11-27 10:45:00,24187.925,24197.25,24173.4,24190.325
2024-11-27 11:00:00,24195.325,24209.25,24192.35,24198.2875
2024-11-27 11:15:00,24195.775,24207.55,24190.15,24199.5125
2024-11-27 11:30:00,24200.175,24214.55,24198.95,24206.2
2024-11-27 11:45:00,24205.65,24207.05,24161.7,24192.0625
2024-11-27 12:00:00,24199.75,24218.85,24179.45,24197.2375
2024-11-27 12:15:00,24195.325,24269.1,24195.325,24228.9875
2024-11-27 12:30:00,24224.525,24304.85,24224.525,24274.025
2024-11-27 12:45:00,24270.375,24311.7,24270.375,24297.8625
2024-11-27 13:00:00,24297.9,24328.7,24297.9,24313.5375
2024-11-27 13:15:00,24313.35,24341.15,24313.35,24325.5875
2024-11-27 13:30:00,24322.25,24337.35,24299.5,24322.2375
2024-11-27 13:45:00,24326.05,24354.55,24303.1,24324.3625
2024-11-27 14:00:00,24319.9,24323.0,24285.6,24301.875
2024-11-27 14:15:00,24299.45,24310.5,24275.7,24294.725
2024-11-27 14:30:00,24296.35,24308.9,24283.8,24296.3375
2024-11-27 14:45:00,24296.325,24296.325,24278.6,24288.3
2024-11-27 15:00:00,24290.05,24293.05,24257.6,24279.375
2024-11-27 15:15:00,24283.425,24283.425,24267.1,24274.8
2024-11-28 09:15:00,24275.275,24323.05,24265.5,24285.0125
2024-11-28 09:30:00,24275.75,24282.0,24254.35,24271.9
2024-11-28 09:45:00,24275.625,24316.55,24267.8,24292.5
2024-11-28 10:00:00,24292.825,24345.75,24292.825,24323.2
2024-11-28 10:15:00,24319.25,24333.65,24296.95,24315.55
2024-11-28 10:30:00,24315.8,24315.8,24068.2,24200.95
2024-11-28 10:45:00,24215.1,24215.1,24054.55,24105.7875
2024-11-28 11:00:00,24119.9,24133.65,24078.1,24103.425
2024-11-28 11:15:00,24100.975,24100.975,24037.1,24068.1875
2024-11-28 11:30:00,24072.65,24072.65,24045.85,24059.125
2024-11-28 11:45:00,24059.2,24125.2,24052.65,24073.6
2024-11-28 12:00:00,24058.275,24086.5,24046.5,24067.075
2024-11-28 12:15:00,24067.65,24096.15,24064.15,24082.5
2024-11-28 12:30:00,24084.85,24092.6,23998.05,24052.975
2024-11-28 12:45:00,24060.625,24060.625,24001.3,24018.075
2024-11-28 13:00:00,24016.775,24016.775,23969.65,23989.05
2024-11-28 13:15:00,23990.425,24009.9,23964.45,23989.075
2024-11-28 13:30:00,23990.975,24012.3,23978.95,23993.2625
2024-11-28 13:45:00,23990.9,24053.75,23969.5,24012.4625
2024-11-28 14:00:00,24013.3,24074.85,23873.35,23988.675
2024-11-28 14:15:00,24003.25,24003.25,23900.4,23959.3125
2024-11-28 14:30:00,23968.125,24009.35,23914.95,23955.3
2024-11-28 14:45:00,23948.45,23948.45,23910.65,23922.475
2024-11-28 15:00:00,23917.575,23917.575,23884.2,23906.375
2024-11-28 15:15:00,23912.5,23959.45,23912.5,23936.4125
2024-11-29 09:15:00,23936.4,24030.75,23927.15,23978.5375
2024-11-29 09:30:00,23978.125,24049.35,23978.125,24017.75
2024-11-29 09:45:00,24015.325,24063.65,24001.05,24032.8
2024-11-29 10:00:00,24033.25,24072.15,23969.0,24018.175
2024-11-29 10:15:00,24015.775,24056.5,23962.85,24006.5875
2024-11-29 10:30:00,24003.5,24132.65,24003.5,24069.2625
2024-11-29 10:45:00,24059.3,24139.4,24059.3,24108.65
2024-11-29 11:00:00,24106.4,24144.45,24102.2,24124.95
2024-11-29 11:15:00,24126.575,24143.05,24107.9,24125.8875
2024-11-29 11:30:00,24126.3,24141.3,24088.65,24116.375
2024-11-29 11:45:00,24117.775,24117.775,24074.35,24093.4
2024-11-29 12:00:00,24092.425,24123.3,24078.5,24100.9
2024-11-29 12:15:00,24100.9,24123.75,24089.8,24110.825
2024-11-29 12:30:00,24114.875,24118.95,24093.75,24107.05
2024-11-29 12:45:00,24107.75,24126.1,24089.4,24111.8
2024-11-29 13:00:00,24115.85,24131.95,24100.9,24119.05
2024-11-29 13:15:00,24121.675,24153.15,24111.15,24130.1125
2024-11-29 13:30:00,24128.075,24157.45,24128.075,24143.7625
2024-11-29 13:45:00,24141.05,24150.15,24128.95,24142.55
2024-11-29 14:00:00,24145.55,24151.4,24105.15,24127.1125
2024-11-29 14:15:00,24125.95,24145.25,24096.25,24122.5125
2024-11-29 14:30:00,24124.275,24188.45,24124.275,24157.6375
2024-11-29 14:45:00,24152.1,24167.2,24131.9,24152.925
2024-11-29 15:00:00,24156.3,24162.95,24109.7,24137.1875
2024-11-29 15:15:00,24138.05,24144.8,24111.95,24126.925
2024-12-02 09:15:00,24125.475,24154.65,24008.65,24084.6875
2024-12-02 09:30:00,24087.725,24129.4,24030.95,24078.4875
2024-12-02 09:45:00,24076.8,24147.3,24076.8,24127.5125
2024-12-02 10:00:00,24127.85,24141.25,24079.75,24118.5625
2024-12-02 10:15:00,24126.625,24182.6,24117.7,24145.525
2024-12-02 10:30:00,24140.9,24171.8,24098.2,24139.0125
2024-12-02 10:45:00,24143.025,24143.025,24103.05,24117.325
2024-12-02 11:00:00,24116.75,24134.5,24111.8,24122.3625
2024-12-02 11:15:00,24121.575,24158.85,24121.575,24141.05
2024-12-02 11:30:00,24138.925,24157.0,24126.9,24146.725
2024-12-02 11:45:00,24151.5,24169.6,24122.9,24148.1125
2024-12-02 12:00:00,24149.975,24153.85,24132.85,24142.875
2024-12-02 12:15:00,24142.4,24187.6,24138.3,24163.3
2024-12-02 12:30:00,24163.65,24190.35,24156.85,24176.15
2024-12-02 12:45:00,24178.7,24187.4,24160.75,24176.525
2024-12-02 13:00:00,24178.975,24186.85,24153.1,24171.975
2024-12-02 13:15:00,24173.975,24173.975,24139.65,24155.7
2024-12-02 13:30:00,24154.775,24181.6,24145.8,24163.875
2024-12-02 13:45:00,24164.05,24230.15,24162.6,24199.825
2024-12-02 14:00:00,24203.275,24262.2,24203.275,24239.65
2024-12-02 14:15:00,24237.15,24275.1,24237.15,24258.4125
2024-12-02 14:30:00,24256.225,24301.35,24256.225,24280.0125
2024-12-02 14:45:00,24278.9,24301.7,24252.8,24278.075
2024-12-02 15:00:00,24278.9,24288.35,24257.0,24270.8625
2024-12-02 15:15:00,24269.05,24280.1,24259.0,24272.25
2024-12-03 09:15:00,24274.95,24377.9,24274.95,24332.025
2024-12-03 09:30:00,24333.775,24333.775,24280.0,24304.725
2024-12-03 09:45:00,24308.8,24338.05,24300.05,24323.4875
2024-12-03 10:00:00,24327.925,24348.4,24327.2,24337.625
2024-12-03 10:15:00,24337.45,24399.0,24335.3,24366.65
2024-12-03 10:30:00,24366.15,24415.4,24366.15,24401.125
2024-12-03 10:45:00,24401.45,24417.7,24394.9,24407.3875
2024-12-03 11:00:00,24408.475,24425.7,24408.2,24414.975
2024-12-03 11:15:00,24413.0,24439.15,24413.0,24424.375
2024-12-03 11:30:00,24421.55,24436.7,24414.55,24424.65
2024-12-03 11:45:00,24423.675,24439.7,24400.55,24425.0875
2024-12-03 12:00:00,24430.05,24445.8,24400.45,24426.3375
2024-12-03 12:15:00,24429.55,24429.55,24382.65,24407.9
2024-12-03 12:30:00,24410.575,24438.0,24398.95,24419.375
2024-12-03 12:45:00,24420.275,24442.15,24420.275,24432.475
2024-12-03 13:00:00,24432.875,24432.875,24409.75,24420.125
2024-12-03 13:15:00,24420.1,24428.65,24401.1,24415.675
2024-12-03 13:30:00,24416.475,24466.3,24416.475,24437.875
2024-12-03 13:45:00,24433.6,24469.25,24433.6,24455.325
2024-12-03 14:00:00,24453.675,24475.0,24452.4,24462.4875
2024-12-03 14:15:00,24461.275,24481.35,24460.75,24468.6125
2024-12-03 14:30:00,24466.175,24472.15,24439.85,24459.45
2024-12-03 14:45:00,24462.9,24468.1,24449.25,24457.1625
2024-12-03 15:00:00,24455.65,24474.75,24455.55,24461.8
2024-12-03 15:15:00,24458.45,24466.1,24432.75,24451.7875
2024-12-04 09:15:00,24454.15,24517.0,24446.85,24492.225
2024-12-04 09:30:00,24502.525,24562.2,24502.525,24537.7125
2024-12-04 09:45:00,24539.3,24565.0,24538.5,24552.45
2024-12-04 10:00:00,24553.15,24573.2,24536.1,24549.4125
2024-12-04 10:15:00,24544.175,24551.35,24508.75,24533.925
2024-12-04 10:30:00,24537.8,24551.15,24527.0,24535.275
2024-12-04 10:45:00,24531.475,24556.2,24515.85,24533.8625
2024-12-04 11:00:00,24531.7,24541.85,24521.95,24532.0375
2024-12-04 11:15:00,24532.175,24547.7,24521.4,24535.2625
2024-12-04 11:30:00,24535.975,24552.9,24535.975,24544.1875
2024-12-04 11:45:00,24542.225,24544.9,24366.3,24466.55
2024-12-04 12:00:00,24477.5,24482.6,24376.15,24431.2
2024-12-04 12:15:00,24433.025,24497.5,24433.025,24470.9625
2024-12-04 12:30:00,24472.55,24496.7,24432.1,24465.9125
2024-12-04 12:45:00,24467.425,24483.5,24437.95,24459.8375
2024-12-04 13:00:00,24458.95,24488.25,24458.95,24477.125
2024-12-04 13:15:00,24479.525,24491.9,24462.05,24479.9625
2024-12-04 13:30:00,24482.95,24530.25,24478.15,24500.4875
2024-12-04 13:45:00,24496.775,24534.95,24496.775,24520.7375
2024-12-04 14:00:00,24521.75,24541.85,24517.8,24530.8625
2024-12-04 14:15:00,24531.9,24536.3,24445.1,24495.475
2024-12-04 14:30:00,24500.25,24500.25,24435.25,24462.4125
2024-12-04 14:45:00,24469.775,24479.35,24417.25,24451.3875
2024-12-04 15:00:00,24454.475,24472.35,24427.0,24451.575
2024-12-04 15:15:00,24453.475,24482.4,24453.475,24467.075
2024-12-05 09:15:00,24464.725,24539.95,24464.725,24517.2375
2024-12-05 09:30:00,24526.475,24527.95,24449.5,24491.0
2024-12-05 09:45:00,24493.275,24493.275,24396.35,24444.0125
2024-12-05 10:00:00,24448.65,24448.65,24396.2,24414.3375
2024-12-05 10:15:00,24412.225,24428.8,24368.4,24401.1375
2024-12-05 10:30:00,24403.675,24417.75,24393.3,24408.1875
2024-12-05 10:45:00,24410.85,24441.75,24295.55,24371.4125
2024-12-05 11:00:00,24374.175,24376.85,24322.4,24349.6875
2024-12-05 11:15:00,24349.75,24368.3,24336.0,24357.0125
2024-12-05 11:30:00,24361.875,24361.875,24330.1,24349.525
2024-12-05 11:45:00,24354.55,24368.15,24342.0,24357.2125
2024-12-05 12:00:00,24359.35,24604.9,24359.35,24481.625
2024-12-05 12:15:00,24478.05,24648.6,24478.05,24608.65
2024-12-05 12:30:00,24598.9,24627.45,24580.25,24603.025
2024-12-05 12:45:00,24602.2,24606.45,24560.75,24589.9375
2024-12-05 13:00:00,24596.275,24638.7,24581.5,24611.5
2024-12-05 13:15:00,24612.9,24648.9,24570.75,24608.4875
2024-12-05 13:30:00,24607.15,24668.6,24579.6,24619.95
2024-12-05 13:45:00,24615.8,24677.2,24615.8,24655.0125
2024-12-05 14:00:00,24657.525,24762.7,24646.6,24702.6
2024-12-05 14:15:00,24700.55,24838.8,24700.55,24783.95
2024-12-05 14:30:00,24782.125,24857.75,24771.9,24818.725
2024-12-05 14:45:00,24822.625,24826.5,24495.05,24664.275
2024-12-05 15:00:00,24667.775,24752.05,24511.3,24634.6375
2024-12-05 15:15:00,24637.6,24759.9,24637.6,24726.4125
2024-12-06 09:15:00,24725.725,24742.9,24682.95,24715.2375
2024-12-06 09:30:00,24717.55,24726.9,24685.75,24710.9
2024-12-06 09:45:00,24715.475,24728.95,24666.5,24701.7375
2024-12-06 10:00:00,24705.75,24751.05,24625.25,24678.8
2024-12-06 10:15:00,24669.45,24734.7,24620.5,24681.5875
2024-12-06 10:30:00,24685.575,24728.35,24685.575,24715.4875
2024-12-06 10:45:00,24723.425,24725.25,24697.0,24714.95
2024-12-06 11:00:00,24718.775,24748.0,24702.15,24717.4375
2024-12-06 11:15:00,24709.8,24709.8,24667.95,24691.15
2024-12-06 11:30:00,24693.45,24693.5,24675.3,24683.8375
2024-12-06 11:45:00,24683.275,24706.9,24668.15,24692.425
2024-12-06 12:00:00,24697.325,24716.55,24696.5,24705.4375
2024-12-06 12:15:00,24704.35,24711.85,24681.7,24701.4875
2024-12-06 12:30:00,24706.2,24716.7,24702.6,24710.2125
2024-12-06 12:45:00,24710.775,24722.95,24704.7,24712.2125
2024-12-06 13:00:00,24710.6,24715.6,24697.2,24707.5625
2024-12-06 13:15:00,24708.725,24715.15,24681.65,24697.2375
2024-12-06 13:30:00,24696.075,24702.3,24669.3,24685.6
2024-12-06 13:45:00,24685.4,24699.0,24674.75,24686.175
2024-12-06 14:00:00,24685.475,24696.2,24676.35,24686.875
2024-12-06 14:15:00,24687.475,24699.05,24677.45,24686.5375
2024-12-06 14:30:00,24684.825,24689.65,24659.8,24676.575
2024-12-06 14:45:00,24678.425,24693.35,24671.15,24680.475
2024-12-06 15:00:00,24678.7,24695.4,24658.25,24679.2
2024-12-06 15:15:00,24681.575,24692.6,24661.55,24677.4125
2024-12-09 09:15:00,24677.75,24705.0,24621.85,24655.875
2024-12-09 09:30:00,24648.325,24687.35,24629.9,24656.425
2024-12-09 09:45:00,24654.225,24671.65,24609.65,24638.625
2024-12-09 10:00:00,24636.6,24636.6,24584.9,24607.0125
2024-12-09 10:15:00,24606.675,24619.2,24580.05,24599.2875
2024-12-09 10:30:00,24598.95,24620.55,24589.05,24606.525
2024-12-09 10:45:00,24608.25,24646.05,24600.55,24616.45
2024-12-09 11:00:00,24609.6,24637.0,24608.15,24624.05
2024-12-09 11:15:00,24625.525,24676.2,24625.525,24653.25
2024-12-09 11:30:00,24653.275,24687.75,24653.275,24677.1875
2024-12-09 11:45:00,24679.1,24689.4,24670.1,24681.0625
2024-12-09 12:00:00,24682.375,24682.375,24650.15,24666.8
2024-12-09 12:15:00,24668.2,24670.55,24652.85,24661.075
2024-12-09 12:30:00,24660.45,24661.85,24618.45,24643.1
2024-12-09 12:45:00,24646.05,24646.5,24623.25,24634.9875
2024-12-09 13:00:00,24635.1,24650.45,24620.25,24640.1375
2024-12-09 13:15:00,24644.925,24663.0,24633.5,24645.825
2024-12-09 13:30:00,24643.4,24645.05,24626.9,24637.3125
2024-12-09 13:45:00,24638.65,24645.0,24622.4,24634.0
2024-12-09 14:00:00,24634.3,24634.3,24606.1,24620.675
2024-12-09 14:15:00,24621.425,24621.425,24595.1,24607.6875
2024-12-09 14:30:00,24608.0,24628.8,24596.5,24612.325
2024-12-09 14:45:00,24612.0,24645.25,24612.0,24629.0875
2024-12-09 15:00:00,24626.575,24635.7,24604.9,24619.8625
2024-12-09 15:15:00,24619.425,24635.25,24607.8,24619.8125
2024-12-10 09:15:00,24618.1,24655.2,24593.25,24624.275
2024-12-10 09:30:00,24624.325,24650.35,24596.0,24621.7625
2024-12-10 09:45:00,24620.35,24674.25,24620.35,24656.0625
2024-12-10 10:00:00,24656.975,24677.8,24640.2,24661.15
2024-12-10 10:15:00,24663.3,24665.65,24637.2,24653.275
2024-12-10 10:30:00,24655.125,24656.45,24614.5,24637.625
2024-12-10 10:45:00,24639.775,24640.8,24623.75,24632.3625
2024-12-10 11:00:00,24632.45,24651.5,24627.05,24642.3625
2024-12-10 11:15:00,24645.45,24653.1,24640.8,24648.4875
2024-12-10 11:30:00,24650.025,24658.6,24645.05,24651.4875
2024-12-10 11:45:00,24651.15,24655.75,24623.05,24640.3875
2024-12-10 12:00:00,24641.375,24647.55,24618.85,24628.7625
2024-12-10 12:15:00,24624.325,24624.325,24568.55,24600.475
2024-12-10 12:30:00,24606.175,24606.175,24534.3,24568.925
2024-12-10 12:45:00,24573.625,24573.625,24547.45,24559.75
2024-12-10 13:00:00,24560.7,24576.9,24545.85,24559.9625
2024-12-10 13:15:00,24558.55,24558.55,24525.95,24544.175
2024-12-10 13:30:00,24547.25,24569.95,24530.85,24543.825
2024-12-10 13:45:00,24537.25,24541.25,24510.65,24530.6875
2024-12-10 14:00:00,24535.425,24549.2,24522.85,24537.85
2024-12-10 14:15:00,24539.675,24562.55,24527.3,24548.0625
2024-12-10 14:30:00,24551.2,24563.15,24524.8,24548.45
2024-12-10 14:45:00,24552.925,24565.0,24538.8,24550.125
2024-12-10 15:00:00,24548.35,24622.05,24548.35,24585.9625
2024-12-10 15:15:00,24583.775,24628.7,24583.775,24617.0375
2024-12-11 09:15:00,24616.475,24641.2,24597.6,24620.725
2024-12-11 09:30:00,24622.05,24649.0,24614.3,24625.825
2024-12-11 09:45:00,24620.0,24643.55,24583.85,24621.6875
2024-12-11 10:00:00,24629.675,24642.4,24613.55,24631.35
2024-12-11 10:15:00,24634.725,24666.65,24600.85,24637.5125
2024-12-11 10:30:00,24641.275,24672.6,24636.95,24657.1875
2024-12-11 10:45:00,24659.6,24677.0,24653.9,24662.875
2024-12-11 11:00:00,24660.3,24665.95,24648.5,24655.475
2024-12-11 11:15:00,24653.725,24666.25,24645.8,24655.9
2024-12-11 11:30:00,24655.775,24691.75,24651.2,24670.25
2024-12-11 11:45:00,24669.025,24685.0,24665.6,24675.925
2024-12-11 12:00:00,24676.55,24686.55,24658.05,24669.575
2024-12-11 12:15:00,24666.85,24672.15,24643.1,24657.475
2024-12-11 12:30:00,24657.325,24664.0,24626.1,24646.025
2024-12-11 12:45:00,24647.0,24647.0,24629.2,24637.775
2024-12-11 13:00:00,24637.975,24664.0,24634.55,24647.475
2024-12-11 13:15:00,24645.675,24665.9,24645.675,24656.775
2024-12-11 13:30:00,24656.875,24667.0,24643.5,24655.1625
2024-12-11 13:45:00,24655.075,24666.75,24644.15,24652.4375
2024-12-11 14:00:00,24649.425,24663.15,24644.45,24652.125
2024-12-11 14:15:00,24650.45,24654.15,24638.35,24647.3625
2024-12-11 14:30:00,24648.475,24657.95,24631.05,24641.9875
2024-12-11 14:45:00,24639.475,24639.475,24615.55,24631.6375
2024-12-11 15:00:00,24635.875,24654.75,24629.95,24642.8625
2024-12-11 15:15:00,24643.375,24651.35,24622.55,24638.1625
2024-12-12 09:15:00,24639.375,24661.5,24604.45,24630.9375
2024-12-12 09:30:00,24628.9,24675.25,24628.9,24656.6375
2024-12-12 09:45:00,24652.3,24655.5,24622.6,24641.0
2024-12-12 10:00:00,24642.95,24642.95,24613.95,24627.625
2024-12-12 10:15:00,24626.975,24628.15,24608.9,24617.8875
2024-12-12 10:30:00,24617.25,24626.15,24591.2,24611.1125
2024-12-12 10:45:00,24613.55,24622.65,24599.8,24608.9125
2024-12-12 11:00:00,24606.6,24612.45,24584.9,24600.6125
2024-12-12 11:15:00,24602.55,24611.2,24593.15,24602.9625
2024-12-12 11:30:00,24603.75,24606.6,24596.4,24601.575
2024-12-12 11:45:00,24601.65,24603.7,24583.75,24595.3375
2024-12-12 12:00:00,24596.95,24598.8,24555.75,24578.0125
2024-12-12 12:15:00,24578.75,24578.75,24551.65,24563.8875
2024-12-12 12:30:00,24566.575,24583.65,24566.575,24575.35
2024-12-12 12:45:00,24574.6,24583.55,24569.35,24577.4
2024-12-12 13:00:00,24578.35,24579.95,24567.2,24573.2875
2024-12-12 13:15:00,24573.0,24575.85,24548.85,24562.7625
2024-12-12 13:30:00,24563.175,24579.85,24543.05,24563.6625
2024-12-12 13:45:00,24565.875,24577.6,24547.3,24562.6875
2024-12-12 14:00:00,24562.925,24565.7,24548.45,24557.4125
2024-12-12 14:15:00,24557.75,24577.05,24554.5,24563.0875
2024-12-12 14:30:00,24560.4,24562.7,24549.2,24556.225
2024-12-12 14:45:00,24556.5,24557.0,24532.35,24546.1125
2024-12-12 15:00:00,24547.55,24558.9,24527.95,24544.5125
2024-12-12 15:15:00,24545.6,24561.3,24534.6,24546.5625
2024-12-13 09:15:00,24545.175,24545.175,24405.9,24461.075
2024-12-13 09:30:00,24458.8,24458.8,24380.0,24405.6375
2024-12-13 09:45:00,24408.275,24408.275,24365.8,24385.7625
2024-12-13 10:00:00,24389.475,24399.9,24343.7,24369.7875
2024-12-13 10:15:00,24367.775,24367.775,24245.35,24304.125
2024-12-13 10:30:00,24309.0,24309.0,24191.5,24238.8375
2024-12-13 10:45:00,24248.975,24273.0,24180.8,24236.875
2024-12-13 11:00:00,24246.85,24343.0,24236.6,24279.575
2024-12-13 11:15:00,24269.35,24341.35,24266.85,24296.7125
2024-12-13 11:30:00,24289.325,24376.2,24289.325,24333.5875
2024-12-13 11:45:00,24332.325,24552.8,24332.325,24455.0125
2024-12-13 12:00:00,24455.125,24598.8,24455.125,24552.4875
2024-12-13 12:15:00,24553.05,24615.55,24544.05,24576.1875
2024-12-13 12:30:00,24572.575,24587.15,24519.6,24555.2125
2024-12-13 12:45:00,24557.05,24635.05,24497.9,24574.1125
2024-12-13 13:00:00,24581.75,24688.2,24581.75,24647.775
2024-12-13 13:15:00,24637.8,24663.9,24574.8,24636.3125
2024-12-13 13:30:00,24653.275,24736.35,24645.95,24691.975
2024-12-13 13:45:00,24692.8,24757.9,24692.8,24731.4
2024-12-13 14:00:00,24730.0,24753.45,24713.9,24733.5625
2024-12-13 14:15:00,24733.45,24771.3,24722.0,24744.9875
2024-12-13 14:30:00,24743.325,24778.05,24715.0,24747.325
2024-12-13 14:45:00,24748.125,24748.85,24705.85,24734.65
2024-12-13 15:00:00,24741.95,24790.25,24735.9,24760.6125
2024-12-13 15:15:00,24758.15,24792.3,24758.15,24776.7
2024-12-16 09:15:00,24776.725,24781.25,24702.95,24735.1375
2024-12-16 09:30:00,24728.175,24748.15,24681.35,24719.775
2024-12-16 09:45:00,24724.8,24768.9,24724.8,24742.2375
2024-12-16 10:00:00,24737.425,24745.85,24710.8,24727.1375
2024-12-16 10:15:00,24725.95,24726.5,24659.0,24694.1375
2024-12-16 10:30:00,24695.525,24706.95,24654.25,24675.625
2024-12-16 10:45:00,24670.65,24691.9,24650.7,24668.3625
2024-12-16 11:00:00,24665.425,24676.45,24621.1,24644.65
2024-12-16 11:15:00,24640.525,24655.85,24608.9,24632.2125
2024-12-16 11:30:00,24632.05,24666.75,24628.05,24643.45
2024-12-16 11:45:00,24639.5,24663.4,24625.05,24639.875
2024-12-16 12:00:00,24635.525,24635.525,24603.85,24618.4
2024-12-16 12:15:00,24617.525,24631.5,24601.95,24613.2375
2024-12-16 12:30:00,24609.75,24653.05,24601.75,24629.3875
2024-12-16 12:45:00,24631.375,24659.0,24631.375,24646.525
2024-12-16 13:00:00,24646.3,24668.55,24643.25,24654.5625
2024-12-16 13:15:00,24653.225,24679.1,24634.7,24654.9375
2024-12-16 13:30:00,24652.975,24667.15,24637.2,24651.025
2024-12-16 13:45:00,24649.875,24665.8,24634.9,24654.1125
2024-12-16 14:00:00,24657.875,24686.6,24653.45,24664.675
2024-12-16 14:15:00,24659.325,24669.1,24647.05,24657.0125
2024-12-16 14:30:00,24655.95,24684.2,24651.55,24667.2125
2024-12-16 14:45:00,24666.55,24687.15,24666.55,24677.7
2024-12-16 15:00:00,24678.225,24698.1,24659.45,24674.075
2024-12-16 15:15:00,24669.375,24671.45,24647.5,24658.1375
2024-12-17 09:15:00,24656.8,24656.8,24567.45,24592.0625
2024-12-17 09:30:00,24588.35,24607.5,24553.85,24579.4875
2024-12-17 09:45:00,24578.3,24578.3,24512.75,24542.05
2024-12-17 10:00:00,24545.125,24545.125,24501.85,24519.05
2024-12-17 10:15:00,24522.3,24522.3,24420.5,24474.475
2024-12-17 10:30:00,24478.1,24478.1,24383.75,24429.8125
2024-12-17 10:45:00,24442.45,24493.15,24433.75,24465.1375
2024-12-17 11:00:00,24466.825,24500.1,24465.45,24479.725
2024-12-17 11:15:00,24476.675,24488.1,24415.4,24447.75
2024-12-17 11:30:00,24443.75,24443.75,24375.85,24405.75
2024-12-17 11:45:00,24407.1,24409.55,24379.55,24392.1
2024-12-17 12:00:00,24389.65,24406.85,24366.4,24384.0375
2024-12-17 12:15:00,24381.45,24431.7,24359.25,24399.6125
2024-12-17 12:30:00,24403.75,24460.05,24399.65,24421.9
2024-12-17 12:45:00,24413.95,24434.65,24384.55,24413.3375
2024-12-17 13:00:00,24417.075,24436.5,24369.25,24402.65
2024-12-17 13:15:00,24402.425,24402.425,24333.6,24354.1125
2024-12-17 13:30:00,24352.3,24381.95,24323.6,24349.6625
2024-12-17 13:45:00,24346.55,24380.4,24343.8,24363.7125
2024-12-17 14:00:00,24365.325,24388.3,24331.65,24357.3875
2024-12-17 14:15:00,24354.8,24354.8,24308.9,24328.6625
2024-12-17 14:30:00,24327.4,24333.3,24313.6,24323.9875
2024-12-17 14:45:00,24324.525,24343.1,24303.45,24327.3625
2024-12-17 15:00:00,24331.45,24362.45,24329.1,24338.7625
2024-12-17 15:15:00,24331.75,24343.45,24316.4,24328.6125
2024-12-18 09:15:00,24327.3,24356.0,24273.1,24307.0875
2024-12-18 09:30:00,24299.625,24384.7,24287.2,24338.9625
2024-12-18 09:45:00,24341.975,24394.45,24264.45,24327.3
2024-12-18 10:00:00,24325.15,24325.15,24231.8,24255.375
2024-12-18 10:15:00,24252.65,24274.25,24226.85,24248.825
2024-12-18 10:30:00,24247.1,24305.9,24247.1,24279.9
2024-12-18 10:45:00,24279.325,24313.55,24222.5,24266.2
2024-12-18 11:00:00,24264.375,24264.375,24206.15,24222.25
2024-12-18 11:15:00,24221.2,24256.3,24206.65,24231.675
2024-12-18 11:30:00,24231.875,24267.25,24230.15,24243.7625
2024-12-18 11:45:00,24238.825,24240.15,24218.2,24231.725
2024-12-18 12:00:00,24234.275,24244.8,24210.85,24228.375
2024-12-18 12:15:00,24228.925,24235.55,24193.45,24214.0125
2024-12-18 12:30:00,24213.525,24213.525,24159.85,24186.7875
2024-12-18 12:45:00,24187.775,24193.95,24149.85,24176.1375
2024-12-18 13:00:00,24180.375,24252.35,24180.375,24212.025
2024-12-18 13:15:00,24206.4,24235.65,24206.4,24218.725
2024-12-18 13:30:00,24216.1,24216.1,24176.1,24195.125
2024-12-18 13:45:00,24194.725,24209.95,24168.05,24191.45
2024-12-18 14:00:00,24193.9,24222.4,24189.55,24204.3
2024-12-18 14:15:00,24202.625,24210.8,24177.15,24190.55
2024-12-18 14:30:00,24187.125,24187.125,24166.7,24178.5875
2024-12-18 14:45:00,24181.075,24201.3,24172.1,24183.3875
2024-12-18 15:00:00,24180.075,24204.4,24175.65,24186.8125
2024-12-18 15:15:00,24183.6,24215.3,24183.6,24201.8375
2024-12-19 09:15:00,24201.85,24201.85,23870.3,23908.475
2024-12-19 09:30:00,23881.425,23999.6,23881.425,23938.45
2024-12-19 09:45:00,23936.175,24004.4,23935.0,23971.9125
2024-12-19 10:00:00,23974.125,23974.125,23919.15,23945.95
2024-12-19 10:15:00,23945.925,23964.05,23917.4,23943.0625
2024-12-19 10:30:00,23945.4,23969.5,23945.4,23961.0625
2024-12-19 10:45:00,23961.95,23965.0,23939.45,23952.7375
2024-12-19 11:00:00,23953.25,23953.35,23932.85,23943.75
2024-12-19 11:15:00,23944.4,23961.8,23941.5,23949.1
2024-12-19 11:30:00,23946.55,24004.9,23945.25,23967.6
2024-12-19 11:45:00,23960.125,23982.8,23957.0,23968.4125
2024-12-19 12:00:00,23966.925,23991.25,23956.2,23975.375
2024-12-19 12:15:00,23977.025,23993.0,23971.45,23983.525
2024-12-19 12:30:00,23984.825,23984.825,23959.6,23971.4125
2024-12-19 12:45:00,23971.275,23971.275,23950.05,23958.9125
2024-12-19 13:00:00,23960.6,23973.5,23956.05,23963.6625
2024-12-19 13:15:00,23962.55,23966.3,23936.3,23955.0375
2024-12-19 13:30:00,23958.775,23964.45,23944.3,23952.4875
2024-12-19 13:45:00,23950.6,23959.9,23944.1,23952.475
2024-12-19 14:00:00,23952.95,23976.2,23952.45,23961.9
2024-12-19 14:15:00,23959.475,23967.15,23938.8,23954.4875
2024-12-19 14:30:00,23956.0,23959.9,23943.2,23951.075
2024-12-19 14:45:00,23950.6,23961.9,23941.15,23949.9
2024-12-19 15:00:00,23948.275,23963.8,23943.25,23949.2375
2024-12-19 15:15:00,23944.95,23964.85,23934.35,23951.95
2024-12-20 09:15:00,23954.3,23990.85,23887.9,23938.1125
2024-12-20 09:30:00,23936.85,24065.8,23904.1,23982.2875
2024-12-20 09:45:00,23979.625,24051.85,23826.65,23943.675
2024-12-20 10:00:00,23948.1,23948.1,23807.3,23841.475
2024-12-20 10:15:00,23847.4,23960.8,23835.15,23885.4875
2024-12-20 10:30:00,23873.0,23962.9,23873.0,23923.9625
2024-12-20 10:45:00,23917.25,23993.9,23909.95,23948.9125
2024-12-20 11:00:00,23945.9,23976.3,23945.35,23959.075
2024-12-20 11:15:00,23957.325,23961.3,23901.35,23933.6125
2024-12-20 11:30:00,23935.9,23935.9,23892.3,23911.25
2024-12-20 11:45:00,23913.15,23943.65,23908.5,23926.5125
2024-12-20 12:00:00,23926.95,23945.25,23888.2,23915.6
2024-12-20 12:15:00,23914.475,23914.475,23820.35,23859.9375
2024-12-20 12:30:00,23865.1,23865.1,23796.35,23825.125
2024-12-20 12:45:00,23821.55,23821.55,23746.55,23779.325
2024-12-20 13:00:00,23778.725,23778.725,23719.35,23743.2625
2024-12-20 13:15:00,23741.35,23757.75,23711.75,23736.4
2024-12-20 13:30:00,23738.05,23767.7,23702.75,23734.0
2024-12-20 13:45:00,23732.775,23732.775,23695.65,23716.4375
2024-12-20 14:00:00,23720.55,23723.05,23676.2,23702.175
2024-12-20 14:15:00,23704.725,23725.2,23678.75,23700.05
2024-12-20 14:30:00,23698.125,23711.15,23674.3,23696.875
2024-12-20 14:45:00,23701.025,23701.025,23633.8,23664.4875
2024-12-20 15:00:00,23664.075,23664.075,23537.35,23586.4
2024-12-20 15:15:00,23586.375,23632.3,23538.4,23585.2125
2024-12-23 09:15:00,23585.075,23806.5,23585.075,23752.5875
2024-12-23 09:30:00,23740.95,23792.55,23701.6,23745.9375
2024-12-23 09:45:00,23744.8,23779.15,23702.95,23739.3
2024-12-23 10:00:00,23737.55,23802.55,23713.2,23753.5875
2024-12-23 10:15:00,23749.3,23779.15,23727.75,23760.4125
2024-12-23 10:30:00,23767.375,23791.8,23749.95,23766.6375
2024-12-23 10:45:00,23762.4,23827.1,23757.6,23793.5125
2024-12-23 11:00:00,23794.675,23850.65,23794.675,23832.7875
2024-12-23 11:15:00,23829.85,23864.95,23829.85,23848.8875
2024-12-23 11:30:00,23848.4,23869.55,23831.35,23853.7125
2024-12-23 11:45:00,23856.975,23860.9,23805.45,23831.45
2024-12-23 12:00:00,23829.725,23829.725,23746.6,23785.7625
2024-12-23 12:15:00,23788.475,23788.475,23738.45,23759.1375
2024-12-23 12:30:00,23757.1,23757.1,23714.5,23735.3
2024-12-23 12:45:00,23740.75,23742.05,23683.2,23712.025
2024-12-23 13:00:00,23711.425,23723.2,23674.15,23691.1375
2024-12-23 13:15:00,23683.6,23704.1,23657.5,23677.2625
2024-12-23 13:30:00,23673.725,23707.15,23647.2,23681.475
2024-12-23 13:45:00,23685.775,23712.95,23678.2,23693.6125
2024-12-23 14:00:00,23691.65,23701.3,23660.2,23684.675
2024-12-23 14:15:00,23688.6,23747.85,23688.6,23720.9625
2024-12-23 14:30:00,23721.075,23770.7,23721.075,23748.2
2024-12-23 14:45:00,23742.425,23754.3,23728.3,23740.1375
2024-12-23 15:00:00,23738.975,23764.5,23728.6,23747.7625
2024-12-23 15:15:00,23748.975,23770.0,23743.9,23755.6875
2024-12-24 09:15:00,23754.425,23798.1,23746.1,23769.55
2024-12-24 09:30:00,23767.0,23768.15,23709.65,23745.7
2024-12-24 09:45:00,23752.5,23797.9,23734.35,23767.4125
2024-12-24 10:00:00,23768.7,23822.15,23768.7,23805.675
2024-12-24 10:15:00,23801.35,23855.4,23800.35,23828.375
2024-12-24 10:30:00,23828.875,23867.65,23821.8,23842.5625
2024-12-24 10:45:00,23840.4,23840.4,23813.35,23824.975
2024-12-24 11:00:00,23825.575,23843.05,23822.95,23829.2875
2024-12-24 11:15:00,23825.575,23849.25,23825.575,23834.4
2024-12-24 11:30:00,23830.65,23837.35,23813.75,23827.4125
2024-12-24 11:45:00,23829.275,23833.3,23813.6,23823.35
2024-12-24 12:00:00,23823.25,23823.25,23788.9,23806.225
2024-12-24 12:15:00,23807.325,23807.325,23764.1,23783.1625
2024-12-24 12:30:00,23787.375,23807.65,23774.9,23791.8
2024-12-24 12:45:00,23792.325,23819.15,23784.95,23800.3
2024-12-24 13:00:00,23798.55,23798.55,23776.35,23788.375
2024-12-24 13:15:00,23789.5,23800.75,23777.7,23786.25
2024-12-24 13:30:00,23783.275,23789.55,23746.35,23767.9
2024-12-24 13:45:00,23767.85,23767.85,23739.8,23751.5
2024-12-24 14:00:00,23752.55,23767.3,23729.2,23752.7
2024-12-24 14:15:00,23757.15,23763.35,23714.7,23745.0
2024-12-24 14:30:00,23750.975,23750.975,23721.25,23736.15
2024-12-24 14:45:00,23736.55,23744.15,23717.9,23733.775
2024-12-24 15:00:00,23736.525,23739.6,23714.4,23727.6375
2024-12-24 15:15:00,23728.275,23749.35,23685.15,23720.9125
2024-12-26 09:15:00,23724.575,23854.5,23724.575,23807.5625
2024-12-26 09:30:00,23801.075,23839.1,23796.95,23817.15
2024-12-26 09:45:00,23816.275,23816.275,23790.1,23802.6875
2024-12-26 10:00:00,23804.15,23804.15,23729.05,23771.225
2024-12-26 10:15:00,23775.925,23775.925,23730.7,23745.2875
2024-12-26 10:30:00,23740.2,23752.8,23723.75,23737.0875
2024-12-26 10:45:00,23735.9,23740.05,23701.05,23726.925
2024-12-26 11:00:00,23733.3,23761.45,23727.0,23743.85
2024-12-26 11:15:00,23743.475,23763.65,23735.8,23754.6875
2024-12-26 11:30:00,23759.65,23770.75,23744.15,23757.0
2024-12-26 11:45:00,23756.55,23771.25,23750.95,23761.5625
2024-12-26 12:00:00,23762.025,23775.85,23729.35,23752.2625
2024-12-26 12:15:00,23751.925,23751.925,23730.65,23740.4375
2024-12-26 12:30:00,23740.675,23749.65,23733.75,23743.95
2024-12-26 12:45:00,23746.2,23753.5,23740.2,23746.5375
2024-12-26 13:00:00,23746.225,23753.8,23740.85,23747.7
2024-12-26 13:15:00,23748.075,23754.9,23745.45,23750.0125
2024-12-26 13:30:00,23749.85,23764.7,23653.6,23730.7
2024-12-26 13:45:00,23752.25,23774.45,23721.05,23747.5125
2024-12-26 14:00:00,23747.275,23754.45,23735.05,23743.7625
2024-12-26 14:15:00,23742.775,23752.65,23739.25,23746.0
2024-12-26 14:30:00,23746.05,23757.0,23737.05,23748.1
2024-12-26 14:45:00,23749.175,23762.9,23746.85,23753.0875
2024-12-26 15:00:00,23751.3,23762.9,23739.8,23752.45
2024-12-26 15:15:00,23753.55,23769.75,23738.95,23755.725
2024-12-27 09:15:00,23757.1,23857.8,23757.1,23828.975
2024-12-27 09:30:00,23828.75,23863.85,23825.1,23851.6125
2024-12-27 09:45:00,23858.75,23923.7,23858.75,23891.2375
2024-12-27 10:00:00,23890.2,23931.9,23890.2,23920.9625
2024-12-27 10:15:00,23922.0,23938.85,23907.3,23920.4625
2024-12-27 10:30:00,23917.85,23937.3,23906.95,23917.0625
2024-12-27 10:45:00,23912.0,23914.7,23892.75,23905.1125
2024-12-27 11:00:00,23906.5,23907.6,23884.5,23898.7125
2024-12-27 11:15:00,23901.375,23907.1,23862.05,23889.5875
2024-12-27 11:30:00,23894.6,23894.6,23859.15,23875.1375
2024-12-27 11:45:00,23877.225,23877.225,23854.3,23864.15
2024-12-27 12:00:00,23864.95,23864.95,23843.3,23852.4
2024-12-27 12:15:00,23851.85,23851.85,23829.5,23839.925
2024-12-27 12:30:00,23841.725,23855.0,23831.05,23843.1875
2024-12-27 12:45:00,23843.35,23856.2,23832.5,23843.85
2024-12-27 13:00:00,23843.35,23874.2,23828.2,23848.35
2024-12-27 13:15:00,23845.5,23855.45,23834.55,23847.775
2024-12-27 13:30:00,23850.55,23860.25,23837.85,23848.1875
2024-12-27 13:45:00,23847.325,23862.55,23842.1,23852.8875
2024-12-27 14:00:00,23853.45,23868.45,23839.55,23851.8125
2024-12-27 14:15:00,23849.625,23849.625,23831.1,23840.725
2024-12-27 14:30:00,23841.65,23845.3,23830.85,23839.95
2024-12-27 14:45:00,23841.825,23848.95,23802.25,23825.3875
2024-12-27 15:00:00,23825.175,23825.175,23801.9,23810.5125
2024-12-27 15:15:00,23807.675,23841.1,23803.8,23821.25
2024-12-30 09:15:00,23820.05,23820.05,23757.2,23782.825
2024-12-30 09:30:00,23777.65,23777.65,23709.1,23739.9875
2024-12-30 09:45:00,23740.375,23781.05,23719.85,23740.975
2024-12-30 10:00:00,23731.5,23785.4,23731.5,23760.4875
2024-12-30 10:15:00,23759.125,23796.3,23759.125,23781.9625
2024-12-30 10:30:00,23784.825,23804.2,23784.825,23795.025
2024-12-30 10:45:00,23795.3,23844.4,23795.3,23812.425
2024-12-30 11:00:00,23802.55,23806.9,23774.25,23793.1125
2024-12-30 11:15:00,23795.65,23840.75,23781.95,23812.2625
2024-12-30 11:30:00,23813.175,23876.4,23813.175,23857.1125
2024-12-30 11:45:00,23856.7,23915.35,23856.7,23886.85
2024-12-30 12:00:00,23885.25,23899.9,23867.5,23885.8625
2024-12-30 12:15:00,23888.025,23888.025,23790.7,23838.175
2024-12-30 12:30:00,23838.2,23838.2,23748.25,23789.4375
2024-12-30 12:45:00,23799.375,23821.95,23776.25,23799.7875
2024-12-30 13:00:00,23800.475,23800.475,23758.4,23780.775
2024-12-30 13:15:00,23783.875,23790.0,23721.8,23752.5875
2024-12-30 13:30:00,23749.275,23749.275,23677.75,23707.575
2024-12-30 13:45:00,23709.525,23709.525,23640.65,23672.4125
2024-12-30 14:00:00,23678.675,23678.675,23630.6,23651.0875
2024-12-30 14:15:00,23652.825,23658.35,23618.9,23636.725
2024-12-30 14:30:00,23634.825,23674.5,23629.85,23649.7125
2024-12-30 14:45:00,23647.25,23707.5,23647.25,23682.7375
2024-12-30 15:00:00,23682.925,23709.65,23599.3,23656.7
2024-12-30 15:15:00,23658.925,23680.3,23616.7,23643.2375
2024-12-31 09:15:00,23637.975,23637.975,23527.85,23552.4125
2024-12-31 09:30:00,23550.4,23584.5,23509.7,23539.7125
2024-12-31 09:45:00,23532.325,23536.65,23498.5,23522.5
2024-12-31 10:00:00,23527.425,23541.7,23460.45,23500.65
2024-12-31 10:15:00,23500.225,23555.45,23470.45,23500.9875
2024-12-31 10:30:00,23489.025,23546.05,23489.025,23525.1
2024-12-31 10:45:00,23525.1,23596.5,23518.9,23557.975
2024-12-31 11:00:00,23558.25,23609.55,23555.4,23586.6375
2024-12-31 11:15:00,23590.8,23611.95,23583.75,23600.25
2024-12-31 11:30:00,23602.65,23614.9,23568.15,23598.0375
2024-12-31 11:45:00,23604.55,23616.95,23578.4,23601.275
2024-12-31 12:00:00,23604.875,23605.55,23565.75,23589.175
2024-12-31 12:15:00,23592.7,23618.15,23586.2,23600.725
2024-12-31 12:30:00,23599.275,23624.75,23593.95,23606.3625
2024-12-31 12:45:00,23603.375,23604.7,23577.45,23590.6
2024-12-31 13:00:00,23590.125,23600.15,23578.1,23588.8
2024-12-31 13:15:00,23588.475,23626.45,23581.8,23606.025
2024-12-31 13:30:00,23607.925,23666.05,23607.925,23634.8375
2024-12-31 13:45:00,23630.825,23653.65,23630.825,23642.9875
2024-12-31 14:00:00,23642.375,23689.85,23640.7,23664.15
2024-12-31 14:15:00,23663.025,23683.8,23622.1,23656.2125
2024-12-31 14:30:00,23659.475,23659.475,23623.65,23641.55
2024-12-31 14:45:00,23644.4,23665.65,23641.1,23655.025
2024-12-31 15:00:00,23656.675,23665.55,23625.65,23651.125
2024-12-31 15:15:00,23656.65,23669.4,23637.6,23655.9875
2025-01-01 09:15:00,23658.475,23683.6,23607.05,23642.2875
2025-01-01 09:30:00,23639.25,23650.05,23598.4,23624.95
2025-01-01 09:45:00,23625.675,23625.675,23562.8,23593.3875
2025-01-01 10:00:00,23600.7,23648.25,23576.55,23611.525
2025-01-01 10:15:00,23610.65,23655.15,23610.65,23638.6625
2025-01-01 10:30:00,23641.6,23676.55,23638.75,23655.9125
2025-01-01 10:45:00,23654.175,23749.9,23654.175,23699.9625
2025-01-01 11:00:00,23697.475,23761.5,23697.475,23746.3875
2025-01-01 11:15:00,23746.65,23778.85,23722.25,23749.5625
2025-01-01 11:30:00,23748.575,23749.1,23693.75,23727.2
2025-01-01 11:45:00,23732.975,23735.95,23678.35,23707.5
2025-01-01 12:00:00,23707.85,23718.95,23688.65,23703.2375
2025-01-01 12:15:00,23702.675,23769.8,23702.675,23735.975
2025-01-01 12:30:00,23731.475,23772.95,23731.475,23757.7
2025-01-01 12:45:00,23754.55,23773.0,23732.4,23749.9125
2025-01-01 13:00:00,23747.125,23747.125,23718.7,23730.5875
2025-01-01 13:15:00,23730.6,23747.35,23726.35,23736.3
2025-01-01 13:30:00,23735.75,23752.4,23725.3,23742.8
2025-01-01 13:45:00,23746.75,23785.95,23746.25,23766.9375
2025-01-01 14:00:00,23767.775,23822.8,23767.775,23795.425
2025-01-01 14:15:00,23787.675,23791.85,23770.95,23783.0
2025-01-01 14:30:00,23784.6,23797.65,23764.6,23777.4125
2025-01-01 14:45:00,23773.7,23773.7,23734.75,23752.9125
2025-01-01 15:00:00,23754.15,23754.15,23721.45,23737.85
2025-01-01 15:15:00,23740.75,23769.8,23733.4,23750.4125
2025-01-02 09:15:00,23749.225,23812.15,23749.225,23778.9375
2025-01-02 09:30:00,23774.6,23842.05,23751.55,23795.15
2025-01-02 09:45:00,23793.5,23868.5,23791.8,23830.0125
2025-01-02 10:00:00,23829.875,23877.35,23829.3,23843.7
2025-01-02 10:15:00,23834.075,23889.6,23830.6,23857.925
2025-01-02 10:30:00,23855.75,23898.55,23855.6,23879.2125
2025-01-02 10:45:00,23881.35,23939.0,23878.05,23908.5125
2025-01-02 11:00:00,23908.5,23963.5,23908.5,23940.2125
2025-01-02 11:15:00,23937.8,23969.15,23927.05,23951.8
2025-01-02 11:30:00,23955.5,23974.15,23944.6,23960.9125
2025-01-02 11:45:00,23962.45,23962.45,23916.25,23942.675
2025-01-02 12:00:00,23947.65,23966.8,23933.9,23944.7125
2025-01-02 12:15:00,23939.075,24025.65,23927.35,23977.375
2025-01-02 12:30:00,23978.25,24071.35,23978.25,24038.575
2025-01-02 12:45:00,24034.375,24072.5,24034.375,24054.5375
2025-01-02 13:00:00,24054.7,24091.2,24043.45,24068.7625
2025-01-02 13:15:00,24070.2,24129.75,24070.2,24099.175
2025-01-02 13:30:00,24092.6,24151.9,24084.1,24120.7625
2025-01-02 13:45:00,24123.525,24151.3,24121.3,24135.4875
2025-01-02 14:00:00,24134.675,24153.15,24117.95,24134.8
2025-01-02 14:15:00,24134.05,24186.6,24134.05,24158.325
2025-01-02 14:30:00,24150.925,24190.2,24150.925,24169.95
2025-01-02 14:45:00,24167.125,24226.7,24167.125,24196.3125
2025-01-02 15:00:00,24192.65,24210.5,24165.75,24192.9125
2025-01-02 15:15:00,24197.7,24197.7,24164.9,24178.2125
2025-01-03 09:15:00,24176.725,24196.45,24126.8,24163.2375
2025-01-03 09:30:00,24164.85,24164.85,24080.3,24109.45
2025-01-03 09:45:00,24107.775,24107.775,24051.5,24073.075
2025-01-03 10:00:00,24069.9,24111.35,24032.15,24060.9
2025-01-03 10:15:00,24050.05,24075.7,24037.0,24050.5375
2025-01-03 10:30:00,24044.725,24047.95,24006.75,24032.1125
2025-01-03 10:45:00,24036.875,24036.875,24000.25,24018.8125
2025-01-03 11:00:00,24019.575,24061.6,24008.0,24034.425
2025-01-03 11:15:00,24034.05,24149.9,24034.05,24093.0375
2025-01-03 11:30:00,24085.4,24132.25,24085.4,24116.1125
2025-01-03 11:45:00,24120.725,24137.55,24107.55,24127.3375
2025-01-03 12:00:00,24132.125,24139.95,24093.65,24120.95
2025-01-03 12:15:00,24125.1,24125.1,24058.4,24086.925
2025-01-03 12:30:00,24087.1,24087.8,24052.25,24069.2125
2025-01-03 12:45:00,24068.4,24087.2,24063.35,24077.7
2025-01-03 13:00:00,24080.125,24121.6,24078.35,24095.2125
2025-01-03 13:15:00,24090.45,24112.55,24082.3,24097.8875
2025-01-03 13:30:00,24098.35,24106.5,24076.5,24090.775
2025-01-03 13:45:00,24090.05,24090.05,24038.55,24061.2625
2025-01-03 14:00:00,24061.65,24061.65,24021.2,24035.9625
2025-01-03 14:15:00,24036.425,24047.9,24018.55,24035.675
2025-01-03 14:30:00,24038.125,24051.7,24020.0,24038.1375
2025-01-03 14:45:00,24040.425,24053.5,24029.0,24037.95
2025-01-03 15:00:00,24034.65,24035.2,23976.0,24013.025
2025-01-03 15:15:00,24020.45,24021.8,23976.75,23999.2125
2025-01-06 09:15:00,23999.15,24089.95,23999.15,24047.075
2025-01-06 09:30:00,24040.975,24071.5,23947.75,24000.6625
2025-01-06 09:45:00,23991.7,23991.7,23911.45,23942.1625
2025-01-06 10:00:00,23944.775,24030.4,23942.25,23985.15
2025-01-06 10:15:00,23983.975,24054.3,23966.75,24003.0
2025-01-06 10:30:00,23995.475,23995.475,23880.15,23924.225
2025-01-06 10:45:00,23924.925,23924.925,23820.0,23854.2
2025-01-06 11:00:00,23856.95,23856.95,23726.6,23785.0375
2025-01-06 11:15:00,23788.075,23788.075,23716.8,23757.5
2025-01-06 11:30:00,23763.325,23800.35,23708.85,23750.2
2025-01-06 11:45:00,23745.8,23745.8,23601.5,23656.8125
2025-01-06 12:00:00,23658.3,23727.6,23609.9,23666.8
2025-01-06 12:15:00,23664.85,23731.0,23664.85,23702.1125
2025-01-06 12:30:00,23699.2,23768.75,23679.2,23716.9125
2025-01-06 12:45:00,23709.85,23770.45,23709.85,23752.075
2025-01-06 13:00:00,23755.1,23779.15,23704.35,23741.5875
2025-01-06 13:15:00,23741.425,23741.425,23661.9,23690.2
2025-01-06 13:30:00,23692.15,23692.15,23619.15,23654.1625
2025-01-06 13:45:00,23660.425,23661.15,23602.6,23636.2125
2025-01-06 14:00:00,23640.55,23665.95,23620.4,23635.9875
2025-01-06 14:15:00,23628.8,23660.2,23613.05,23628.075
2025-01-06 14:30:00,23619.525,23620.35,23551.9,23590.175
2025-01-06 14:45:00,23594.225,23644.05,23572.35,23608.5375
2025-01-06 15:00:00,23608.875,23653.8,23580.85,23616.1125
2025-01-06 15:15:00,23614.9,23636.95,23580.15,23608.4625
2025-01-07 09:15:00,23608.375,23776.25,23608.375,23723.1625
2025-01-07 09:30:00,23718.275,23795.2,23718.275,23769.85
2025-01-07 09:45:00,23772.25,23784.45,23663.3,23727.4375
2025-01-07 10:00:00,23731.0,23745.9,23637.8,23702.025
2025-01-07 10:15:00,23712.2,23768.05,23712.2,23748.45
2025-01-07 10:30:00,23754.125,23760.85,23723.55,23746.4375
2025-01-07 10:45:00,23750.675,23766.8,23708.1,23735.6
2025-01-07 11:00:00,23733.75,23749.85,23713.15,23730.0125
2025-01-07 11:15:00,23728.525,23756.9,23718.05,23738.9125
2025-01-07 11:30:00,23740.35,23770.5,23740.35,23751.125
2025-01-07 11:45:00,23746.725,23761.55,23736.05,23745.25
2025-01-07 12:00:00,23741.7,23743.8,23712.95,23728.875
2025-01-07 12:15:00,23729.375,23731.1,23708.5,23720.1375
2025-01-07 12:30:00,23720.475,23735.8,23717.6,23726.3875
2025-01-07 12:45:00,23726.075,23742.7,23719.85,23730.2875
2025-01-07 13:00:00,23729.3,23738.6,23718.95,23728.0
2025-01-07 13:15:00,23727.225,23733.65,23713.75,23726.4625
2025-01-07 13:30:00,23729.225,23761.95,23728.0,23737.45
2025-01-07 13:45:00,23729.925,23743.25,23686.9,23712.425
2025-01-07 14:00:00,23709.775,23728.25,23687.8,23706.425
2025-01-07 14:15:00,23704.825,23733.7,23704.825,23717.5375
2025-01-07 14:30:00,23715.45,23715.45,23692.4,23702.775
2025-01-07 14:45:00,23703.325,23728.6,23684.35,23707.6125
2025-01-07 15:00:00,23708.75,23737.0,23697.7,23715.5625
2025-01-07 15:15:00,23713.775,23713.775,23686.8,23699.35
2025-01-08 09:15:00,23699.275,23751.85,23632.35,23692.3875
2025-01-08 09:30:00,23692.675,23697.45,23626.7,23653.0375
2025-01-08 09:45:00,23644.0,23691.15,23622.2,23658.375
2025-01-08 10:00:00,23660.075,23685.0,23643.55,23666.975
2025-01-08 10:15:00,23669.675,23684.25,23578.6,23635.35
2025-01-08 10:30:00,23639.275,23639.275,23553.65,23582.2125
2025-01-08 10:45:00,23580.55,23583.25,23551.45,23565.9375
2025-01-08 11:00:00,23564.525,23588.8,23560.15,23574.45
2025-01-08 11:15:00,23574.425,23586.1,23535.35,23568.5875
2025-01-08 11:30:00,23576.45,23603.7,23569.1,23581.5375
2025-01-08 11:45:00,23576.675,23576.675,23547.15,23561.2875
2025-01-08 12:00:00,23562.6,23562.6,23525.45,23539.5875
2025-01-08 12:15:00,23539.5,23559.2,23523.65,23535.6
2025-01-08 12:30:00,23529.775,23537.05,23496.15,23524.7375
2025-01-08 12:45:00,23532.875,23556.6,23517.3,23538.6125
2025-01-08 13:00:00,23540.275,23550.85,23526.3,23539.825
2025-01-08 13:15:00,23541.075,23584.0,23522.05,23552.1625
2025-01-08 13:30:00,23551.3,23636.75,23551.3,23600.1375
2025-01-08 13:45:00,23598.325,23672.25,23598.325,23647.925
2025-01-08 14:00:00,23648.3,23701.75,23638.65,23675.7875
2025-01-08 14:15:00,23681.375,23727.5,23656.4,23685.15
2025-01-08 14:30:00,23678.35,23699.75,23645.05,23675.2375
2025-01-08 14:45:00,23678.075,23718.65,23674.15,23691.325
2025-01-08 15:00:00,23686.25,23707.1,23655.25,23687.0
2025-01-08 15:15:00,23692.825,23706.7,23674.2,23690.0125
2025-01-09 09:15:00,23689.575,23689.575,23600.8,23644.85
2025-01-09 09:30:00,23644.55,23644.55,23593.95,23611.6125
2025-01-09 09:45:00,23610.775,23636.8,23595.75,23618.05
2025-01-09 10:00:00,23619.825,23642.45,23597.2,23627.7625
2025-01-09 10:15:00,23635.7,23652.85,23627.7,23637.5125
2025-01-09 10:30:00,23634.75,23638.45,23611.1,23624.575
2025-01-09 10:45:00,23624.375,23624.375,23538.4,23580.7875
2025-01-09 11:00:00,23581.625,23581.625,23537.95,23552.1625
2025-01-09 11:15:00,23553.325,23573.8,23553.325,23562.5125
2025-01-09 11:30:00,23561.125,23573.0,23545.1,23557.9625
2025-01-09 11:45:00,23556.875,23558.0,23537.25,23550.2875
2025-01-09 12:00:00,23552.95,23565.05,23543.55,23555.6875
2025-01-09 12:15:00,23557.075,23616.7,23551.05,23570.025
2025-01-09 12:30:00,23556.175,23567.65,23539.6,23553.475
2025-01-09 12:45:00,23553.325,23560.4,23524.2,23544.25
2025-01-09 13:00:00,23546.2,23552.8,23533.1,23542.0375
2025-01-09 13:15:00,23541.125,23552.25,23530.3,23541.0
2025-01-09 13:30:00,23540.725,23541.85,23523.35,23533.0375
2025-01-09 13:45:00,23533.475,23546.1,23519.4,23530.475
2025-01-09 14:00:00,23528.2,23548.5,23516.85,23532.1
2025-01-09 14:15:00,23531.525,23548.6,23528.85,23536.325
2025-01-09 14:30:00,23533.925,23536.9,23513.8,23524.85
2025-01-09 14:45:00,23524.35,23525.15,23503.05,23514.8
2025-01-09 15:00:00,23515.5,23530.6,23512.0,23518.95
2025-01-09 15:15:00,23516.6,23561.05,23514.3,23538.625
2025-01-10 09:15:00,23539.575,23596.0,23515.6,23545.575
2025-01-10 09:30:00,23535.35,23535.35,23432.3,23487.7
2025-01-10 09:45:00,23496.875,23496.875,23365.95,23421.8625
2025-01-10 10:00:00,23422.625,23422.625,23344.35,23377.8625
2025-01-10 10:15:00,23383.075,23444.6,23380.95,23407.075
2025-01-10 10:30:00,23401.375,23442.0,23390.05,23418.7875
2025-01-10 10:45:00,23421.55,23475.05,23421.55,23450.175
2025-01-10 11:00:00,23448.45,23557.65,23448.45,23509.3875
2025-01-10 11:15:00,23509.4,23590.55,23509.4,23555.8375
2025-01-10 11:30:00,23556.175,23596.6,23506.9,23541.9125
2025-01-10 11:45:00,23532.075,23542.2,23500.7,23522.6625
2025-01-10 12:00:00,23523.875,23553.0,23477.75,23522.9375
2025-01-10 12:15:00,23530.5,23566.0,23503.05,23524.9
2025-01-10 12:30:00,23515.275,23533.8,23494.15,23516.75
2025-01-10 12:45:00,23519.525,23542.9,23515.95,23526.7125
2025-01-10 13:00:00,23524.0,23534.1,23511.35,23520.675
2025-01-10 13:15:00,23518.625,23536.3,23487.45,23507.5
2025-01-10 13:30:00,23503.125,23513.6,23484.5,23497.725
2025-01-10 13:45:00,23496.4,23528.5,23496.4,23511.3375
2025-01-10 14:00:00,23509.875,23529.4,23441.25,23483.35
2025-01-10 14:15:00,23481.375,23481.375,23400.55,23432.45
2025-01-10 14:30:00,23437.3,23441.9,23403.15,23426.5375
2025-01-10 14:45:00,23430.55,23446.1,23406.9,23422.325
2025-01-10 15:00:00,23418.15,23431.75,23396.85,23412.9125
2025-01-10 15:15:00,23411.525,23449.4,23411.525,23427.7875
2025-01-13 09:15:00,23424.775,23424.775,23172.7,23222.125
2025-01-13 09:30:00,23226.0,23270.9,23210.05,23245.7375
2025-01-13 09:45:00,23251.0,23251.0,23196.45,23230.075
2025-01-13 10:00:00,23238.4,23274.6,23206.35,23245.95
2025-01-13 10:15:00,23251.425,23323.45,23251.425,23295.0
2025-01-13 10:30:00,23299.025,23340.95,23277.05,23310.6625
2025-01-13 10:45:00,23312.325,23331.75,23293.1,23306.3375
2025-01-13 11:00:00,23300.25,23306.35,23260.95,23284.125
2025-01-13 11:15:00,23284.6,23298.6,23235.65,23262.4
2025-01-13 11:30:00,23257.675,23257.675,23210.2,23232.55
2025-01-13 11:45:00,23238.275,23263.0,23217.6,23233.9125
2025-01-13 12:00:00,23227.525,23238.8,23211.6,23221.3125
2025-01-13 12:15:00,23217.425,23227.65,23190.45,23214.625
2025-01-13 12:30:00,23220.2,23234.7,23201.5,23220.85
2025-01-13 12:45:00,23223.6,23223.6,23176.0,23199.4625
2025-01-13 13:00:00,23200.175,23200.175,23165.75,23180.575
2025-01-13 13:15:00,23178.725,23191.4,23163.5,23178.5875
2025-01-13 13:30:00,23179.725,23186.15,23148.6,23167.8875
2025-01-13 13:45:00,23168.4,23168.4,23110.7,23135.6625
2025-01-13 14:00:00,23134.25,23139.8,23100.6,23117.825
2025-01-13 14:15:00,23115.45,23137.85,23102.5,23116.625
2025-01-13 14:30:00,23113.075,23115.65,23047.25,23088.9625
2025-01-13 14:45:00,23096.475,23122.8,23075.45,23094.8625
2025-01-13 15:00:00,23090.6,23106.5,23063.25,23089.8625
2025-01-13 15:15:00,23094.85,23101.8,23082.75,23091.025
2025-01-14 09:15:00,23089.775,23227.2,23089.775,23186.6375
2025-01-14 09:30:00,23179.5,23204.85,23150.05,23180.2125
2025-01-14 09:45:00,23182.975,23206.7,23149.65,23177.275
2025-01-14 10:00:00,23176.375,23182.9,23139.4,23164.525
2025-01-14 10:15:00,23167.9,23167.9,23134.15,23151.5875
2025-01-14 10:30:00,23156.1,23186.05,23152.5,23170.3875
2025-01-14 10:45:00,23171.5,23216.45,23171.5,23199.7375
2025-01-14 11:00:00,23200.125,23264.95,23200.125,23238.75
2025-01-14 11:15:00,23238.1,23261.35,23227.7,23244.725
2025-01-14 11:30:00,23244.925,23244.925,23192.8,23213.3875
2025-01-14 11:45:00,23214.325,23214.325,23175.25,23192.1875
2025-01-14 12:00:00,23196.225,23197.35,23169.7,23186.2125
2025-01-14 12:15:00,23188.9,23188.9,23155.1,23173.05
2025-01-14 12:30:00,23176.475,23189.3,23159.8,23175.8125
2025-01-14 12:45:00,23177.075,23199.3,23158.75,23175.1375
2025-01-14 13:00:00,23171.25,23171.25,23144.1,23160.45
2025-01-14 13:15:00,23164.45,23174.1,23154.2,23166.125
2025-01-14 13:30:00,23168.1,23169.5,23151.5,23161.6625
2025-01-14 13:45:00,23162.825,23162.825,23145.05,23155.4625
2025-01-14 14:00:00,23157.8,23184.85,23148.5,23168.45
2025-01-14 14:15:00,23170.225,23198.95,23170.225,23186.0125
2025-01-14 14:30:00,23182.625,23187.8,23161.65,23177.2
2025-01-14 14:45:00,23179.675,23183.3,23164.6,23173.125
2025-01-14 15:00:00,23172.3,23176.65,23151.9,23167.9125
2025-01-14 15:15:00,23171.55,23223.05,23168.95,23192.9375
2025-01-15 09:15:00,23189.875,23273.55,23189.875,23233.8375
2025-01-15 09:30:00,23228.6,23228.6,23165.3,23197.5125
2025-01-15 09:45:00,23204.175,23224.15,23184.15,23206.55
2025-01-15 10:00:00,23208.95,23230.15,23192.1,23214.9
2025-01-15 10:15:00,23218.675,23245.7,23215.0,23228.25
2025-01-15 10:30:00,23226.15,23268.7,23224.75,23249.1
2025-01-15 10:45:00,23251.475,23293.65,23251.475,23277.35
2025-01-15 11:00:00,23273.575,23289.05,23236.25,23265.3375
2025-01-15 11:15:00,23268.025,23268.025,23247.3,23254.1875
2025-01-15 11:30:00,23252.625,23252.625,23204.7,23231.2
2025-01-15 11:45:00,23235.575,23246.55,23225.95,23234.9875
2025-01-15 12:00:00,23233.725,23248.25,23218.35,23232.4625
2025-01-15 12:15:00,23231.625,23231.625,23198.0,23217.35
2025-01-15 12:30:00,23221.875,23254.85,23219.6,23236.9375
2025-01-15 12:45:00,23236.65,23266.35,23236.65,23253.8625
2025-01-15 13:00:00,23251.125,23253.8,23212.35,23232.625
2025-01-15 13:15:00,23232.175,23232.175,23169.7,23192.125
2025-01-15 13:30:00,23193.075,23193.075,23146.45,23168.575
2025-01-15 13:45:00,23170.55,23188.25,23154.7,23172.125
2025-01-15 14:00:00,23172.775,23195.45,23171.0,23181.975
2025-01-15 14:15:00,23180.725,23204.0,23162.9,23178.05
2025-01-15 14:30:00,23172.65,23214.75,23159.25,23187.175
2025-01-15 14:45:00,23187.35,23219.4,23186.95,23206.825
2025-01-15 15:00:00,23210.475,23227.7,23205.5,23214.375
2025-01-15 15:15:00,23212.15,23229.3,23190.85,23215.8
2025-01-16 09:15:00,23221.525,23391.65,23221.525,23358.2375
2025-01-16 09:30:00,23362.775,23362.775,23319.8,23338.2875
2025-01-16 09:45:00,23337.5,23337.5,23294.9,23315.7625
2025-01-16 10:00:00,23318.575,23325.05,23290.7,23308.4875
2025-01-16 10:15:00,23309.1,23320.3,23302.35,23309.275
2025-01-16 10:30:00,23307.225,23317.85,23301.4,23309.4875
2025-01-16 10:45:00,23309.35,23313.3,23272.05,23296.6875
2025-01-16 11:00:00,23300.7,23300.7,23285.55,23290.4625
2025-01-16 11:15:00,23289.75,23293.0,23282.4,23287.7625
2025-01-16 11:30:00,23287.825,23308.8,23284.85,23297.3875
2025-01-16 11:45:00,23297.95,23308.4,23293.15,23301.9625
2025-01-16 12:00:00,23303.15,23303.55,23294.6,23299.325
2025-01-16 12:15:00,23299.575,23304.55,23290.3,23298.5875
2025-01-16 12:30:00,23299.75,23313.9,23295.25,23304.275
2025-01-16 12:45:00,23303.975,23328.8,23303.975,23317.7375
2025-01-16 13:00:00,23317.45,23328.2,23303.9,23318.425
2025-01-16 13:15:00,23320.8,23324.3,23311.45,23318.8625
2025-01-16 13:30:00,23319.85,23327.8,23316.65,23323.1125
2025-01-16 13:45:00,23324.0,23340.9,23319.55,23329.3625
2025-01-16 14:00:00,23328.5,23337.45,23324.5,23331.675
2025-01-16 14:15:00,23332.375,23333.4,23292.9,23314.5625
2025-01-16 14:30:00,23315.975,23315.975,23290.7,23299.4625
2025-01-16 14:45:00,23300.9,23307.65,23296.2,23302.6375
2025-01-16 15:00:00,23303.35,23318.45,23298.1,23307.1375
2025-01-16 15:15:00,23306.0,23353.25,23304.45,23329.4875
2025-01-17 09:15:00,23330.125,23330.125,23167.05,23239.2375
2025-01-17 09:30:00,23248.9,23249.2,23170.6,23208.675
2025-01-17 09:45:00,23207.45,23231.0,23184.3,23208.85
2025-01-17 10:00:00,23210.05,23236.7,23203.15,23217.6
2025-01-17 10:15:00,23215.275,23264.15,23197.5,23232.425
2025-01-17 10:30:00,23234.025,23269.25,23197.75,23232.3
2025-01-17 10:45:00,23231.1,23231.1,23102.2,23151.7375
2025-01-17 11:00:00,23153.1,23153.1,23100.35,23118.9875
2025-01-17 11:15:00,23120.025,23155.65,23120.025,23141.0625
2025-01-17 11:30:00,23142.125,23177.9,23141.0,23155.8
2025-01-17 11:45:00,23152.15,23168.95,23135.65,23156.475
2025-01-17 12:00:00,23160.65,23218.2,23160.65,23190.0875
2025-01-17 12:15:00,23188.625,23264.3,23188.625,23220.275
2025-01-17 12:30:00,23209.85,23246.1,23209.4,23222.5
2025-01-17 12:45:00,23217.25,23241.95,23202.05,23223.6625
2025-01-17 13:00:00,23225.325,23235.55,23197.6,23215.6
2025-01-17 13:15:00,23214.625,23214.625,23168.65,23189.4
2025-01-17 13:30:00,23191.025,23199.55,23160.85,23180.225
2025-01-17 13:45:00,23180.25,23205.9,23173.65,23187.4
2025-01-17 14:00:00,23185.025,23208.25,23172.8,23192.9625
2025-01-17 14:15:00,23195.4,23222.55,23187.3,23205.275
2025-01-17 14:30:00,23205.625,23237.35,23205.625,23222.625
2025-01-17 14:45:00,23222.3,23245.05,23217.5,23234.1
2025-01-17 15:00:00,23236.925,23243.4,23191.9,23218.8375
2025-01-17 15:15:00,23220.025,23220.025,23194.8,23201.5625
2025-01-20 09:15:00,23200.45,23308.35,23189.7,23251.55
2025-01-20 09:30:00,23254.075,23254.075,23170.65,23205.125
2025-01-20 09:45:00,23210.65,23236.1,23190.4,23216.3
2025-01-20 10:00:00,23219.35,23240.0,23206.05,23225.05
2025-01-20 10:15:00,23227.075,23255.15,23227.075,23240.4
2025-01-20 10:30:00,23239.4,23272.05,23239.4,23257.275
2025-01-20 10:45:00,23255.775,23274.65,23246.7,23263.3625
2025-01-20 11:00:00,23266.05,23283.05,23257.6,23271.075
2025-01-20 11:15:00,23271.825,23337.55,23271.825,23303.9625
2025-01-20 11:30:00,23303.05,23374.45,23303.05,23352.3125
2025-01-20 11:45:00,23351.725,23376.5,23346.35,23361.9
2025-01-20 12:00:00,23362.375,23362.375,23333.6,23346.925
2025-01-20 12:15:00,23347.65,23371.8,23336.1,23347.7125
2025-01-20 12:30:00,23341.475,23352.8,23326.45,23339.0875
2025-01-20 12:45:00,23338.55,23362.85,23334.7,23342.975
2025-01-20 13:00:00,23337.175,23372.2,23326.3,23348.6875
2025-01-20 13:15:00,23348.125,23391.1,23340.2,23358.225
2025-01-20 13:30:00,23350.8,23350.8,23333.45,23341.825
2025-01-20 13:45:00,23341.925,23354.1,23334.2,23342.9125
2025-01-20 14:00:00,23341.675,23359.95,23328.25,23346.925
2025-01-20 14:15:00,23349.75,23366.25,23332.95,23348.6125
2025-01-20 14:30:00,23347.625,23359.15,23327.65,23344.475
2025-01-20 14:45:00,23345.55,23365.55,23345.55,23356.85
2025-01-20 15:00:00,23355.55,23362.35,23344.45,23353.8
2025-01-20 15:15:00,23354.2,23354.2,23329.4,23342.8875
2025-01-21 09:15:00,23344.65,23426.3,23344.65,23407.7875
2025-01-21 09:30:00,23417.725,23419.3,23335.45,23377.3625
2025-01-21 09:45:00,23377.35,23377.35,23281.6,23320.3375
2025-01-21 10:00:00,23319.7,23319.7,23247.2,23278.775
2025-01-21 10:15:00,23282.1,23282.1,23127.7,23200.425
2025-01-21 10:30:00,23203.7,23204.7,23134.0,23166.575
2025-01-21 10:45:00,23163.8,23217.7,23163.8,23186.075
2025-01-21 11:00:00,23178.125,23188.05,23138.95,23165.3
2025-01-21 11:15:00,23167.1,23180.4,23143.8,23158.2
2025-01-21 11:30:00,23154.3,23205.15,23143.55,23172.4
2025-01-21 11:45:00,23170.45,23421.25,23170.45,23299.7125
2025-01-21 12:00:00,23289.85,23392.65,23275.55,23332.5625
2025-01-21 12:15:00,23331.025,23331.025,23111.1,23202.7375
2025-01-21 12:30:00,23209.5,23209.5,23117.05,23143.1375
2025-01-21 12:45:00,23142.2,23271.0,23142.2,23200.1625
2025-01-21 13:00:00,23192.4,23294.8,23192.4,23254.25
2025-01-21 13:15:00,23245.3,23283.55,23120.15,23232.425
2025-01-21 13:30:00,23263.0,23296.55,23215.65,23258.2
2025-01-21 13:45:00,23260.3,23261.75,23174.2,23225.8625
2025-01-21 14:00:00,23233.75,23243.15,23194.35,23211.6125
2025-01-21 14:15:00,23204.475,23207.1,23131.5,23174.5125
2025-01-21 14:30:00,23179.725,23182.45,22976.85,23083.525
2025-01-21 14:45:00,23087.4,23087.4,22989.45,23015.6625
2025-01-21 15:00:00,23014.75,23038.25,22999.15,23019.875
2025-01-21 15:15:00,23021.05,23057.45,23021.05,23038.975
2025-01-22 09:15:00,23037.875,23127.7,23037.875,23094.7875
2025-01-22 09:30:00,23090.875,23125.75,23067.75,23086.0625
2025-01-22 09:45:00,23075.375,23124.65,23050.55,23086.475
2025-01-22 10:00:00,23085.35,23110.95,23084.25,23098.525
2025-01-22 10:15:00,23099.45,23117.5,23073.75,23098.3125
2025-01-22 10:30:00,23101.0,23114.65,23073.5,23099.925
2025-01-22 10:45:00,23105.775,23144.25,23084.55,23107.8875
2025-01-22 11:00:00,23101.375,23103.9,23061.3,23081.3125
2025-01-22 11:15:00,23080.025,23080.025,23050.8,23063.525
2025-01-22 11:30:00,23066.325,23079.4,23034.55,23056.25
2025-01-22 11:45:00,23055.525,23065.4,23029.95,23043.6625
2025-01-22 12:00:00,23039.65,23046.7,23011.85,23032.5125
2025-01-22 12:15:00,23035.75,23050.85,22989.6,23022.875
2025-01-22 12:30:00,23025.525,23047.35,23012.25,23024.6625
2025-01-22 12:45:00,23019.525,23031.25,23007.15,23020.8375
2025-01-22 13:00:00,23022.475,23045.2,22995.45,23025.7125
2025-01-22 13:15:00,23031.1,23043.9,23001.8,23023.575
2025-01-22 13:30:00,23024.3,23029.6,22981.3,23000.725
2025-01-22 13:45:00,22996.0,23030.05,22986.0,23004.6625
2025-01-22 14:00:00,23001.3,23084.85,22993.3,23040.0
2025-01-22 14:15:00,23040.925,23126.3,23040.925,23091.3125
2025-01-22 14:30:00,23092.325,23136.2,23087.5,23116.825
2025-01-22 14:45:00,23121.8,23160.95,23101.45,23136.4625
2025-01-22 15:00:00,23141.725,23169.55,23138.15,23157.7875
2025-01-22 15:15:00,23161.725,23165.15,23147.6,23159.575
2025-01-23 09:15:00,23162.775,23162.775,23090.65,23118.1375
2025-01-23 09:30:00,23117.725,23202.85,23103.0,23152.3375
2025-01-23 09:45:00,23151.75,23220.15,23151.75,23200.9875
2025-01-23 10:00:00,23200.175,23235.4,23188.35,23211.0375
2025-01-23 10:15:00,23210.2,23241.4,23210.2,23228.7125
2025-01-23 10:30:00,23228.85,23246.2,23223.35,23236.2625
2025-01-23 10:45:00,23237.75,23240.45,23202.5,23222.725
2025-01-23 11:00:00,23223.975,23232.55,23205.35,23219.5875
2025-01-23 11:15:00,23220.225,23226.85,23213.5,23222.175
2025-01-23 11:30:00,23224.175,23238.6,23216.4,23225.6375
2025-01-23 11:45:00,23223.775,23227.55,23201.05,23216.9375
2025-01-23 12:00:00,23219.575,23233.5,23212.25,23224.0
2025-01-23 12:15:00,23225.125,23260.35,23220.1,23241.15
2025-01-23 12:30:00,23242.075,23270.8,23242.075,23256.625
2025-01-23 12:45:00,23252.95,23257.4,23232.1,23247.125
2025-01-23 13:00:00,23249.5,23251.1,23238.7,23244.775
2025-01-23 13:15:00,23244.65,23249.3,23236.3,23243.3
2025-01-23 13:30:00,23243.8,23254.05,23229.9,23244.4625
2025-01-23 13:45:00,23246.95,23256.65,23237.95,23249.3625
2025-01-23 14:00:00,23251.425,23254.55,23225.55,23242.225
2025-01-23 14:15:00,23244.4,23246.7,23215.4,23232.1875
2025-01-23 14:30:00,23233.325,23243.9,23222.7,23230.4875
2025-01-23 14:45:00,23227.675,23236.1,23201.0,23220.325
2025-01-23 15:00:00,23222.1,23222.1,23200.1,23209.4625
2025-01-23 15:15:00,23208.55,23218.2,23191.7,23207.2625
2025-01-24 09:15:00,23209.575,23292.05,23177.8,23222.325
2025-01-24 09:30:00,23209.725,23246.1,23192.55,23226.0375
2025-01-24 09:45:00,23232.75,23247.9,23144.25,23192.0125
2025-01-24 10:00:00,23187.95,23187.95,23127.55,23150.7375
2025-01-24 10:15:00,23150.3,23210.8,23102.9,23163.0
2025-01-24 10:30:00,23169.15,23227.1,23169.15,23198.15
2025-01-24 10:45:00,23197.75,23221.2,23195.55,23212.8125
2025-01-24 11:00:00,23217.25,23289.2,23214.9,23250.925
2025-01-24 11:15:00,23249.8,23284.8,23249.8,23273.825
2025-01-24 11:30:00,23278.25,23323.3,23269.35,23298.1125
2025-01-24 11:45:00,23299.9,23347.3,23299.9,23328.375
2025-01-24 12:00:00,23322.85,23331.3,23289.7,23311.2875
2025-01-24 12:15:00,23312.075,23319.4,23288.75,23301.0
2025-01-24 12:30:00,23297.925,23297.925,23211.8,23254.1
2025-01-24 12:45:00,23253.85,23253.85,23195.8,23216.3625
2025-01-24 13:00:00,23216.575,23228.1,23164.85,23206.9375
2025-01-24 13:15:00,23217.4,23217.4,23170.8,23198.525
2025-01-24 13:30:00,23204.3,23204.3,23141.7,23172.625
2025-01-24 13:45:00,23175.375,23190.5,23147.0,23167.45
2025-01-24 14:00:00,23166.15,23213.75,23140.35,23167.2875
2025-01-24 14:15:00,23157.525,23157.525,23120.8,23138.7375
2025-01-24 14:30:00,23140.35,23168.6,23065.15,23113.675
2025-01-24 14:45:00,23110.475,23110.475,23050.0,23074.2
2025-01-24 15:00:00,23079.8,23105.55,23066.8,23082.3
2025-01-24 15:15:00,23078.425,23105.1,23077.75,23087.7375
2025-01-27 09:15:00,23084.05,23084.05,22910.85,22951.275
2025-01-27 09:30:00,22953.375,23007.45,22948.1,22979.275
2025-01-27 09:45:00,22980.775,23005.4,22963.2,22982.825
2025-01-27 10:00:00,22981.35,22999.15,22960.3,22974.35
2025-01-27 10:15:00,22968.975,22971.25,22853.9,22912.575
2025-01-27 10:30:00,22912.575,22912.575,22826.85,22852.4625
2025-01-27 10:45:00,22857.875,22886.65,22838.3,22858.3125
2025-01-27 11:00:00,22854.15,22870.35,22840.95,22855.7625
2025-01-27 11:15:00,22855.875,22903.5,22855.875,22881.375
2025-01-27 11:30:00,22879.525,22909.5,22856.25,22881.975
2025-01-27 11:45:00,22881.075,22912.9,22864.7,22887.85
2025-01-27 12:00:00,22886.9,22941.65,22867.0,22899.4125
2025-01-27 12:15:00,22894.5,22943.7,22882.0,22910.9875
2025-01-27 12:30:00,22909.125,22938.95,22862.6,22900.925
2025-01-27 12:45:00,22901.075,22901.075,22840.55,22861.8125
2025-01-27 13:00:00,22864.75,22885.85,22854.6,22872.175
2025-01-27 13:15:00,22874.125,22892.35,22840.7,22866.3625
2025-01-27 13:30:00,22866.2,22870.25,22827.95,22851.35
2025-01-27 13:45:00,22853.6,22878.6,22839.65,22860.175
2025-01-27 14:00:00,22861.225,22861.225,22822.4,22844.6875
2025-01-27 14:15:00,22847.625,22857.9,22828.85,22838.975
2025-01-27 14:30:00,22834.575,22834.6,22799.7,22818.8125
2025-01-27 14:45:00,22820.475,22833.35,22786.9,22813.1
2025-01-27 15:00:00,22816.075,22843.3,22814.6,22829.9375
2025-01-27 15:15:00,22830.925,22838.4,22814.35,22826.275
2025-01-28 09:15:00,22826.175,22973.45,22826.175,22931.6125
2025-01-28 09:30:00,22934.4,22934.4,22874.75,22892.75
2025-01-28 09:45:00,22893.35,22918.4,22859.7,22886.525
2025-01-28 10:00:00,22884.0,22930.35,22872.2,22894.55
2025-01-28 10:15:00,22887.825,22909.7,22857.65,22889.1375
2025-01-28 10:30:00,22894.6,22918.85,22873.45,22895.7125
2025-01-28 10:45:00,22895.275,22910.1,22877.8,22891.9375
2025-01-28 11:00:00,22889.925,22987.1,22889.925,22934.2
2025-01-28 11:15:00,22928.375,22978.35,22928.375,22963.1
2025-01-28 11:30:00,22964.875,23033.5,22957.85,22992.45
2025-01-28 11:45:00,22989.225,23027.9,22986.4,23004.1
2025-01-28 12:00:00,23001.05,23040.9,22988.4,23014.2125
2025-01-28 12:15:00,23013.775,23049.25,23000.25,23022.5875
2025-01-28 12:30:00,23020.425,23022.5,22999.1,23009.5
2025-01-28 12:45:00,23008.2,23054.7,23008.2,23029.525
2025-01-28 13:00:00,23027.2,23068.9,23027.2,23054.6875
2025-01-28 13:15:00,23055.0,23073.8,23026.15,23048.3625
2025-01-28 13:30:00,23046.75,23053.5,23021.75,23034.95
2025-01-28 13:45:00,23032.275,23065.0,23032.275,23048.3125
2025-01-28 14:00:00,23046.75,23076.05,23043.2,23057.0875
2025-01-28 14:15:00,23054.55,23125.95,23048.15,23085.6375
2025-01-28 14:30:00,23084.225,23137.95,23084.225,23121.6625
2025-01-28 14:45:00,23122.675,23132.4,22956.95,23051.7
2025-01-28 15:00:00,23058.725,23058.725,22909.25,22964.325
2025-01-28 15:15:00,22978.65,22984.5,22951.5,22970.1625
2025-01-29 09:15:00,22972.325,23050.05,22972.325,23010.7125
2025-01-29 09:30:00,23007.225,23069.85,22976.5,23018.7
2025-01-29 09:45:00,23014.225,23056.7,23014.225,23044.6625
2025-01-29 10:00:00,23049.125,23097.3,23047.3,23067.05
2025-01-29 10:15:00,23061.8,23106.05,23053.8,23080.6625
2025-01-29 10:30:00,23081.4,23106.45,23071.15,23086.5625
2025-01-29 10:45:00,23084.325,23125.85,23068.25,23097.6625
2025-01-29 11:00:00,23098.275,23123.95,23074.75,23101.7125
2025-01-29 11:15:00,23104.075,23104.075,22984.15,23056.55
2025-01-29 11:30:00,23075.6,23126.6,23066.8,23088.225
2025-01-29 11:45:00,23079.75,23128.15,23079.75,23106.575
2025-01-29 12:00:00,23103.0,23128.8,23098.05,23114.825
2025-01-29 12:15:00,23116.225,23168.5,23116.0,23135.375
2025-01-29 12:30:00,23128.5,23149.9,23112.65,23132.8375
2025-01-29 12:45:00,23134.4,23146.2,23116.3,23129.475
2025-01-29 13:00:00,23127.7,23131.4,23086.55,23113.2875
2025-01-29 13:15:00,23117.6,23166.85,23109.9,23138.1875
2025-01-29 13:30:00,23138.0,23167.75,23136.75,23153.8125
2025-01-29 13:45:00,23155.375,23169.8,23143.0,23155.0125
2025-01-29 14:00:00,23153.625,23181.35,23148.95,23165.6125
2025-01-29 14:15:00,23166.075,23180.8,23126.3,23156.0875
2025-01-29 14:30:00,23158.625,23158.625,23115.1,23137.3
2025-01-29 14:45:00,23143.775,23149.65,23130.9,23141.1625
2025-01-29 15:00:00,23142.05,23164.05,23132.15,23149.05
2025-01-29 15:15:00,23150.0,23183.35,23150.0,23168.425
2025-01-30 09:15:00,23168.25,23195.6,23139.2,23168.4375
2025-01-30 09:30:00,23169.475,23215.55,23166.25,23188.7375
2025-01-30 09:45:00,23186.575,23233.95,23186.575,23217.3125
2025-01-30 10:00:00,23217.325,23300.9,23217.325,23257.55
2025-01-30 10:15:00,23251.025,23306.1,23251.025,23286.725
2025-01-30 10:30:00,23286.05,23311.15,23279.35,23297.15
2025-01-30 10:45:00,23299.05,23302.75,23235.9,23270.6
2025-01-30 11:00:00,23271.875,23291.0,23224.0,23262.6625
2025-01-30 11:15:00,23267.825,23301.0,23258.95,23278.7625
2025-01-30 11:30:00,23277.55,23277.55,23228.05,23252.0375
2025-01-30 11:45:00,23256.2,23287.65,23242.1,23260.625
2025-01-30 12:00:00,23256.375,23276.35,23246.15,23260.3375
2025-01-30 12:15:00,23259.425,23288.55,23229.7,23260.425
2025-01-30 12:30:00,23261.725,23289.9,23261.725,23277.2625
2025-01-30 12:45:00,23274.425,23279.45,23249.6,23266.6
2025-01-30 13:00:00,23268.675,23279.75,23255.25,23264.75
2025-01-30 13:15:00,23262.0,23268.45,23219.6,23243.7625
2025-01-30 13:30:00,23243.5,23243.5,23216.9,23226.175
2025-01-30 13:45:00,23224.2,23228.75,23173.75,23205.375
2025-01-30 14:00:00,23209.5,23209.5,23141.9,23174.9375
2025-01-30 14:15:00,23178.975,23193.2,23159.05,23171.3125
2025-01-30 14:30:00,23166.5,23177.05,23139.95,23163.8
2025-01-30 14:45:00,23169.1,23205.7,23148.8,23180.4125
2025-01-30 15:00:00,23183.575,23255.05,23182.9,23219.9625
2025-01-30 15:15:00,23220.95,23322.05,23220.95,23278.2875
2025-01-31 09:15:00,23273.2,23332.45,23273.2,23308.1625
2025-01-31 09:30:00,23311.4,23355.65,23295.65,23331.525
2025-01-31 09:45:00,23337.4,23395.45,23337.4,23369.6625
2025-01-31 10:00:00,23369.1,23403.75,23314.8,23362.2125
2025-01-31 10:15:00,23365.15,23397.2,23331.7,23364.825
2025-01-31 10:30:00,23365.2,23415.6,23365.2,23401.8625
2025-01-31 10:45:00,23401.725,23431.25,23401.725,23420.5125
2025-01-31 11:00:00,23422.325,23444.55,23418.5,23429.1375
2025-01-31 11:15:00,23426.75,23448.7,23403.45,23419.5
2025-01-31 11:30:00,23412.925,23412.925,23388.45,23400.975
2025-01-31 11:45:00,23401.775,23432.6,23400.0,23416.0875
2025-01-31 12:00:00,23415.875,23449.15,23415.875,23436.8625
2025-01-31 12:15:00,23438.025,23448.65,23426.05,23438.5125
2025-01-31 12:30:00,23439.675,23478.4,23433.0,23452.1375
2025-01-31 12:45:00,23448.575,23485.1,23448.575,23471.1375
2025-01-31 13:00:00,23471.9,23502.7,23463.6,23486.6875
2025-01-31 13:15:00,23490.225,23526.45,23490.225,23511.725
2025-01-31 13:30:00,23511.275,23530.7,23492.3,23512.8625
2025-01-31 13:45:00,23514.225,23514.225,23478.45,23494.975
2025-01-31 14:00:00,23494.35,23494.35,23426.1,23460.375
2025-01-31 14:15:00,23465.275,23465.275,23422.6,23441.5875
2025-01-31 14:30:00,23445.65,23486.5,23432.1,23461.55
2025-01-31 14:45:00,23463.8,23501.1,23463.8,23488.8875
2025-01-31 15:00:00,23488.6,23518.05,23478.65,23501.35
2025-01-31 15:15:00,23504.35,23546.8,23498.25,23523.1875
2025-02-01 09:15:00,23523.85,23595.45,23479.05,23527.45
2025-02-01 09:30:00,23517.65,23589.5,23506.2,23541.15
2025-02-01 09:45:00,23534.45,23585.5,23532.55,23559.375
2025-02-01 10:00:00,23559.725,23588.05,23549.1,23562.775
2025-02-01 10:15:00,23556.975,23578.45,23555.7,23564.5375
2025-02-01 10:30:00,23562.0,23595.8,23560.05,23576.4125
2025-02-01 10:45:00,23574.9,23602.15,23574.9,23587.9375
2025-02-01 11:00:00,23587.1,23594.3,23530.8,23574.4875
2025-02-01 11:15:00,23586.425,23604.25,23567.65,23588.2375
2025-02-01 11:30:00,23590.525,23632.45,23564.75,23605.925
2025-02-01 11:45:00,23613.25,23629.05,23363.7,23511.7
2025-02-01 12:00:00,23527.025,23567.35,23389.7,23457.0875
2025-02-01 12:15:00,23435.65,23549.0,23426.15,23468.425
2025-02-01 12:30:00,23449.275,23471.65,23346.05,23421.8
2025-02-01 12:45:00,23434.75,23434.75,23386.05,23414.1375
2025-02-01 13:00:00,23420.2,23428.35,23318.3,23385.3875
2025-02-01 13:15:00,23397.45,23457.85,23341.6,23404.05
2025-02-01 13:30:00,23408.375,23495.05,23408.375,23464.25
2025-02-01 13:45:00,23468.75,23513.65,23468.75,23494.6
2025-02-01 14:00:00,23495.95,23533.7,23476.9,23506.5
2025-02-01 14:15:00,23507.7,23547.95,23507.7,23528.2875
2025-02-01 14:30:00,23527.425,23537.6,23454.95,23499.5375
2025-02-01 14:45:00,23502.8,23511.15,23473.95,23491.5375
2025-02-01 15:00:00,23490.525,23515.8,23479.3,23496.2875
2025-02-01 15:15:00,23495.025,23499.75,23463.35,23484.7875
2025-02-03 09:15:00,23488.025,23488.025,23239.15,23309.6875
2025-02-03 09:30:00,23327.225,23343.85,23257.05,23298.05
2025-02-03 09:45:00,23295.65,23295.65,23222.0,23246.25
2025-02-03 10:00:00,23252.05,23277.35,23238.3,23257.0375
2025-02-03 10:15:00,23256.25,23285.45,23239.7,23267.4375
2025-02-03 10:30:00,23272.3,23315.65,23270.05,23294.35
2025-02-03 10:45:00,23295.85,23324.85,23293.6,23311.375
2025-02-03 11:00:00,23313.525,23328.35,23310.95,23319.9875
2025-02-03 11:15:00,23320.325,23338.6,23285.95,23309.3375
2025-02-03 11:30:00,23306.4,23306.4,23253.1,23276.775
2025-02-03 11:45:00,23280.125,23287.05,23263.65,23275.45
2025-02-03 12:00:00,23275.55,23306.3,23275.55,23292.0125
2025-02-03 12:15:00,23290.55,23300.95,23269.65,23289.675
2025-02-03 12:30:00,23294.05,23295.4,23266.2,23280.85
2025-02-03 12:45:00,23280.9,23283.35,23258.05,23274.2375
2025-02-03 13:00:00,23277.775,23361.9,23276.35,23320.45
2025-02-03 13:15:00,23321.775,23369.1,23321.775,23347.4
2025-02-03 13:30:00,23346.25,23355.35,23323.25,23340.875
2025-02-03 13:45:00,23342.45,23362.6,23306.35,23336.675
2025-02-03 14:00:00,23338.875,23355.45,23324.35,23338.3
2025-02-03 14:15:00,23336.7,23364.4,23336.7,23352.45
2025-02-03 14:30:00,23353.925,23364.8,23340.85,23354.825
2025-02-03 14:45:00,23356.825,23356.825,23327.0,23347.2375
2025-02-03 15:00:00,23353.175,23381.6,23349.4,23363.0625
2025-02-03 15:15:00,23360.625,23369.8,23349.95,23361.6625
2025-02-04 09:15:00,23363.45,23534.25,23363.45,23509.4875
2025-02-04 09:30:00,23512.125,23573.75,23482.7,23535.7375
2025-02-04 09:45:00,23543.25,23582.0,23543.25,23566.65
2025-02-04 10:00:00,23565.075,23573.35,23504.1,23536.9625
2025-02-04 10:15:00,23535.2,23535.2,23484.4,23508.275
2025-02-04 10:30:00,23507.1,23511.95,23423.15,23473.975
2025-02-04 10:45:00,23480.4,23482.8,23436.25,23461.5
2025-02-04 11:00:00,23463.475,23511.2,23460.75,23486.325
2025-02-04 11:15:00,23486.675,23551.45,23486.675,23520.65
2025-02-04 11:30:00,23518.625,23559.1,23518.625,23538.85
2025-02-04 11:45:00,23534.2,23616.6,23534.2,23560.625
2025-02-04 12:00:00,23543.5,23571.15,23527.25,23552.8125
2025-02-04 12:15:00,23556.425,23594.1,23556.425,23575.0
2025-02-04 12:30:00,23571.875,23613.6,23571.875,23589.4875
2025-02-04 12:45:00,23584.3,23631.45,23583.55,23606.0375
2025-02-04 13:00:00,23604.575,23642.75,23580.8,23620.8875
2025-02-04 13:15:00,23630.0,23659.4,23625.4,23643.8375
2025-02-04 13:30:00,23645.275,23697.1,23641.85,23665.0125
2025-02-04 13:45:00,23660.55,23712.6,23660.55,23681.0875
2025-02-04 14:00:00,23674.075,23695.05,23627.25,23663.55
2025-02-04 14:15:00,23665.95,23665.95,23633.85,23648.3
2025-02-04 14:30:00,23647.5,23708.35,23642.95,23675.0375
2025-02-04 14:45:00,23674.425,23752.7,23674.425,23722.025
2025-02-04 15:00:00,23725.4,23762.75,23725.4,23747.425
2025-02-04 15:15:00,23746.95,23746.95,23697.05,23723.675
2025-02-05 09:15:00,23726.05,23807.3,23726.05,23780.7875
2025-02-05 09:30:00,23782.925,23799.95,23755.85,23779.3375
2025-02-05 09:45:00,23780.775,23798.25,23741.0,23772.6875
2025-02-05 10:00:00,23775.75,23775.75,23726.5,23749.5125
2025-02-05 10:15:00,23750.575,23774.9,23728.85,23755.9625
2025-02-05 10:30:00,23760.05,23776.4,23759.15,23769.65
2025-02-05 10:45:00,23771.525,23786.3,23752.15,23765.9875
2025-02-05 11:00:00,23762.75,23770.35,23728.45,23746.9125
2025-02-05 11:15:00,23744.425,23754.85,23713.55,23738.0125
2025-02-05 11:30:00,23741.825,23755.55,23736.35,23746.7625
2025-02-05 11:45:00,23747.575,23759.0,23738.35,23745.6125
2025-02-05 12:00:00,23742.55,23746.75,23724.4,23736.45
2025-02-05 12:15:00,23737.325,23753.85,23729.0,23738.625
2025-02-05 12:30:00,23735.825,23743.25,23727.4,23735.6375
2025-02-05 12:45:00,23735.95,23735.95,23715.0,23726.125
2025-02-05 13:00:00,23727.775,23756.35,23712.4,23736.9625
2025-02-05 13:15:00,23739.55,23760.7,23739.55,23753.0375
2025-02-05 13:30:00,23753.05,23760.2,23732.7,23744.6875
2025-02-05 13:45:00,23742.925,23774.5,23732.2,23753.425
2025-02-05 14:00:00,23753.5,23771.1,23740.8,23756.375
2025-02-05 14:15:00,23756.8,23756.8,23731.95,23740.1
2025-02-05 14:30:00,23740.4,23752.9,23732.7,23739.55
2025-02-05 14:45:00,23736.3,23736.3,23720.5,23730.225
2025-02-05 15:00:00,23732.5,23732.5,23680.45,23709.55
2025-02-05 15:15:00,23713.25,23713.25,23685.1,23692.1625
2025-02-06 09:15:00,23691.325,23773.55,23686.7,23729.6875
2025-02-06 09:30:00,23729.25,23729.25,23641.85,23675.45
2025-02-06 09:45:00,23679.625,23679.625,23623.85,23650.625
2025-02-06 10:00:00,23650.9,23661.9,23618.55,23636.625
2025-02-06 10:15:00,23633.025,23651.2,23623.9,23633.825
2025-02-06 10:30:00,23630.1,23656.9,23626.55,23640.6375
2025-02-06 10:45:00,23639.55,23648.2,23629.95,23641.8125
2025-02-06 11:00:00,23644.55,23648.75,23604.75,23627.9625
2025-02-06 11:15:00,23629.175,23629.175,23597.1,23609.225
2025-02-06 11:30:00,23611.425,23616.0,23594.35,23607.175
2025-02-06 11:45:00,23609.175,23626.5,23603.1,23612.3
2025-02-06 12:00:00,23609.8,23623.3,23608.15,23614.9375
2025-02-06 12:15:00,23614.15,23629.25,23608.75,23618.0375
2025-02-06 12:30:00,23617.075,23617.075,23595.85,23607.975
2025-02-06 12:45:00,23610.225,23610.225,23575.1,23593.425
2025-02-06 13:00:00,23594.2,23594.2,23579.05,23584.8
2025-02-06 13:15:00,23583.95,23603.75,23580.45,23591.6875
2025-02-06 13:30:00,23591.275,23600.15,23581.4,23591.325
2025-02-06 13:45:00,23591.875,23591.875,23562.25,23580.575
2025-02-06 14:00:00,23584.2,23596.9,23570.0,23580.075
2025-02-06 14:15:00,23576.7,23582.6,23567.1,23574.25
2025-02-06 14:30:00,23573.65,23583.55,23556.25,23572.425
2025-02-06 14:45:00,23574.95,23582.65,23567.2,23576.5125
2025-02-06 15:00:00,23578.1,23610.6,23578.1,23591.5875
2025-02-06 15:15:00,23588.7,23633.7,23588.7,23612.5125
2025-02-07 09:15:00,23611.975,23683.9,23566.85,23623.675
2025-02-07 09:30:00,23621.975,23621.975,23588.3,23601.0125
2025-02-07 09:45:00,23599.775,23610.9,23580.55,23600.825
2025-02-07 10:00:00,23605.925,23664.1,23573.75,23614.1
2025-02-07 10:15:00,23609.275,23621.25,23493.6,23565.8125
2025-02-07 10:30:00,23574.2,23581.8,23523.05,23553.7375
2025-02-07 10:45:00,23555.05,23613.2,23555.05,23588.775
2025-02-07 11:00:00,23593.35,23629.25,23593.35,23616.3625
2025-02-07 11:15:00,23613.925,23688.05,23613.0,23649.6375
2025-02-07 11:30:00,23648.75,23694.5,23648.75,23677.825
2025-02-07 11:45:00,23682.775,23690.9,23644.1,23666.25
2025-02-07 12:00:00,23665.0,23665.0,23572.8,23611.7875
2025-02-07 12:15:00,23610.45,23610.45,23567.4,23583.2
2025-02-07 12:30:00,23582.95,23610.55,23564.65,23587.9
2025-02-07 12:45:00,23588.2,23588.4,23550.25,23569.6
2025-02-07 13:00:00,23569.875,23579.95,23537.65,23555.25
2025-02-07 13:15:00,23551.7,23568.8,23544.9,23557.3125
2025-02-07 13:30:00,23557.775,23591.4,23557.775,23574.6375
2025-02-07 13:45:00,23569.875,23576.75,23487.35,23536.3875
2025-02-07 14:00:00,23540.725,23540.725,23453.25,23488.775
2025-02-07 14:15:00,23485.9,23485.9,23443.2,23460.0375
2025-02-07 14:30:00,23463.95,23490.75,23450.9,23466.65
2025-02-07 14:45:00,23462.475,23495.2,23450.25,23473.5625
2025-02-07 15:00:00,23474.4,23574.75,23474.4,23532.5125
2025-02-07 15:15:00,23532.25,23591.25,23532.25,23571.4375
2025-02-10 09:15:00,23568.575,23568.6,23454.4,23510.1
2025-02-10 09:30:00,23508.7,23508.7,23403.35,23440.5625
2025-02-10 09:45:00,23440.925,23459.55,23404.9,23429.6875
2025-02-10 10:00:00,23427.15,23461.4,23366.1,23411.675
2025-02-10 10:15:00,23409.6,23409.6,23357.6,23376.5625
2025-02-10 10:30:00,23378.95,23406.15,23363.9,23388.1125
2025-02-10 10:45:00,23391.2,23400.4,23365.4,23389.4125
2025-02-10 11:00:00,23395.925,23402.3,23380.45,23394.75
2025-02-10 11:15:00,23398.125,23403.3,23371.35,23391.9
2025-02-10 11:30:00,23396.475,23401.65,23379.85,23390.45
2025-02-10 11:45:00,23390.15,23400.35,23363.9,23379.3
2025-02-10 12:00:00,23376.475,23376.475,23338.2,23356.3125
2025-02-10 12:15:00,23358.525,23371.25,23337.7,23356.4875
2025-02-10 12:30:00,23358.5,23367.65,23342.65,23359.9125
2025-02-10 12:45:00,23364.675,23370.65,23347.2,23358.075
2025-02-10 13:00:00,23357.225,23359.25,23344.0,23352.0625
2025-02-10 13:15:00,23352.5,23356.05,23324.55,23346.4625
2025-02-10 13:30:00,23352.625,23352.625,23317.25,23341.7875
2025-02-10 13:45:00,23349.05,23377.0,23342.2,23356.4125
2025-02-10 14:00:00,23353.225,23361.9,23325.05,23343.35
2025-02-10 14:15:00,23343.225,23343.225,23316.3,23330.4625
2025-02-10 14:30:00,23332.725,23392.2,23332.725,23359.6
2025-02-10 14:45:00,23354.425,23401.0,23354.425,23383.1125
2025-02-10 15:00:00,23385.675,23409.9,23371.6,23390.6875
2025-02-10 15:15:00,23390.625,23390.625,23370.85,23378.7125
2025-02-11 09:15:00,23378.425,23390.05,23295.75,23345.8875
2025-02-11 09:30:00,23348.875,23351.75,23298.9,23326.325
2025-02-11 09:45:00,23327.325,23343.35,23286.45,23318.3625
2025-02-11 10:00:00,23321.825,23321.825,23270.7,23291.0875
2025-02-11 10:15:00,23291.2,23296.15,23261.25,23280.725
2025-02-11 10:30:00,23282.75,23292.0,23258.6,23274.675
2025-02-11 10:45:00,23274.05,23279.35,23250.9,23265.375
2025-02-11 11:00:00,23265.625,23287.9,23260.8,23275.325
2025-02-11 11:15:00,23276.3,23301.75,23259.5,23275.1875
2025-02-11 11:30:00,23269.75,23272.15,23248.45,23261.1
2025-02-11 11:45:00,23261.9,23265.45,23245.6,23255.6375
2025-02-11 12:00:00,23255.75,23261.4,23243.9,23251.8125
2025-02-11 12:15:00,23250.975,23257.4,23237.7,23248.55
2025-02-11 12:30:00,23249.55,23249.55,23233.6,23240.825
2025-02-11 12:45:00,23241.45,23241.45,23177.6,23209.525
2025-02-11 13:00:00,23210.55,23210.55,23026.35,23106.7375
2025-02-11 13:15:00,23107.95,23107.95,23022.45,23049.5
2025-02-11 13:30:00,23037.075,23083.7,23023.55,23056.1125
2025-02-11 13:45:00,23058.6,23081.6,23037.3,23059.125
2025-02-11 14:00:00,23058.8,23058.8,22986.65,23034.1
2025-02-11 14:15:00,23047.875,23054.95,23006.4,23033.0875
2025-02-11 14:30:00,23035.5,23044.65,23009.6,23024.9875
2025-02-11 14:45:00,23022.85,23118.4,23022.85,23057.5
2025-02-11 15:00:00,23042.075,23086.85,23042.075,23067.3
2025-02-11 15:15:00,23064.35,23080.8,23060.4,23071.4875
2025-02-12 09:15:00,23072.375,23097.95,22978.4,23026.3875
2025-02-12 09:30:00,23014.6,23014.6,22891.75,22942.2
2025-02-12 09:45:00,22945.325,22945.325,22828.7,22873.4125
2025-02-12 10:00:00,22876.35,22876.35,22814.5,22837.8875
2025-02-12 10:15:00,22835.375,22880.3,22798.35,22841.9
2025-02-12 10:30:00,22844.475,22925.6,22844.475,22874.95
2025-02-12 10:45:00,22862.025,22954.45,22862.025,22903.65
2025-02-12 11:00:00,22896.325,22944.8,22872.2,22916.45
2025-02-12 11:15:00,22924.4,22941.15,22905.6,22924.925
2025-02-12 11:30:00,22926.475,23009.55,22895.9,22960.475
2025-02-12 11:45:00,22968.225,23077.4,22968.225,23027.9875
2025-02-12 12:00:00,23030.575,23072.95,23022.8,23047.8625
2025-02-12 12:15:00,23047.85,23053.85,22997.3,23028.2125
2025-02-12 12:30:00,23030.85,23087.6,23017.05,23041.0375
2025-02-12 12:45:00,23029.75,23110.85,23029.75,23069.2125
2025-02-12 13:00:00,23060.2,23120.0,23051.7,23087.4375
2025-02-12 13:15:00,23089.025,23126.4,23087.15,23109.95
2025-02-12 13:30:00,23113.125,23144.7,23061.9,23106.9625
2025-02-12 13:45:00,23110.625,23110.625,22997.7,23050.475
2025-02-12 14:00:00,23051.375,23051.375,22964.55,23000.0625
2025-02-12 14:15:00,23002.25,23030.6,22980.75,23002.975
2025-02-12 14:30:00,23000.275,23009.35,22956.65,22988.9875
2025-02-12 14:45:00,22994.975,22998.35,22968.0,22986.7125
2025-02-12 15:00:00,22990.25,23059.65,22990.25,23023.1
2025-02-12 15:15:00,23021.075,23063.2,23021.075,23053.75
2025-02-13 09:15:00,23054.325,23115.05,22992.2,23047.0625
2025-02-13 09:30:00,23040.5,23129.15,23024.55,23074.55
2025-02-13 09:45:00,23072.25,23190.55,23072.25,23151.35
2025-02-13 10:00:00,23147.2,23192.5,23147.2,23174.2875
2025-02-13 10:15:00,23174.1,23190.6,23131.75,23160.4375
2025-02-13 10:30:00,23159.7,23209.0,23138.55,23171.375
2025-02-13 10:45:00,23168.975,23201.65,23168.975,23185.6125
2025-02-13 11:00:00,23183.875,23205.0,23159.4,23180.675
2025-02-13 11:15:00,23179.15,23199.9,23179.15,23189.5
2025-02-13 11:30:00,23189.15,23227.0,23189.15,23210.05
2025-02-13 11:45:00,23209.725,23235.5,23207.9,23221.9625
2025-02-13 12:00:00,23222.225,23225.8,23185.25,23206.9
2025-02-13 12:15:00,23208.275,23210.0,23183.2,23196.0
2025-02-13 12:30:00,23195.4,23206.85,23176.15,23193.4625
2025-02-13 12:45:00,23195.425,23206.55,23182.7,23193.5375
2025-02-13 13:00:00,23192.45,23200.65,23153.1,23174.5
2025-02-13 13:15:00,23172.125,23177.65,23131.85,23153.325
2025-02-13 13:30:00,23151.9,23153.5,23054.55,23111.2625
2025-02-13 13:45:00,23118.5,23118.5,23043.6,23076.425
2025-02-13 14:00:00,23082.525,23102.0,23032.7,23069.325
2025-02-13 14:15:00,23071.3,23074.5,23046.15,23060.225
2025-02-13 14:30:00,23060.125,23060.125,23004.7,23035.1125
2025-02-13 14:45:00,23039.475,23056.6,23016.55,23036.5875
2025-02-13 15:00:00,23036.6,23063.8,23019.25,23041.3375
2025-02-13 15:15:00,23041.15,23041.15,23014.4,23025.825
2025-02-14 09:15:00,23024.775,23133.7,23024.775,23071.5625
2025-02-14 09:30:00,23062.9,23070.95,23007.2,23037.1375
2025-02-14 09:45:00,23035.2,23074.4,23016.8,23046.2875
2025-02-14 10:00:00,23046.975,23094.35,23041.55,23057.35
2025-02-14 10:15:00,23046.75,23082.25,23031.2,23047.2125
2025-02-14 10:30:00,23037.7,23045.55,22920.1,22980.675
2025-02-14 10:45:00,22978.525,22978.525,22885.85,22914.025
2025-02-14 11:00:00,22918.05,22919.6,22843.3,22892.1875
2025-02-14 11:15:00,22902.925,22902.925,22854.7,22874.475
2025-02-14 11:30:00,22874.075,22902.0,22846.05,22875.9375
2025-02-14 11:45:00,22877.85,22922.35,22877.85,22907.625
2025-02-14 12:00:00,22910.6,22921.95,22818.6,22875.5125
2025-02-14 12:15:00,22880.75,22880.75,22815.1,22840.7375
2025-02-14 12:30:00,22844.95,22866.95,22832.15,22845.6125
2025-02-14 12:45:00,22841.675,22852.7,22800.9,22822.9875
2025-02-14 13:00:00,22819.175,22819.175,22774.85,22799.975
2025-02-14 13:15:00,22804.875,22850.15,22800.4,22823.8
2025-02-14 13:30:00,22822.325,22845.05,22794.9,22822.75
2025-02-14 13:45:00,22825.525,22825.525,22785.6,22801.95
2025-02-14 14:00:00,22802.325,22811.8,22775.95,22795.45
2025-02-14 14:15:00,22797.025,22876.85,22797.025,22834.6125
2025-02-14 14:30:00,22831.2,22966.45,22831.2,22910.2625
2025-02-14 14:45:00,22910.625,22963.45,22893.6,22939.0375
2025-02-14 15:00:00,22949.55,22958.95,22913.85,22936.225
2025-02-14 15:15:00,22936.05,22936.05,22895.85,22915.6375
2025-02-17 09:15:00,22967.0,22967.0,22725.45,22810.3875
2025-02-17 09:30:00,22820.675,22839.45,22755.75,22801.0625
2025-02-17 09:45:00,22804.525,22810.2,22740.2,22774.65
2025-02-17 10:00:00,22774.1,22785.85,22744.0,22764.375
2025-02-17 10:15:00,22763.825,22827.85,22750.75,22790.8125
2025-02-17 10:30:00,22792.325,22916.15,22792.325,22868.3625
2025-02-17 10:45:00,22871.55,22926.65,22862.6,22895.65
2025-02-17 11:00:00,22896.675,22896.675,22797.25,22844.2375
2025-02-17 11:15:00,22842.375,22847.9,22799.8,22823.5
2025-02-17 11:30:00,22823.15,22856.25,22819.6,22842.725
2025-02-17 11:45:00,22847.525,22868.4,22839.4,22856.7125
2025-02-17 12:00:00,22859.525,22889.5,22823.05,22849.8125
2025-02-17 12:15:00,22843.35,22843.35,22796.2,22817.6375
2025-02-17 12:30:00,22821.825,22852.7,22809.85,22832.3875
2025-02-17 12:45:00,22833.5,22882.2,22833.5,22862.75
2025-02-17 13:00:00,22863.875,22899.8,22837.55,22863.875
2025-02-17 13:15:00,22859.075,22873.35,22834.1,22851.8375
2025-02-17 13:30:00,22849.95,22959.35,22849.95,22904.475
2025-02-17 13:45:00,22899.45,22949.0,22882.55,22917.0
2025-02-17 14:00:00,22918.225,22934.05,22876.75,22899.0375
2025-02-17 14:15:00,22892.675,22927.0,22887.1,22904.1625
2025-02-17 14:30:00,22901.275,22919.2,22883.3,22907.45
2025-02-17 14:45:00,22913.65,22949.95,22896.4,22924.25
2025-02-17 15:00:00,22925.325,22970.75,22925.325,22954.7625
2025-02-17 15:15:00,22955.1,22974.2,22954.8,22965.75
2025-02-18 09:15:00,22967.0,22992.5,22876.85,22933.425
2025-02-18 09:30:00,22932.175,22934.8,22868.45,22907.025
2025-02-18 09:45:00,22912.425,22968.3,22907.55,22928.6875
2025-02-18 10:00:00,22919.45,22945.0,22893.25,22911.8625
2025-02-18 10:15:00,22904.6,22909.05,22820.05,22862.5875
2025-02-18 10:30:00,22860.625,22860.625,22814.15,22831.5125
2025-02-18 10:45:00,22833.95,22877.55,22828.0,22853.9125
2025-02-18 11:00:00,22855.05,22870.2,22801.5,22838.8
2025-02-18 11:15:00,22841.75,22844.0,22807.5,22826.1625
2025-02-18 11:30:00,22826.575,22867.15,22826.575,22851.075
2025-02-18 11:45:00,22853.1,22900.7,22836.85,22860.275
2025-02-18 12:00:00,22851.775,22867.5,22830.8,22849.5
2025-02-18 12:15:00,22849.85,22882.45,22849.85,22868.6625
2025-02-18 12:30:00,22869.85,22909.55,22869.85,22884.475
2025-02-18 12:45:00,22877.45,22892.2,22839.95,22866.15
2025-02-18 13:00:00,22866.225,22879.85,22843.7,22862.2
2025-02-18 13:15:00,22862.625,22894.9,22862.625,22883.2375
2025-02-18 13:30:00,22883.15,22934.3,22883.15,22908.3875
2025-02-18 13:45:00,22907.625,22929.95,22898.9,22916.7625
2025-02-18 14:00:00,22919.1,22932.6,22890.0,22913.6375
2025-02-18 14:15:00,22915.975,22947.65,22909.7,22930.5375
2025-02-18 14:30:00,22932.4,22952.7,22924.8,22942.975
2025-02-18 14:45:00,22947.2,22966.55,22925.8,22945.3375
2025-02-18 15:00:00,22944.5,22970.8,22944.5,22953.5375
2025-02-18 15:15:00,22948.75,22952.1,22918.3,22936.4125
2025-02-19 09:15:00,22937.625,22937.625,22814.85,22848.0125
2025-02-19 09:30:00,22850.075,22912.35,22846.8,22880.925
2025-02-19 09:45:00,22882.275,22992.05,22882.275,22951.4125
2025-02-19 10:00:00,22950.775,22996.2,22950.775,22981.1
2025-02-19 10:15:00,22986.975,23043.05,22986.4,23012.5375
2025-02-19 10:30:00,23010.35,23049.95,23009.5,23028.475
2025-02-19 10:45:00,23027.225,23028.1,22926.25,22975.825
2025-02-19 11:00:00,22974.475,22974.475,22922.45,22948.65
2025-02-19 11:15:00,22950.025,22985.65,22946.4,22966.2
2025-02-19 11:30:00,22966.375,22987.8,22953.45,22965.4
2025-02-19 11:45:00,22960.175,23003.95,22959.25,22981.1
2025-02-19 12:00:00,22980.6,23011.4,22980.6,23001.0125
2025-02-19 12:15:00,23000.425,23023.55,22968.4,22990.0125
2025-02-19 12:30:00,22984.05,22984.05,22933.3,22955.95
2025-02-19 12:45:00,22956.875,22956.875,22937.55,22945.8125
2025-02-19 13:00:00,22946.475,22954.05,22914.25,22938.9875
2025-02-19 13:15:00,22943.825,22943.825,22921.25,22932.55
2025-02-19 13:30:00,22933.675,22961.05,22925.8,22938.575
2025-02-19 13:45:00,22933.725,22950.2,22926.5,22935.8625
2025-02-19 14:00:00,22933.375,22953.65,22925.3,22939.5875
2025-02-19 14:15:00,22939.7,22951.25,22861.85,22906.7375
2025-02-19 14:30:00,22906.925,22906.925,22858.8,22876.125
2025-02-19 14:45:00,22871.775,22927.05,22871.775,22900.9625
2025-02-19 15:00:00,22899.125,22949.15,22899.125,22930.525
2025-02-19 15:15:00,22928.425,22940.2,22912.35,22926.75
2025-02-20 09:15:00,22927.225,22927.225,22813.95,22840.65
2025-02-20 09:30:00,22834.05,22898.1,22834.05,22866.85
2025-02-20 09:45:00,22863.775,22890.55,22812.75,22866.8625
2025-02-20 10:00:00,22882.075,22885.75,22858.85,22875.7
2025-02-20 10:15:00,22879.1,22909.75,22868.4,22883.1125
2025-02-20 10:30:00,22877.15,22904.6,22874.75,22885.65
2025-02-20 10:45:00,22881.625,22890.1,22875.1,22884.1625
2025-02-20 11:00:00,22885.725,22913.05,22885.725,22900.15
2025-02-20 11:15:00,22899.825,22914.1,22895.0,22906.1625
2025-02-20 11:30:00,22907.775,22910.4,22897.5,22903.975
2025-02-20 11:45:00,22904.0,22905.9,22879.05,22896.225
2025-02-20 12:00:00,22899.975,22903.95,22888.65,22894.4625
2025-02-20 12:15:00,22892.625,22899.3,22884.75,22891.9125
2025-02-20 12:30:00,22891.8,22908.8,22887.05,22897.625
2025-02-20 12:45:00,22897.325,22906.45,22891.4,22899.2
2025-02-20 13:00:00,22899.475,22899.85,22870.55,22886.725
2025-02-20 13:15:00,22888.25,22889.9,22875.75,22881.8625
2025-02-20 13:30:00,22880.9,22907.3,22880.9,22895.3
2025-02-20 13:45:00,22894.975,22923.0,22894.975,22909.55
2025-02-20 14:00:00,22908.25,22912.75,22893.8,22904.075
2025-02-20 14:15:00,22904.875,22910.35,22895.25,22902.6375
2025-02-20 14:30:00,22902.475,22916.6,22899.75,22908.5875
2025-02-20 14:45:00,22909.0,22923.85,22896.95,22911.4
2025-02-20 15:00:00,22912.4,22920.05,22905.65,22913.5125
2025-02-20 15:15:00,22914.175,22920.8,22905.0,22912.0625
2025-02-21 09:15:00,22911.225,22921.0,22849.65,22880.85
2025-02-21 09:30:00,22876.375,22906.25,22839.75,22871.475
2025-02-21 09:45:00,22869.95,22869.95,22810.1,22830.2875
2025-02-21 10:00:00,22829.05,22829.05,22759.35,22790.4125
2025-02-21 10:15:00,22787.25,22788.35,22733.3,22762.275
2025-02-21 10:30:00,22763.725,22798.0,22763.725,22780.0
2025-02-21 10:45:00,22778.1,22797.95,22755.05,22779.95
2025-02-21 11:00:00,22783.4,22788.65,22740.7,22768.45
2025-02-21 11:15:00,22772.225,22772.225,22746.8,22761.9375
2025-02-21 11:30:00,22766.475,22820.9,22764.65,22787.8125
2025-02-21 11:45:00,22782.85,22809.6,22782.85,22797.2375
2025-02-21 12:00:00,22796.2,22799.05,22776.7,22788.3625
2025-02-21 12:15:00,22788.85,22809.15,22784.15,22796.75
2025-02-21 12:30:00,22796.85,22824.45,22796.85,22811.0875
2025-02-21 12:45:00,22808.85,22818.45,22785.25,22800.0375
2025-02-21 13:00:00,22798.225,22798.225,22757.95,22778.0125
2025-02-21 13:15:00,22782.4,22787.2,22749.75,22766.45
2025-02-21 13:30:00,22764.425,22768.55,22721.8,22744.4375
2025-02-21 13:45:00,22743.7,22758.3,22720.3,22742.5
2025-02-21 14:00:00,22745.7,22781.15,22739.6,22763.675
2025-02-21 14:15:00,22766.975,22792.05,22760.05,22775.375
2025-02-21 14:30:00,22774.7,22792.5,22765.35,22778.45
2025-02-21 14:45:00,22777.975,22800.7,22771.75,22783.1125
2025-02-21 15:00:00,22780.0,22812.7,22771.5,22791.6125
2025-02-21 15:15:00,22791.125,22812.25,22763.2,22787.5
2025-02-24 09:15:00,22787.275,22787.275,22607.5,22627.1125
2025-02-24 09:30:00,22616.45,22644.35,22563.2,22599.5625
2025-02-24 09:45:00,22595.35,22596.95,22568.15,22579.825
2025-02-24 10:00:00,22577.1,22590.05,22560.3,22576.0875
2025-02-24 10:15:00,22577.0,22580.9,22548.35,22567.275
2025-02-24 10:30:00,22569.925,22575.5,22553.0,22562.5875
2025-02-24 10:45:00,22560.925,22579.35,22552.0,22560.35
2025-02-24 11:00:00,22555.025,22580.95,22550.1,22563.1125
2025-02-24 11:15:00,22560.7,22584.6,22560.7,22572.6
2025-02-24 11:30:00,22571.025,22611.85,22568.65,22591.1125
2025-02-24 11:45:00,22591.975,22620.05,22588.55,22602.1125
2025-02-24 12:00:00,22599.925,22599.925,22559.35,22576.2375
2025-02-24 12:15:00,22575.775,22575.775,22558.6,22563.45
2025-02-24 12:30:00,22561.675,22583.9,22553.9,22566.1375
2025-02-24 12:45:00,22563.375,22587.45,22562.65,22572.75
2025-02-24 13:00:00,22570.45,22591.0,22570.45,22577.45
2025-02-24 13:15:00,22573.95,22580.35,22544.3,22564.2875
2025-02-24 13:30:00,22566.25,22566.25,22524.7,22545.925
2025-02-24 13:45:00,22546.9,22547.55,22518.8,22536.4125
2025-02-24 14:00:00,22539.65,22553.5,22531.7,22543.875
2025-02-24 14:15:00,22545.15,22562.3,22536.45,22546.35
2025-02-24 14:30:00,22543.325,22576.45,22540.95,22557.8
2025-02-24 14:45:00,22556.9,22590.15,22556.9,22575.375
2025-02-24 15:00:00,22572.25,22577.05,22545.3,22562.2875
2025-02-24 15:15:00,22563.4,22563.4,22544.15,22552.6625
2025-02-25 09:15:00,22551.725,22584.65,22516.45,22542.575
2025-02-25 09:30:00,22534.6,22611.75,22534.6,22579.025
2025-02-25 09:45:00,22579.05,22625.3,22579.05,22607.275
2025-02-25 10:00:00,22606.1,22608.4,22582.2,22598.6625
2025-02-25 10:15:00,22602.025,22602.025,22565.9,22585.3875
2025-02-25 10:30:00,22587.25,22594.0,22565.0,22579.775
2025-02-25 10:45:00,22580.05,22585.7,22558.9,22572.775
2025-02-25 11:00:00,22573.25,22573.25,22555.15,22563.775
2025-02-25 11:15:00,22565.35,22569.2,22550.65,22559.95
2025-02-25 11:30:00,22559.975,22569.7,22544.85,22559.225
2025-02-25 11:45:00,22561.175,22573.6,22555.85,22564.3375
2025-02-25 12:00:00,22563.95,22581.15,22553.0,22566.5
2025-02-25 12:15:00,22565.925,22590.3,22565.925,22578.25
2025-02-25 12:30:00,22575.3,22578.25,22566.05,22572.475
2025-02-25 12:45:00,22572.8,22580.9,22566.95,22572.375
2025-02-25 13:00:00,22570.825,22600.4,22570.825,22585.3875
2025-02-25 13:15:00,22583.675,22595.35,22571.25,22584.1625
2025-02-25 13:30:00,22585.025,22590.9,22575.95,22582.95
2025-02-25 13:45:00,22582.475,22595.9,22577.5,22585.3
2025-02-25 14:00:00,22583.9,22591.0,22575.1,22582.675
2025-02-25 14:15:00,22582.3,22585.4,22573.95,22580.95
2025-02-25 14:30:00,22582.225,22585.95,22577.15,22581.5125
2025-02-25 14:45:00,22581.475,22583.25,22568.0,22575.975
2025-02-25 15:00:00,22576.325,22576.325,22546.25,22561.4875
2025-02-25 15:15:00,22563.2,22563.2,22513.9,22538.675
2025-02-27 09:15:00,22540.425,22613.3,22540.425,22572.375
2025-02-27 09:30:00,22562.35,22576.25,22535.05,22556.575
2025-02-27 09:45:00,22557.5,22570.0,22530.0,22549.6625
2025-02-27 10:00:00,22549.325,22552.45,22535.75,22542.1125
2025-02-27 10:15:00,22540.125,22549.75,22526.4,22538.725
2025-02-27 10:30:00,22539.375,22554.95,22533.2,22544.2875
2025-02-27 10:45:00,22544.5,22564.7,22544.5,22554.1
2025-02-27 11:00:00,22551.8,22551.8,22540.8,22547.6125
2025-02-27 11:15:00,22549.15,22557.25,22538.2,22546.1625
2025-02-27 11:30:00,22544.6,22544.6,22528.3,22535.0875
2025-02-27 11:45:00,22535.875,22537.45,22524.2,22529.2625
2025-02-27 12:00:00,22527.7,22528.65,22519.6,22524.8625
2025-02-27 12:15:00,22525.6,22534.1,22524.4,22528.0375
2025-02-27 12:30:00,22526.825,22528.6,22516.15,22524.7875
2025-02-27 12:45:00,22527.2,22535.6,22526.1,22530.925
2025-02-27 13:00:00,22531.0,22537.65,22527.1,22531.9375
2025-02-27 13:15:00,22531.5,22540.65,22525.95,22532.9875
2025-02-27 13:30:00,22532.675,22542.6,22531.05,22537.175
2025-02-27 13:45:00,22537.525,22544.75,22532.15,22539.5125
2025-02-27 14:00:00,22540.575,22550.45,22537.15,22543.4375
2025-02-27 14:15:00,22543.075,22553.75,22540.7,22547.3875
2025-02-27 14:30:00,22547.55,22552.9,22534.85,22546.3625
2025-02-27 14:45:00,22548.85,22556.9,22543.8,22549.3125
2025-02-27 15:00:00,22548.275,22556.1,22539.05,22546.7625
2025-02-27 15:15:00,22545.95,22548.8,22508.4,22527.6
2025-02-28 09:15:00,22526.6,22526.6,22308.2,22382.0125
2025-02-28 09:30:00,22384.75,22384.75,22249.1,22297.075
2025-02-28 09:45:00,22299.7,22299.7,22233.6,22253.1
2025-02-28 10:00:00,22248.25,22262.9,22224.1,22246.1375
2025-02-28 10:15:00,22248.775,22293.5,22248.775,22271.4875
2025-02-28 10:30:00,22266.95,22300.5,22266.95,22282.3125
2025-02-28 10:45:00,22280.4,22294.1,22242.45,22267.0625
2025-02-28 11:00:00,22265.85,22265.85,22240.2,22248.475
2025-02-28 11:15:00,22245.0,22261.2,22239.65,22251.75
2025-02-28 11:30:00,22253.075,22280.0,22238.1,22254.625
2025-02-28 11:45:00,22250.2,22250.2,22220.55,22236.275
2025-02-28 12:00:00,22239.15,22240.8,22217.5,22229.5125
2025-02-28 12:15:00,22229.875,22253.75,22221.75,22236.375
2025-02-28 12:30:00,22235.0,22249.3,22167.4,22208.1625
2025-02-28 12:45:00,22207.975,22207.975,22108.3,22142.275
2025-02-28 13:00:00,22140.175,22148.3,22105.15,22122.4375
2025-02-28 13:15:00,22118.15,22145.0,22118.15,22129.775
2025-02-28 13:30:00,22126.45,22130.15,22111.55,22122.3
2025-02-28 13:45:00,22123.75,22163.8,22114.85,22132.85
2025-02-28 14:00:00,22126.375,22139.45,22118.45,22131.5625
2025-02-28 14:15:00,22134.175,22155.8,22123.55,22139.4875
2025-02-28 14:30:00,22139.3,22173.3,22124.95,22152.9625
2025-02-28 14:45:00,22156.8,22198.75,22153.9,22173.8125
2025-02-28 15:00:00,22171.3,22176.55,22117.25,22147.3
2025-02-28 15:15:00,22147.7,22147.7,22104.85,22121.1875
2025-03-03 09:15:00,22126.125,22261.55,22126.125,22196.375
2025-03-03 09:30:00,22184.55,22189.25,22127.5,22155.075
2025-03-03 09:45:00,22151.775,22151.775,22050.55,22095.2875
2025-03-03 10:00:00,22098.8,22098.8,22012.25,22044.3625
2025-03-03 10:15:00,22046.5,22104.2,22022.8,22063.1875
2025-03-03 10:30:00,22062.875,22100.9,22038.4,22070.6125
2025-03-03 10:45:00,22071.575,22080.55,22035.1,22051.2875
2025-03-03 11:00:00,22044.75,22049.85,22005.7,22032.7375
2025-03-03 11:15:00,22037.7,22037.7,22004.7,22025.7875
2025-03-03 11:30:00,22031.0,22044.25,22010.5,22026.0
2025-03-03 11:45:00,22024.625,22040.3,22011.35,22020.375
2025-03-03 12:00:00,22014.925,22055.85,22006.7,22032.6
2025-03-03 12:15:00,22033.925,22086.5,22033.925,22062.8625
2025-03-03 12:30:00,22063.925,22110.95,22063.925,22089.6875
2025-03-03 12:45:00,22088.475,22154.15,22088.475,22119.9
2025-03-03 13:00:00,22109.8,22155.05,22105.0,22132.1
2025-03-03 13:15:00,22134.175,22174.15,22110.4,22139.1625
2025-03-03 13:30:00,22136.05,22136.05,22092.45,22114.5375
2025-03-03 13:45:00,22119.7,22149.75,22098.6,22117.4625
2025-03-03 14:00:00,22110.75,22128.5,22071.9,22105.5625
2025-03-03 14:15:00,22110.925,22153.55,22092.3,22129.3125
2025-03-03 14:30:00,22135.7,22150.8,22120.4,22139.6125
2025-03-03 14:45:00,22143.625,22144.75,22112.35,22132.675
2025-03-03 15:00:00,22136.8,22136.8,22099.2,22119.275
2025-03-03 15:15:00,22123.525,22146.55,22110.1,22129.2625
2025-03-04 09:15:00,22130.2,22130.2,21964.6,21997.575
2025-03-04 09:30:00,21988.025,22069.35,21988.025,22025.4625
2025-03-04 09:45:00,22020.45,22071.7,22013.6,22045.775
2025-03-04 10:00:00,22048.9,22091.05,22032.1,22058.125
2025-03-04 10:15:00,22054.675,22076.85,22049.25,22058.7125
2025-03-04 10:30:00,22054.375,22077.2,22048.15,22059.275
2025-03-04 10:45:00,22055.875,22089.4,22051.3,22068.975
2025-03-04 11:00:00,22067.6,22104.25,22067.6,22085.575
2025-03-04 11:15:00,22082.825,22086.2,22063.2,22075.5
2025-03-04 11:30:00,22076.3,22086.35,22068.35,22073.675
2025-03-04 11:45:00,22070.0,22073.15,22048.8,22065.8625
2025-03-04 12:00:00,22070.75,22074.5,22047.95,22063.0875
2025-03-04 12:15:00,22064.95,22075.35,22049.65,22062.8875
2025-03-04 12:30:00,22063.275,22074.65,22063.275,22067.7375
2025-03-04 12:45:00,22066.175,22073.3,22049.0,22059.7875
2025-03-04 13:00:00,22058.425,22058.425,22035.05,22051.1625
2025-03-04 13:15:00,22056.0,22068.75,22046.1,22055.5
2025-03-04 13:30:00,22053.575,22059.95,22039.95,22051.7875
2025-03-04 13:45:00,22053.625,22074.45,22047.35,22061.45
2025-03-04 14:00:00,22062.0,22105.05,22062.0,22081.5625
2025-03-04 14:15:00,22078.575,22100.35,22075.2,22087.375
2025-03-04 14:30:00,22086.975,22096.15,22077.95,22085.6375
2025-03-04 14:45:00,22084.225,22104.65,22075.5,22090.5625
2025-03-04 15:00:00,22091.05,22098.55,22074.85,22088.275
2025-03-04 15:15:00,22089.85,22090.95,22064.7,22079.6375
2025-03-05 09:15:00,22081.45,22197.85,22067.8,22133.0
2025-03-05 09:30:00,22133.175,22250.2,22133.175,22216.4
2025-03-05 09:45:00,22215.2,22264.1,22215.2,22247.2875
2025-03-05 10:00:00,22247.025,22265.15,22227.2,22246.525
2025-03-05 10:15:00,22246.875,22251.4,22211.1,22238.075
2025-03-05 10:30:00,22244.9,22284.7,22244.85,22265.825
2025-03-05 10:45:00,22266.875,22288.35,22266.6,22280.6125
2025-03-05 11:00:00,22283.75,22296.35,22270.6,22283.4
2025-03-05 11:15:00,22283.325,22293.4,22277.0,22285.775
2025-03-05 11:30:00,22286.35,22337.4,22286.35,22313.925
2025-03-05 11:45:00,22314.05,22375.05,22314.05,22351.425
2025-03-05 12:00:00,22347.1,22372.8,22347.1,22361.2875
2025-03-05 12:15:00,22359.875,22371.05,22347.7,22362.3
2025-03-05 12:30:00,22365.225,22394.9,22365.225,22376.125
2025-03-05 12:45:00,22370.475,22377.65,22350.25,22363.9875
2025-03-05 13:00:00,22364.025,22367.35,22333.1,22351.05
2025-03-05 13:15:00,22351.875,22363.05,22344.0,22352.4875
2025-03-05 13:30:00,22351.45,22354.5,22301.75,22330.8875
2025-03-05 13:45:00,22333.65,22338.75,22310.7,22323.2
2025-03-05 14:00:00,22321.675,22333.35,22312.85,22325.325
2025-03-05 14:15:00,22327.55,22327.55,22292.3,22317.3
2025-03-05 14:30:00,22325.1,22343.45,22309.35,22328.6
2025-03-05 14:45:00,22330.8,22353.85,22328.3,22340.825
2025-03-05 15:00:00,22340.575,22344.2,22324.6,22336.5375
2025-03-05 15:15:00,22338.675,22351.25,22326.35,22339.85
2025-03-06 09:15:00,22340.9,22491.3,22340.9,22419.775
2025-03-06 09:30:00,22419.3,22419.3,22297.9,22337.2875
2025-03-06 09:45:00,22339.625,22339.625,22245.85,22301.25
2025-03-06 10:00:00,22314.825,22364.8,22305.1,22328.7625
2025-03-06 10:15:00,22322.575,22366.35,22322.575,22344.7125
2025-03-06 10:30:00,22344.775,22377.8,22338.9,22360.4625
2025-03-06 10:45:00,22362.575,22378.5,22354.05,22366.3
2025-03-06 11:00:00,22366.325,22455.55,22355.55,22403.05
2025-03-06 11:15:00,22400.55,22438.8,22321.5,22384.1625
2025-03-06 11:30:00,22388.175,22388.175,22319.95,22352.825
2025-03-06 11:45:00,22356.7,22416.75,22356.7,22391.225
2025-03-06 12:00:00,22386.975,22427.0,22386.975,22409.275
2025-03-06 12:15:00,22405.85,22437.75,22405.85,22421.4875
2025-03-06 12:30:00,22420.05,22462.2,22420.05,22439.6125
2025-03-06 12:45:00,22438.1,22485.9,22430.65,22454.2125
2025-03-06 13:00:00,22450.15,22478.65,22446.45,22460.8
2025-03-06 13:15:00,22459.05,22481.55,22451.55,22466.8
2025-03-06 13:30:00,22467.05,22492.85,22458.25,22475.9
2025-03-06 13:45:00,22476.25,22519.25,22476.25,22499.6
2025-03-06 14:00:00,22497.375,22528.95,22497.375,22513.3125
2025-03-06 14:15:00,22510.075,22516.35,22493.7,22503.4
2025-03-06 14:30:00,22501.775,22543.65,22491.15,22517.1125
2025-03-06 14:45:00,22516.825,22555.85,22516.825,22540.9375
2025-03-06 15:00:00,22541.9,22556.45,22531.75,22545.625
2025-03-06 15:15:00,22547.15,22553.35,22520.6,22537.825
2025-03-07 09:15:00,22538.675,22572.85,22464.75,22514.4125
2025-03-07 09:30:00,22510.025,22563.75,22478.35,22512.75
2025-03-07 09:45:00,22504.45,22549.0,22470.8,22516.4
2025-03-07 10:00:00,22522.9,22606.4,22522.9,22575.225
2025-03-07 10:15:00,22577.275,22625.5,22577.275,22601.875
2025-03-07 10:30:00,22602.1,22605.6,22579.35,22593.1
2025-03-07 10:45:00,22593.725,22616.0,22568.2,22586.4125
2025-03-07 11:00:00,22580.725,22619.8,22567.85,22593.025
2025-03-07 11:15:00,22592.225,22633.8,22592.225,22612.2
2025-03-07 11:30:00,22607.55,22612.1,22585.7,22599.725
2025-03-07 11:45:00,22600.55,22600.55,22548.25,22577.55
2025-03-07 12:00:00,22580.9,22580.9,22516.1,22542.525
2025-03-07 12:15:00,22544.75,22546.95,22509.05,22531.75
2025-03-07 12:30:00,22535.5,22583.3,22535.5,22561.4
2025-03-07 12:45:00,22560.65,22577.35,22533.45,22560.8375
2025-03-07 13:00:00,22566.275,22566.275,22530.3,22545.25
2025-03-07 13:15:00,22547.225,22572.65,22539.3,22554.0875
2025-03-07 13:30:00,22552.2,22576.0,22550.3,22564.9125
2025-03-07 13:45:00,22566.675,22569.0,22522.7,22548.075
2025-03-07 14:00:00,22550.3,22554.75,22533.6,22543.9625
2025-03-07 14:15:00,22543.75,22578.8,22543.75,22564.4125
2025-03-07 14:30:00,22564.05,22595.7,22564.05,22581.1625
2025-03-07 14:45:00,22582.4,22606.6,22581.25,22594.675
2025-03-07 15:00:00,22595.425,22607.65,22556.65,22580.5625
2025-03-07 15:15:00,22578.975,22578.975,22530.35,22545.6375
2025-03-10 09:15:00,22547.25,22603.25,22498.65,22551.875
2025-03-10 09:30:00,22552.8,22654.85,22552.8,22618.425
2025-03-10 09:45:00,22618.35,22676.75,22618.35,22657.0625
2025-03-10 10:00:00,22656.425,22662.75,22624.8,22644.4625
2025-03-10 10:15:00,22645.15,22645.15,22604.05,22621.8375
2025-03-10 10:30:00,22619.85,22644.65,22603.8,22625.05
2025-03-10 10:45:00,22625.875,22650.5,22625.875,22641.9625
2025-03-10 11:00:00,22640.675,22640.675,22609.85,22626.1125
2025-03-10 11:15:00,22627.55,22634.4,22606.55,22618.725
2025-03-10 11:30:00,22616.975,22645.35,22616.5,22629.0875
2025-03-10 11:45:00,22627.25,22638.35,22609.45,22624.125
2025-03-10 12:00:00,22624.35,22624.35,22582.35,22599.0125
2025-03-10 12:15:00,22599.6,22599.6,22563.35,22584.4125
2025-03-10 12:30:00,22588.35,22600.85,22580.65,22589.4625
2025-03-10 12:45:00,22588.175,22598.5,22577.75,22590.1
2025-03-10 13:00:00,22592.075,22619.3,22589.1,22601.5
2025-03-10 13:15:00,22598.8,22602.2,22578.35,22593.25
2025-03-10 13:30:00,22596.225,22596.225,22562.95,22578.15
2025-03-10 13:45:00,22577.725,22577.725,22532.9,22553.5625
2025-03-10 14:00:00,22557.875,22560.25,22539.5,22549.7875
2025-03-10 14:15:00,22549.7,22549.7,22460.1,22504.5
2025-03-10 14:30:00,22504.4,22504.4,22429.65,22452.7875
2025-03-10 14:45:00,22448.75,22467.95,22429.05,22447.6875
2025-03-10 15:00:00,22446.875,22479.35,22446.875,22463.3375
2025-03-10 15:15:00,22463.175,22472.55,22436.4,22455.0625
2025-03-11 09:15:00,22455.65,22455.65,22314.7,22353.3875
2025-03-11 09:30:00,22355.625,22395.95,22325.05,22361.6375
2025-03-11 09:45:00,22362.775,22412.1,22354.0,22384.1
2025-03-11 10:00:00,22385.15,22426.35,22379.05,22408.7625
2025-03-11 10:15:00,22414.825,22437.95,22406.65,22423.9
2025-03-11 10:30:00,22425.5,22449.35,22397.25,22428.975
2025-03-11 10:45:00,22434.65,22468.95,22419.4,22444.95
2025-03-11 11:00:00,22445.725,22485.85,22445.725,22458.875
2025-03-11 11:15:00,22451.4,22455.2,22421.45,22437.95
2025-03-11 11:30:00,22437.575,22444.35,22415.55,22428.775
2025-03-11 11:45:00,22427.6,22448.0,22427.6,22437.7625
2025-03-11 12:00:00,22437.65,22445.45,22421.45,22436.8875
2025-03-11 12:15:00,22440.325,22455.7,22430.3,22444.6
2025-03-11 12:30:00,22446.2,22466.4,22446.2,22458.025
2025-03-11 12:45:00,22459.35,22465.9,22448.65,22457.3
2025-03-11 13:00:00,22457.325,22457.4,22435.2,22447.475
2025-03-11 13:15:00,22448.65,22475.5,22437.65,22455.4125
2025-03-11 13:30:00,22454.25,22477.05,22449.6,22465.95
2025-03-11 13:45:00,22468.575,22503.15,22468.575,22486.125
2025-03-11 14:00:00,22484.9,22510.1,22480.3,22497.0875
2025-03-11 14:15:00,22498.975,22516.0,22495.55,22503.475
2025-03-11 14:30:00,22501.175,22507.65,22483.55,22494.7875
2025-03-11 14:45:00,22493.975,22507.65,22478.2,22494.625
2025-03-11 15:00:00,22496.325,22512.55,22469.35,22496.675
2025-03-11 15:15:00,22502.4,22522.1,22490.75,22508.7
2025-03-12 09:15:00,22510.975,22577.4,22461.3,22509.0875
2025-03-12 09:30:00,22498.825,22505.95,22450.1,22474.7875
2025-03-12 09:45:00,22471.55,22514.1,22447.2,22478.0125
2025-03-12 10:00:00,22475.375,22475.375,22417.55,22447.1125
2025-03-12 10:15:00,22447.775,22447.775,22410.15,22424.375
2025-03-12 10:30:00,22422.325,22460.85,22416.35,22436.9125
2025-03-12 10:45:00,22435.225,22454.55,22397.75,22427.6
2025-03-12 11:00:00,22429.05,22429.05,22394.95,22410.425
2025-03-12 11:15:00,22412.35,22420.5,22376.45,22399.625
2025-03-12 11:30:00,22400.775,22400.775,22340.7,22366.85
2025-03-12 11:45:00,22367.875,22367.875,22333.5,22346.9875
2025-03-12 12:00:00,22345.3,22368.1,22329.55,22351.75
2025-03-12 12:15:00,22354.675,22373.4,22346.35,22364.5125
2025-03-12 12:30:00,22369.15,22384.8,22344.75,22361.7375
2025-03-12 12:45:00,22358.7,22385.25,22331.75,22357.9125
2025-03-12 13:00:00,22357.325,22405.85,22357.325,22383.3625
2025-03-12 13:15:00,22384.925,22445.3,22384.925,22420.2
2025-03-12 13:30:00,22416.525,22444.9,22400.95,22421.675
2025-03-12 13:45:00,22420.425,22420.425,22392.05,22408.0625
2025-03-12 14:00:00,22411.725,22440.5,22411.725,22425.5875
2025-03-12 14:15:00,22424.775,22469.15,22424.775,22450.9
2025-03-12 14:30:00,22450.925,22475.15,22440.7,22455.8125
2025-03-12 14:45:00,22453.7,22484.9,22441.6,22462.3375
2025-03-12 15:00:00,22461.425,22494.1,22461.425,22478.025
2025-03-12 15:15:00,22476.2,22476.2,22452.75,22467.2625
2025-03-13 09:15:00,22471.125,22556.0,22460.4,22510.45
2025-03-13 09:30:00,22512.7,22512.7,22461.95,22484.2625
2025-03-13 09:45:00,22487.0,22540.6,22482.1,22510.3875
2025-03-13 10:00:00,22509.425,22547.45,22509.425,22536.825
2025-03-13 10:15:00,22537.15,22558.05,22525.2,22541.7125
2025-03-13 10:30:00,22541.8,22547.2,22515.25,22531.325
2025-03-13 10:45:00,22531.425,22531.425,22485.85,22506.775
2025-03-13 11:00:00,22508.275,22520.25,22478.3,22502.5875
2025-03-13 11:15:00,22505.9,22520.65,22464.7,22494.325
2025-03-13 11:30:00,22495.975,22495.975,22416.95,22450.5
2025-03-13 11:45:00,22452.1,22452.1,22403.15,22426.3625
2025-03-13 12:00:00,22433.5,22447.1,22424.65,22436.9875
2025-03-13 12:15:00,22438.1,22451.6,22425.75,22439.15
2025-03-13 12:30:00,22439.625,22451.65,22431.65,22442.3125
2025-03-13 12:45:00,22442.975,22461.8,22440.75,22452.825
2025-03-13 13:00:00,22454.375,22462.05,22425.95,22444.1125
2025-03-13 13:15:00,22444.225,22446.15,22419.75,22428.825
2025-03-13 13:30:00,22424.7,22451.65,22420.0,22433.6
2025-03-13 13:45:00,22431.375,22453.5,22431.375,22440.4875
2025-03-13 14:00:00,22438.0,22450.1,22420.65,22434.1875
2025-03-13 14:15:00,22433.0,22434.9,22401.15,22418.75
2025-03-13 14:30:00,22419.475,22419.475,22394.65,22404.9375
2025-03-13 14:45:00,22406.2,22409.2,22384.65,22396.9
2025-03-13 15:00:00,22396.875,22402.85,22377.35,22391.55
2025-03-13 15:15:00,22393.0,22412.75,22379.45,22393.775
2025-03-17 09:15:00,22391.45,22549.5,22353.15,22448.6875
2025-03-17 09:30:00,22446.05,22577.0,22446.05,22552.1
2025-03-17 09:45:00,22546.15,22560.4,22522.95,22545.8
2025-03-17 10:00:00,22549.925,22554.55,22512.75,22531.7
2025-03-17 10:15:00,22529.75,22529.75,22478.8,22498.925
2025-03-17 10:30:00,22501.725,22501.725,22455.4,22477.1625
2025-03-17 10:45:00,22481.25,22500.3,22472.9,22485.775
2025-03-17 11:00:00,22484.95,22505.8,22475.75,22489.0
2025-03-17 11:15:00,22487.225,22498.1,22470.85,22486.175
2025-03-17 11:30:00,22487.875,22530.7,22487.875,22509.9125
2025-03-17 11:45:00,22507.6,22519.85,22483.3,22506.575
2025-03-17 12:00:00,22511.575,22522.15,22503.95,22510.575
2025-03-17 12:15:00,22508.1,22509.55,22454.8,22489.075
2025-03-17 12:30:00,22495.975,22495.975,22442.0,22468.725
2025-03-17 12:45:00,22474.95,22474.95,22445.2,22459.4125
2025-03-17 13:00:00,22462.675,22469.75,22445.45,22460.325
2025-03-17 13:15:00,22463.05,22499.45,22463.05,22482.125
2025-03-17 13:30:00,22481.3,22497.05,22477.65,22491.2125
2025-03-17 13:45:00,22495.075,22516.6,22473.8,22498.775
2025-03-17 14:00:00,22502.35,22528.6,22495.2,22513.8125
2025-03-17 14:15:00,22515.725,22527.85,22501.7,22513.4
2025-03-17 14:30:00,22512.025,22517.3,22481.75,22498.0
2025-03-17 14:45:00,22496.475,22522.7,22487.6,22502.625
2025-03-17 15:00:00,22500.1,22520.05,22500.1,22511.3375
2025-03-17 15:15:00,22510.725,22520.5,22506.25,22513.1625
2025-03-18 09:15:00,22512.95,22671.3,22512.95,22644.25
2025-03-18 09:30:00,22653.25,22703.4,22639.2,22667.0125
2025-03-18 09:45:00,22662.725,22702.05,22662.725,22683.0375
2025-03-18 10:00:00,22682.275,22751.65,22681.45,22715.6625
2025-03-18 10:15:00,22714.775,22763.85,22714.775,22750.9
2025-03-18 10:30:00,22755.175,22774.65,22752.55,22766.3
2025-03-18 10:45:00,22769.0,22774.1,22746.55,22761.325
2025-03-18 11:00:00,22762.325,22764.8,22739.65,22753.2125
2025-03-18 11:15:00,22754.2,22757.65,22741.9,22752.5875
2025-03-18 11:30:00,22755.4,22780.65,22753.25,22763.3125
2025-03-18 11:45:00,22759.675,22781.4,22759.05,22768.95
2025-03-18 12:00:00,22767.675,22777.0,22760.65,22769.1
2025-03-18 12:15:00,22769.375,22770.4,22729.15,22750.05
2025-03-18 12:30:00,22750.325,22750.325,22702.7,22720.7
2025-03-18 12:45:00,22717.525,22736.3,22697.75,22718.825
2025-03-18 13:00:00,22720.625,22762.85,22720.625,22749.875
2025-03-18 13:15:00,22749.775,22784.35,22749.775,22769.1125
2025-03-18 13:30:00,22766.75,22787.15,22766.75,22777.55
2025-03-18 13:45:00,22778.025,22797.35,22774.2,22786.0375
2025-03-18 14:00:00,22786.3,22798.3,22772.65,22783.525
2025-03-18 14:15:00,22781.575,22795.5,22770.35,22783.5125
2025-03-18 14:30:00,22784.1,22797.0,22784.1,22792.7625
2025-03-18 14:45:00,22793.975,22813.35,22793.05,22801.45
2025-03-18 15:00:00,22799.7,22845.95,22799.7,22825.025
2025-03-18 15:15:00,22824.275,22857.8,22824.275,22845.65
2025-03-19 09:15:00,22845.425,22888.3,22807.95,22855.0375
2025-03-19 09:30:00,22861.95,22863.95,22812.15,22845.55
2025-03-19 09:45:00,22853.05,22877.8,22852.55,22863.1125
2025-03-19 10:00:00,22861.05,22879.7,22840.45,22862.225
2025-03-19 10:15:00,22864.375,22910.55,22864.05,22883.9875
2025-03-19 10:30:00,22880.675,22909.55,22880.675,22900.7875
2025-03-19 10:45:00,22902.575,22911.85,22865.3,22896.5625
2025-03-19 11:00:00,22904.55,22914.45,22888.25,22901.525
2025-03-19 11:15:00,22901.7,22905.65,22881.45,22895.15
2025-03-19 11:30:00,22896.75,22905.35,22883.75,22892.2375
2025-03-19 11:45:00,22889.925,22907.15,22875.45,22894.0375
2025-03-19 12:00:00,22896.775,22907.05,22881.35,22894.9875
2025-03-19 12:15:00,22895.775,22914.2,22885.55,22897.175
2025-03-19 12:30:00,22894.475,22915.25,22894.475,22905.375
2025-03-19 12:45:00,22903.6,22937.25,22903.6,22921.15
2025-03-19 13:00:00,22920.425,22940.7,22882.8,22915.7
2025-03-19 13:15:00,22919.65,22927.8,22898.55,22911.3375
2025-03-19 13:30:00,22909.5,22928.15,22909.5,22918.375
2025-03-19 13:45:00,22916.65,22918.85,22899.35,22912.3625
2025-03-19 14:00:00,22915.625,22923.7,22904.95,22912.9625
2025-03-19 14:15:00,22911.6,22929.05,22905.3,22917.775
2025-03-19 14:30:00,22918.375,22937.4,22918.375,22929.8625
2025-03-19 14:45:00,22931.025,22937.7,22923.5,22931.75
2025-03-19 15:00:00,22932.9,22933.65,22905.45,22920.625
2025-03-19 15:15:00,22921.7,22921.7,22895.9,22909.425
2025-03-20 09:15:00,22912.05,23065.45,22912.05,23040.4125
2025-03-20 09:30:00,23050.9,23071.1,23034.1,23055.85
2025-03-20 09:45:00,23059.1,23059.1,23005.65,23035.2625
2025-03-20 10:00:00,23039.975,23045.65,22973.95,23008.4125
2025-03-20 10:15:00,23007.025,23050.7,22982.05,23017.05
2025-03-20 10:30:00,23017.725,23059.1,23017.725,23043.775
2025-03-20 10:45:00,23041.475,23045.0,23021.6,23035.5625
2025-03-20 11:00:00,23037.825,23068.25,23034.8,23051.6
2025-03-20 11:15:00,23051.675,23067.55,23042.65,23056.85
2025-03-20 11:30:00,23058.6,23058.6,23042.65,23052.725
2025-03-20 11:45:00,23055.375,23069.7,23052.55,23060.625
2025-03-20 12:00:00,23060.125,23074.4,23060.125,23067.8875
2025-03-20 12:15:00,23067.9,23083.45,23067.9,23077.1125
2025-03-20 12:30:00,23076.65,23095.8,23072.95,23085.825
2025-03-20 12:45:00,23087.275,23114.75,23087.275,23103.025
2025-03-20 13:00:00,23104.25,23146.2,23096.2,23125.05
2025-03-20 13:15:00,23128.9,23179.7,23128.9,23154.2875
2025-03-20 13:30:00,23152.375,23185.1,23152.375,23170.6625
2025-03-20 13:45:00,23169.5,23195.95,23166.95,23182.5625
2025-03-20 14:00:00,23183.675,23206.55,23179.25,23189.6
2025-03-20 14:15:00,23186.3,23214.0,23171.3,23194.6125
2025-03-20 14:30:00,23196.575,23216.7,23193.35,23203.75
2025-03-20 14:45:00,23202.475,23214.75,23189.0,23201.0
2025-03-20 15:00:00,23200.125,23207.5,23183.5,23195.2625
2025-03-20 15:15:00,23195.025,23195.025,23162.25,23175.6625
2025-03-21 09:15:00,23174.825,23199.45,23132.8,23173.7375
2025-03-21 09:30:00,23181.35,23276.7,23181.35,23232.3375
2025-03-21 09:45:00,23235.025,23275.2,23235.025,23265.2375
2025-03-21 10:00:00,23268.825,23275.0,23240.95,23259.25
2025-03-21 10:15:00,23260.525,23299.45,23247.9,23276.0
2025-03-21 10:30:00,23278.325,23319.05,23278.325,23304.725
2025-03-21 10:45:00,23303.9,23357.7,23303.9,23328.1625
2025-03-21 11:00:00,23324.4,23356.3,23321.45,23337.4125
2025-03-21 11:15:00,23335.95,23362.4,23326.5,23342.4375
2025-03-21 11:30:00,23340.425,23370.85,23330.65,23346.5625
2025-03-21 11:45:00,23342.375,23355.15,23331.55,23341.5625
2025-03-21 12:00:00,23339.775,23368.9,23339.775,23353.975
2025-03-21 12:15:00,23350.95,23390.25,23350.8,23367.8375
2025-03-21 12:30:00,23365.15,23392.85,23364.75,23379.8125
2025-03-21 12:45:00,23380.825,23402.45,23373.05,23390.725
2025-03-21 13:00:00,23393.7,23402.7,23366.95,23385.1
2025-03-21 13:15:00,23385.375,23386.8,23349.95,23372.3375
2025-03-21 13:30:00,23376.3,23384.55,23313.05,23353.6
2025-03-21 13:45:00,23358.4,23358.4,23277.05,23316.1875
2025-03-21 14:00:00,23326.575,23352.2,23316.8,23330.8875
2025-03-21 14:15:00,23327.275,23379.8,23327.275,23357.1125
2025-03-21 14:30:00,23356.95,23378.95,23343.8,23363.3875
2025-03-21 14:45:00,23365.4,23365.4,23333.7,23344.5875
2025-03-21 15:00:00,23345.85,23360.45,23330.3,23344.975
2025-03-21 15:15:00,23344.575,23373.55,23339.1,23354.275
2025-03-24 09:15:00,23352.225,23519.7,23352.225,23500.1375
2025-03-24 09:30:00,23507.7,23507.7,23433.5,23476.05
2025-03-24 09:45:00,23485.9,23546.25,23471.9,23508.8875
2025-03-24 10:00:00,23508.7,23559.9,23508.7,23545.3375
2025-03-24 10:15:00,23543.475,23567.6,23536.2,23551.7875
2025-03-24 10:30:00,23551.675,23590.4,23551.675,23571.125
2025-03-24 10:45:00,23568.025,23624.95,23568.025,23599.975
2025-03-24 11:00:00,23600.925,23638.9,23595.5,23618.4375
2025-03-24 11:15:00,23619.675,23635.85,23597.7,23619.6875
2025-03-24 11:30:00,23622.6,23643.0,23579.5,23610.7
2025-03-24 11:45:00,23610.15,23621.35,23589.65,23605.575
2025-03-24 12:00:00,23605.65,23630.5,23605.65,23621.8875
2025-03-24 12:15:00,23624.7,23649.4,23624.7,23637.15
2025-03-24 12:30:00,23637.05,23650.4,23628.25,23640.45
2025-03-24 12:45:00,23641.575,23647.05,23613.25,23630.0125
2025-03-24 13:00:00,23629.875,23656.6,23616.1,23637.4375
2025-03-24 13:15:00,23638.525,23666.85,23638.525,23657.7625
2025-03-24 13:30:00,23657.45,23662.65,23648.3,23655.6875
2025-03-24 13:45:00,23655.9,23672.7,23628.55,23655.4875
2025-03-24 14:00:00,23660.35,23691.35,23660.35,23678.0625
2025-03-24 14:15:00,23678.975,23708.75,23678.975,23691.425
2025-03-24 14:30:00,23687.575,23690.35,23664.8,23678.1875
2025-03-24 14:45:00,23678.8,23683.2,23662.55,23671.575
2025-03-24 15:00:00,23670.275,23671.5,23629.9,23656.1625
2025-03-24 15:15:00,23661.625,23681.25,23651.9,23664.8
2025-03-25 09:15:00,23663.025,23766.2,23663.025,23726.525
2025-03-25 09:30:00,23737.5,23797.65,23720.9,23757.075
2025-03-25 09:45:00,23754.875,23869.6,23754.875,23823.725
2025-03-25 10:00:00,23825.8,23865.9,23770.4,23817.775
2025-03-25 10:15:00,23817.4,23826.35,23749.65,23789.5875
2025-03-25 10:30:00,23791.175,23813.75,23705.9,23773.375
2025-03-25 10:45:00,23786.925,23786.925,23656.4,23722.2
2025-03-25 11:00:00,23732.125,23732.125,23672.85,23699.85
2025-03-25 11:15:00,23701.1,23722.65,23646.4,23683.2125
2025-03-25 11:30:00,23681.9,23690.4,23631.5,23656.6375
2025-03-25 11:45:00,23652.325,23710.05,23627.55,23672.3875
2025-03-25 12:00:00,23675.975,23730.0,23675.975,23705.4125
2025-03-25 12:15:00,23702.55,23702.55,23653.65,23681.225
2025-03-25 12:30:00,23687.225,23699.4,23665.55,23685.825
2025-03-25 12:45:00,23689.175,23705.35,23675.4,23690.6125
2025-03-25 13:00:00,23690.85,23695.55,23668.0,23680.9375
2025-03-25 13:15:00,23680.1,23691.45,23644.3,23669.9
2025-03-25 13:30:00,23671.925,23719.05,23665.85,23690.5875
2025-03-25 13:45:00,23688.725,23742.3,23688.725,23722.4875
2025-03-25 14:00:00,23721.95,23744.1,23714.8,23732.0625
2025-03-25 14:15:00,23734.675,23744.6,23701.7,23721.8375
2025-03-25 14:30:00,23720.525,23726.35,23695.55,23704.8625
2025-03-25 14:45:00,23698.775,23710.55,23661.7,23687.7875
2025-03-25 15:00:00,23689.45,23695.8,23664.3,23678.2
2025-03-25 15:15:00,23676.35,23676.35,23601.4,23638.2375
2025-03-26 09:15:00,23638.125,23736.5,23638.125,23700.2
2025-03-26 09:30:00,23700.45,23714.6,23641.4,23675.5
2025-03-26 09:45:00,23673.0,23687.85,23614.7,23655.8
2025-03-26 10:00:00,23660.325,23682.8,23642.1,23669.75
2025-03-26 10:15:00,23677.05,23688.55,23656.65,23671.9375
2025-03-26 10:30:00,23671.275,23720.2,23657.15,23677.6125
2025-03-26 10:45:00,23666.55,23705.75,23666.55,23682.5
2025-03-26 11:00:00,23676.7,23682.0,23629.55,23661.625
2025-03-26 11:15:00,23667.475,23667.475,23640.85,23655.425
2025-03-26 11:30:00,23657.975,23671.9,23631.75,23651.8375
2025-03-26 11:45:00,23651.85,23651.85,23588.8,23614.875
2025-03-26 12:00:00,23614.9,23614.9,23572.0,23593.7375
2025-03-26 12:15:00,23596.55,23608.15,23585.55,23598.9875
2025-03-26 12:30:00,23601.125,23626.45,23597.6,23611.775
2025-03-26 12:45:00,23611.525,23638.05,23609.45,23621.65
2025-03-26 13:00:00,23619.55,23621.1,23550.85,23588.325
2025-03-26 13:15:00,23590.675,23590.675,23533.8,23558.7125
2025-03-26 13:30:00,23562.55,23566.3,23514.65,23539.35
2025-03-26 13:45:00,23538.225,23541.35,23500.6,23522.8625
2025-03-26 14:00:00,23524.75,23562.35,23524.75,23544.125
2025-03-26 14:15:00,23541.475,23562.25,23531.05,23546.55
2025-03-26 14:30:00,23546.45,23546.45,23520.15,23532.7
2025-03-26 14:45:00,23533.775,23536.95,23451.7,23498.5
2025-03-26 15:00:00,23502.675,23512.75,23468.85,23491.025
2025-03-26 15:15:00,23491.25,23501.75,23464.3,23482.9375
2025-03-27 09:15:00,23482.85,23556.55,23412.2,23486.6375
2025-03-27 09:30:00,23488.9,23562.1,23488.9,23542.0
2025-03-27 09:45:00,23549.25,23587.05,23520.6,23562.05
2025-03-27 10:00:00,23570.275,23618.65,23569.85,23593.6625
2025-03-27 10:15:00,23593.075,23620.55,23588.2,23606.525
2025-03-27 10:30:00,23608.675,23626.75,23575.15,23600.7125
2025-03-27 10:45:00,23600.475,23600.475,23559.8,23577.3625
2025-03-27 11:00:00,23579.45,23605.65,23576.2,23590.2375
2025-03-27 11:15:00,23589.55,23613.5,23580.15,23594.2125
2025-03-27 11:30:00,23591.6,23614.3,23580.15,23596.875
2025-03-27 11:45:00,23596.525,23615.25,23596.525,23606.65
2025-03-27 12:00:00,23605.975,23605.975,23581.6,23595.975
2025-03-27 12:15:00,23600.275,23602.95,23583.0,23593.0125
2025-03-27 12:30:00,23593.05,23599.7,23574.85,23590.0375
2025-03-27 12:45:00,23592.8,23606.05,23586.9,23596.9
2025-03-27 13:00:00,23597.325,23607.55,23586.55,23594.7125
2025-03-27 13:15:00,23592.375,23601.45,23581.8,23592.3
2025-03-27 13:30:00,23592.975,23607.6,23592.95,23601.2125
2025-03-27 13:45:00,23602.15,23612.55,23595.95,23604.675
2025-03-27 14:00:00,23605.1,23616.8,23600.55,23607.775
2025-03-27 14:15:00,23606.875,23614.25,23601.05,23607.6125
2025-03-27 14:30:00,23607.575,23607.575,23582.2,23599.0375
2025-03-27 14:45:00,23603.575,23613.75,23597.7,23604.525
2025-03-27 15:00:00,23603.325,23620.4,23572.1,23595.5
2025-03-27 15:15:00,23594.75,23646.45,23576.45,23603.3
2025-03-28 09:15:00,23595.15,23629.7,23553.25,23586.3125
2025-03-28 09:30:00,23581.15,23581.15,23504.95,23540.425
2025-03-28 09:45:00,23539.825,23565.85,23509.7,23538.45
2025-03-28 10:00:00,23539.125,23563.8,23519.5,23540.9375
2025-03-28 10:15:00,23540.225,23561.25,23519.0,23540.9125
2025-03-28 10:30:00,23541.7,23635.3,23541.7,23592.3125
2025-03-28 10:45:00,23586.95,23649.2,23586.95,23625.1625
2025-03-28 11:00:00,23619.3,23631.35,23580.6,23604.2125
2025-03-28 11:15:00,23602.45,23602.45,23563.0,23580.325
2025-03-28 11:30:00,23578.875,23601.25,23568.05,23578.7125
2025-03-28 11:45:00,23572.775,23592.05,23561.7,23577.9625
2025-03-28 12:00:00,23579.05,23604.55,23579.05,23593.2375
2025-03-28 12:15:00,23593.5,23598.15,23529.0,23563.25
2025-03-28 12:30:00,23562.925,23562.925,23483.85,23510.7
2025-03-28 12:45:00,23514.675,23532.6,23491.1,23512.9125
2025-03-28 13:00:00,23513.975,23527.5,23471.1,23506.1875
2025-03-28 13:15:00,23513.075,23513.075,23481.15,23496.7625
2025-03-28 13:30:00,23496.775,23522.5,23485.75,23497.1125
2025-03-28 13:45:00,23490.1,23490.1,23453.65,23475.3625
2025-03-28 14:00:00,23479.275,23505.25,23451.3,23483.1
2025-03-28 14:15:00,23487.925,23574.7,23487.925,23535.4125
2025-03-28 14:30:00,23536.625,23597.1,23536.625,23576.2125
2025-03-28 14:45:00,23583.85,23612.05,23577.55,23593.8375
2025-03-28 15:00:00,23592.875,23592.875,23520.1,23561.525
2025-03-28 15:15:00,23567.4,23567.4,23450.2,23508.725
2025-04-01 09:15:00,23519.7,23519.7,23339.1,23408.275
2025-04-01 09:30:00,23406.275,23565.15,23406.275,23512.225
2025-04-01 09:45:00,23508.275,23553.3,23492.75,23526.3375
2025-04-01 10:00:00,23529.65,23529.65,23448.2,23485.4
2025-04-01 10:15:00,23485.0,23485.0,23296.9,23385.85
2025-04-01 10:30:00,23381.4,23381.4,23276.1,23306.7125
2025-04-01 10:45:00,23313.05,23339.35,23236.45,23284.9
2025-04-01 11:00:00,23281.9,23281.9,23221.15,23236.7375
2025-04-01 11:15:00,23236.225,23258.8,23224.25,23240.725
2025-04-01 11:30:00,23239.925,23249.4,23183.55,23220.4125
2025-04-01 11:45:00,23224.35,23224.35,23182.9,23197.2875
2025-04-01 12:00:00,23198.175,23216.25,23173.1,23198.925
2025-04-01 12:15:00,23203.175,23246.65,23202.0,23217.95
2025-04-01 12:30:00,23211.575,23252.25,23211.575,23227.1125
2025-04-01 12:45:00,23221.2,23233.2,23189.65,23211.25
2025-04-01 13:00:00,23211.075,23211.075,23174.3,23190.225
2025-04-01 13:15:00,23193.525,23195.15,23148.6,23172.6125
2025-04-01 13:30:00,23173.35,23180.5,23136.4,23160.4
2025-04-01 13:45:00,23162.35,23178.35,23150.8,23163.8
2025-04-01 14:00:00,23163.025,23186.8,23150.3,23163.2875
2025-04-01 14:15:00,23158.025,23163.45,23137.45,23154.6875
2025-04-01 14:30:00,23158.925,23171.25,23143.65,23157.775
2025-04-01 14:45:00,23158.1,23174.1,23151.65,23162.1
2025-04-01 15:00:00,23161.325,23180.35,23155.5,23168.05
2025-04-01 15:15:00,23168.175,23182.3,23151.8,23172.175
2025-04-02 09:15:00,23177.3,23251.0,23158.45,23212.1375
2025-04-02 09:30:00,23219.55,23293.65,23219.55,23251.8625
2025-04-02 09:45:00,23240.15,23250.55,23183.25,23227.975
2025-04-02 10:00:00,23239.05,23248.25,23216.45,23237.025
2025-04-02 10:15:00,23241.7,23268.95,23224.6,23249.7625
2025-04-02 10:30:00,23252.75,23285.1,23251.0,23267.1125
2025-04-02 10:45:00,23266.175,23302.15,23264.3,23280.8875
2025-04-02 11:00:00,23278.55,23311.9,23278.55,23292.8375
2025-04-02 11:15:00,23290.325,23292.75,23260.5,23275.9375
2025-04-02 11:30:00,23275.25,23295.3,23246.15,23265.9125
2025-04-02 11:45:00,23261.1,23285.95,23255.0,23263.875
2025-04-02 12:00:00,23257.275,23285.85,23247.5,23267.7375
2025-04-02 12:15:00,23268.8,23300.0,23268.8,23284.7125
2025-04-02 12:30:00,23280.025,23294.95,23269.5,23282.4375
2025-04-02 12:45:00,23282.65,23296.9,23238.95,23267.5125
2025-04-02 13:00:00,23267.1,23292.7,23247.25,23268.8875
2025-04-02 13:15:00,23267.8,23300.45,23267.8,23293.2125
2025-04-02 13:30:00,23293.075,23307.0,23273.85,23288.5125
2025-04-02 13:45:00,23286.6,23290.15,23254.75,23276.8375
2025-04-02 14:00:00,23281.225,23298.9,23273.0,23284.475
2025-04-02 14:15:00,23283.0,23303.55,23276.6,23290.2125
2025-04-02 14:30:00,23290.35,23314.5,23290.35,23305.725
2025-04-02 14:45:00,23305.975,23310.7,23285.25,23303.2625
2025-04-02 15:00:00,23308.55,23350.0,23307.4,23326.0375
2025-04-02 15:15:00,23323.375,23342.0,23323.375,23333.85
2025-04-03 09:15:00,23334.4,23334.4,23145.8,23202.6875
2025-04-03 09:30:00,23200.75,23280.8,23200.75,23247.6625
2025-04-03 09:45:00,23248.225,23252.3,23214.9,23236.3
2025-04-03 10:00:00,23239.0,23282.45,23223.75,23254.6875
2025-04-03 10:15:00,23256.275,23306.5,23253.4,23284.125
2025-04-03 10:30:00,23288.3,23300.95,23279.45,23291.5375
2025-04-03 10:45:00,23292.875,23292.875,23270.0,23284.8
2025-04-03 11:00:00,23289.075,23292.75,23260.1,23280.2875
2025-04-03 11:15:00,23284.15,23284.15,23248.9,23270.0375
2025-04-03 11:30:00,23275.725,23284.2,23265.3,23276.225
2025-04-03 11:45:00,23277.7,23294.75,23277.7,23286.875
2025-04-03 12:00:00,23286.25,23292.4,23272.85,23282.0
2025-04-03 12:15:00,23281.375,23281.375,23256.3,23269.6375
2025-04-03 12:30:00,23271.225,23275.35,23258.35,23264.75
2025-04-03 12:45:00,23262.65,23272.85,23250.6,23263.2625
2025-04-03 13:00:00,23264.8,23271.9,23254.05,23263.6875
2025-04-03 13:15:00,23264.4,23270.35,23254.95,23263.5
2025-04-03 13:30:00,23264.35,23278.4,23262.25,23268.525
2025-04-03 13:45:00,23266.725,23274.85,23257.7,23264.0
2025-04-03 14:00:00,23261.725,23272.8,23253.95,23260.5375
2025-04-03 14:15:00,23257.7,23271.55,23253.55,23259.5875
2025-04-03 14:30:00,23256.625,23263.4,23244.45,23255.2375
2025-04-03 14:45:00,23256.55,23258.55,23243.0,23251.3625
2025-04-03 15:00:00,23251.95,23259.5,23240.8,23251.2125
2025-04-03 15:15:00,23252.275,23255.75,23236.4,23246.7
2025-04-04 09:15:00,23247.325,23247.325,23029.4,23127.6375
2025-04-04 09:30:00,23133.225,23136.95,23048.25,23081.3125
2025-04-04 09:45:00,23070.025,23074.25,22983.0,23028.3
2025-04-04 10:00:00,23027.975,23027.975,22940.95,22970.2875
2025-04-04 10:15:00,22967.0,22979.9,22921.6,22944.1625
2025-04-04 10:30:00,22937.575,22976.65,22924.35,22948.85
2025-04-04 10:45:00,22947.2,22999.15,22947.2,22976.6625
2025-04-04 11:00:00,22979.05,23029.9,22979.05,23006.025
2025-04-04 11:15:00,23005.95,23014.6,22969.9,23000.7625
2025-04-04 11:30:00,23009.275,23026.2,22961.75,22990.7625
2025-04-04 11:45:00,22987.55,22987.55,22951.7,22968.3375
2025-04-04 12:00:00,22971.275,22974.9,22944.75,22964.1125
2025-04-04 12:15:00,22968.4,22991.6,22963.9,22973.2625
2025-04-04 12:30:00,22968.775,22979.5,22944.4,22965.2875
2025-04-04 12:45:00,22968.625,22968.625,22942.7,22959.4375
2025-04-04 13:00:00,22963.375,22974.05,22937.2,22952.9625
2025-04-04 13:15:00,22950.3,22966.75,22934.8,22948.225
2025-04-04 13:30:00,22945.675,22957.7,22894.95,22927.1625
2025-04-04 13:45:00,22928.0,22928.0,22874.4,22895.3875
2025-04-04 14:00:00,22897.875,22913.8,22881.2,22899.7125
2025-04-04 14:15:00,22901.925,22918.8,22886.1,22902.225
2025-04-04 14:30:00,22902.0,22902.0,22867.9,22884.1125
2025-04-04 14:45:00,22883.8,22886.9,22857.45,22870.7375
2025-04-04 15:00:00,22869.3,22921.55,22864.9,22890.5875
2025-04-04 15:15:00,22887.95,22920.6,22887.95,22910.025
2025-04-07 09:15:00,22911.525,22911.525,21743.65,21911.7125
2025-04-07 09:30:00,21900.125,22190.0,21900.125,22057.775
2025-04-07 09:45:00,22032.025,22050.65,21959.75,21999.25
2025-04-07 10:00:00,21993.3,22011.05,21911.05,21950.2
2025-04-07 10:15:00,21939.35,22005.65,21898.3,21956.275
2025-04-07 10:30:00,21960.575,22021.65,21935.75,21992.3375
2025-04-07 10:45:00,22005.975,22082.7,21976.4,22012.9875
2025-04-07 11:00:00,21996.425,22015.9,21980.25,21990.675
2025-04-07 11:15:00,21983.275,22009.4,21949.3,21988.4
2025-04-07 11:30:00,21997.45,22069.5,21987.05,22016.3625
2025-04-07 11:45:00,22004.45,22004.85,21948.85,21980.05
2025-04-07 12:00:00,21983.25,21983.25,21886.15,21927.55
2025-04-07 12:15:00,21928.175,21928.175,21839.4,21868.1625
2025-04-07 12:30:00,21868.15,21898.9,21796.9,21859.525
2025-04-07 12:45:00,21871.15,21943.25,21859.9,21890.7875
2025-04-07 13:00:00,21880.0,21886.85,21841.65,21863.475
2025-04-07 13:15:00,21862.7,21918.85,21814.35,21873.0375
2025-04-07 13:30:00,21879.475,21991.2,21879.475,21938.0625
2025-04-07 13:45:00,21937.925,22037.8,21937.925,21991.7
2025-04-07 14:00:00,21981.875,22033.3,21964.85,21995.0875
2025-04-07 14:15:00,21991.1,22036.55,21973.4,22007.35
2025-04-07 14:30:00,22009.725,22080.85,21996.5,22024.425
2025-04-07 14:45:00,22010.175,22070.95,22001.25,22029.9875
2025-04-07 15:00:00,22023.875,22210.85,22023.875,22120.65
2025-04-07 15:15:00,22115.425,22254.0,22115.425,22202.7375
